{"@type":"Flow","@id":"0000096e-17d4-412d-9154-a296e0bab3c6","name":"Controlled Combustion（wood）","description":"","category":"MSW/wood","version":"00.00.006","lastChange":"2024-02-22T06:16:06.243Z","flowType":"WASTE_FLOW","isInfrastructureFlow":false,"flowProperties":[{"@type":"FlowPropertyFactor","isRefFlowProperty":true,"flowProperty":{"@type":"FlowProperty","@id":"93a60a56-a3c8-11da-a746-0800200b9a66","name":"Mass","category":"Technical flow properties","refUnit":"kg"},"conversionFactor":1.0}]}