{"@type":"Flow","@id":"0017271e-7df5-40bc-833a-36110c1fe5d5","name":"Nitrite","description":"EcoSpold 2 elementary exchange, ID \u003d 0017271e-7df5-40bc-833a-36110c1fe5d5","category":"Elementary flows/Emission to water/surface water","version":"00.00.000","flowType":"ELEMENTARY_FLOW","isInfrastructureFlow":false,"flowProperties":[{"@type":"FlowPropertyFactor","isRefFlowProperty":true,"flowProperty":{"@type":"FlowProperty","@id":"93a60a56-a3c8-11da-a746-0800200b9a66","name":"Mass","category":"Technical flow properties","refUnit":"kg"},"conversionFactor":1.0}]}