{"@type":"Flow","@id":"01056d4b-f9b0-4dfc-b8d9-8407c8376efb","name":"Aluminium III","description":"EcoSpold 2 elementary exchange, ID \u003d 01056d4b-f9b0-4dfc-b8d9-8407c8376efb","category":"Elementary flows/Emission to water/ground water, long-term","version":"00.00.000","flowType":"ELEMENTARY_FLOW","isInfrastructureFlow":false,"flowProperties":[{"@type":"FlowPropertyFactor","isRefFlowProperty":true,"flowProperty":{"@type":"FlowProperty","@id":"93a60a56-a3c8-11da-a746-0800200b9a66","name":"Mass","category":"Technical flow properties","refUnit":"kg"},"conversionFactor":1.0}]}