{"@type":"Flow","@id":"102d2161-b570-42cd-b646-1c44e47d23c5","name":"glass fibre","description":"EcoSpold 2 intermediate exchange, ID \u003d 102d2161-b570-42cd-b646-1c44e47d23c5","category":"C:Manufacturing/23:Manufacture of other non-metallic mineral products/231:Manufacture of glass and glass products/2310:Manufacture of glass and glass products","version":"00.00.003","lastChange":"2022-12-15T18:23:24.362Z","flowType":"PRODUCT_FLOW","isInfrastructureFlow":false,"flowProperties":[{"@type":"FlowPropertyFactor","isRefFlowProperty":true,"flowProperty":{"@type":"FlowProperty","@id":"93a60a56-a3c8-11da-a746-0800200b9a66","name":"Mass","category":"Technical flow properties","refUnit":"kg"},"conversionFactor":1.0}]}