{"@type":"Flow","@id":"198f9bb6-4268-4609-b85f-3f90f0d26d6d","name":"paper, woodfree, uncoated","description":"EcoSpold 2 intermediate exchange, ID \u003d 198f9bb6-4268-4609-b85f-3f90f0d26d6d","category":"C:Manufacturing/17:Manufacture of paper and paper products/170:Manufacture of paper and paper products/1701:Manufacture of pulp, paper and paperboard","version":"00.00.003","lastChange":"2022-12-15T18:23:23.427Z","flowType":"PRODUCT_FLOW","isInfrastructureFlow":false,"flowProperties":[{"@type":"FlowPropertyFactor","isRefFlowProperty":true,"flowProperty":{"@type":"FlowProperty","@id":"93a60a56-a3c8-11da-a746-0800200b9a66","name":"Mass","category":"Technical flow properties","refUnit":"kg"},"conversionFactor":1.0}]}