{"@type":"Flow","@id":"1bb6a502-3ff9-4a79-835c-5588b855f1f5","name":"Benzene","description":"EcoSpold 2 elementary exchange, ID \u003d 1bb6a502-3ff9-4a79-835c-5588b855f1f5","category":"Elementary flows/Emission to air/high population density","version":"00.00.000","flowType":"ELEMENTARY_FLOW","isInfrastructureFlow":false,"flowProperties":[{"@type":"FlowPropertyFactor","isRefFlowProperty":true,"flowProperty":{"@type":"FlowProperty","@id":"93a60a56-a3c8-11da-a746-0800200b9a66","name":"Mass","category":"Technical flow properties","refUnit":"kg"},"conversionFactor":1.0}]}