{"@type":"Flow","@id":"2a46e7f4-c66c-43e5-8a8a-d119c4098aff","name":"Titanium ion","description":"EcoSpold 2 elementary exchange, ID \u003d 2a46e7f4-c66c-43e5-8a8a-d119c4098aff","category":"Elementary flows/Emission to water/ground water, long-term","version":"00.00.000","flowType":"ELEMENTARY_FLOW","isInfrastructureFlow":false,"flowProperties":[{"@type":"FlowPropertyFactor","isRefFlowProperty":true,"flowProperty":{"@type":"FlowProperty","@id":"93a60a56-a3c8-11da-a746-0800200b9a66","name":"Mass","category":"Technical flow properties","refUnit":"kg"},"conversionFactor":1.0}]}