{"@type":"Flow","@id":"350765c0-a00b-41ef-b824-c603077e82d2","name":"road","description":"EcoSpold 2 intermediate exchange, ID \u003d 350765c0-a00b-41ef-b824-c603077e82d2","category":"F:Construction/42:Civil engineering/421:Construction of roads and railways/4210:Construction of roads and railways","version":"00.00.003","lastChange":"2022-12-15T18:23:28.572Z","flowType":"PRODUCT_FLOW","isInfrastructureFlow":false,"flowProperties":[{"@type":"FlowPropertyFactor","isRefFlowProperty":true,"flowProperty":{"@type":"FlowProperty","@id":"b7ffb330-95a8-4815-a78c-47fcdee3b768","name":"Length*time","category":"Technical flow properties","refUnit":"m*a"},"conversionFactor":1.0}]}