{"@type":"Flow","@id":"37d35fd0-7f07-4b9b-92eb-de3c27050172","name":"Sulfate","description":"EcoSpold 2 elementary exchange, ID \u003d 37d35fd0-7f07-4b9b-92eb-de3c27050172","category":"Elementary flows/Emission to water/surface water","version":"00.00.000","flowType":"ELEMENTARY_FLOW","isInfrastructureFlow":false,"flowProperties":[{"@type":"FlowPropertyFactor","isRefFlowProperty":true,"flowProperty":{"@type":"FlowProperty","@id":"93a60a56-a3c8-11da-a746-0800200b9a66","name":"Mass","category":"Technical flow properties","refUnit":"kg"},"conversionFactor":1.0}]}