{"@type":"Flow","@id":"3ab60559-40d3-42e4-9cac-476a519098fa","name":"hydrochloric acid, without water, in 30% solution state","description":"EcoSpold 2 intermediate exchange, ID \u003d 3ab60559-40d3-42e4-9cac-476a519098fa","category":"C:Manufacturing/24:Manufacture of basic metals/242:Manufacture of basic precious and other non-ferrous metals/2420:Manufacture of basic precious and other non-ferrous metals","version":"00.00.003","lastChange":"2022-12-15T18:23:24.574Z","flowType":"PRODUCT_FLOW","isInfrastructureFlow":false,"flowProperties":[{"@type":"FlowPropertyFactor","isRefFlowProperty":true,"flowProperty":{"@type":"FlowProperty","@id":"93a60a56-a3c8-11da-a746-0800200b9a66","name":"Mass","category":"Technical flow properties","refUnit":"kg"},"conversionFactor":1.0}]}