{"@type":"Flow","@id":"3e419ebc-c0f1-4f85-a544-cf3460a680b6","name":"Boron","description":"EcoSpold 2 elementary exchange, ID \u003d 3e419ebc-c0f1-4f85-a544-cf3460a680b6","category":"Elementary flows/Emission to air/high population density","version":"00.00.000","flowType":"ELEMENTARY_FLOW","isInfrastructureFlow":false,"flowProperties":[{"@type":"FlowPropertyFactor","isRefFlowProperty":true,"flowProperty":{"@type":"FlowProperty","@id":"93a60a56-a3c8-11da-a746-0800200b9a66","name":"Mass","category":"Technical flow properties","refUnit":"kg"},"conversionFactor":1.0}]}