{"@type":"Flow","@id":"406ae9de-8894-4c8b-a601-40b7e849b66d","name":"extrusion, plastic pipes","description":"EcoSpold 2 intermediate exchange, ID \u003d 406ae9de-8894-4c8b-a601-40b7e849b66d","category":"C:Manufacturing/22:Manufacture of rubber and plastics products/222:Manufacture of plastics products/2220:Manufacture of plastics products","version":"00.00.003","lastChange":"2022-12-15T18:23:24.335Z","flowType":"PRODUCT_FLOW","isInfrastructureFlow":false,"flowProperties":[{"@type":"FlowPropertyFactor","isRefFlowProperty":true,"flowProperty":{"@type":"FlowProperty","@id":"93a60a56-a3c8-11da-a746-0800200b9a66","name":"Mass","category":"Technical flow properties","refUnit":"kg"},"conversionFactor":1.0}]}