{"@type":"Flow","@id":"454c61fd-c52b-4a04-9731-f141bb7b5264","name":"Selenium IV","description":"EcoSpold 2 elementary exchange, ID \u003d 454c61fd-c52b-4a04-9731-f141bb7b5264","category":"Elementary flows/Emission to air/unspecified","version":"00.00.000","flowType":"ELEMENTARY_FLOW","isInfrastructureFlow":false,"flowProperties":[{"@type":"FlowPropertyFactor","isRefFlowProperty":true,"flowProperty":{"@type":"FlowProperty","@id":"93a60a56-a3c8-11da-a746-0800200b9a66","name":"Mass","category":"Technical flow properties","refUnit":"kg"},"conversionFactor":1.0}]}