{"@type":"Flow","@id":"45fbbc41-7ae9-46cc-bb31-abfa11e69de0","name":"heat, for reuse in municipal waste incineration only","description":"EcoSpold 2 intermediate exchange, ID \u003d 45fbbc41-7ae9-46cc-bb31-abfa11e69de0","category":"E:Water supply; sewerage, waste management and remediation activities/38:Waste collection, treatment and disposal activities; materials recovery/382:Waste treatment and disposal/3821:Treatment and disposal of non-hazardous waste","version":"00.00.003","lastChange":"2022-12-15T18:23:27.055Z","flowType":"PRODUCT_FLOW","isInfrastructureFlow":false,"flowProperties":[{"@type":"FlowPropertyFactor","isRefFlowProperty":true,"flowProperty":{"@type":"FlowProperty","@id":"f6811440-ee37-11de-8a39-0800200c9a66","name":"Energy","category":"Technical flow properties","refUnit":"MJ"},"conversionFactor":1.0}]}