{"@type":"Flow","@id":"4624deff-2016-41d4-b2bf-3db8dab88779","name":"Transformation, to industrial area","description":"EcoSpold 2 elementary exchange, ID \u003d 4624deff-2016-41d4-b2bf-3db8dab88779","category":"Elementary flows/Resource/land","version":"00.00.000","flowType":"ELEMENTARY_FLOW","isInfrastructureFlow":false,"flowProperties":[{"@type":"FlowPropertyFactor","isRefFlowProperty":true,"flowProperty":{"@type":"FlowProperty","@id":"93a60a56-a3c8-19da-a746-0800200c9a66","name":"Area","category":"Technical flow properties","refUnit":"m2"},"conversionFactor":1.0}]}