{"@type":"Flow","@id":"481c0dd4-3ab2-47b5-94c4-b990e8a9dde5","name":"Vanadium V","description":"EcoSpold 2 elementary exchange, ID \u003d 481c0dd4-3ab2-47b5-94c4-b990e8a9dde5","category":"Elementary flows/Emission to air/low population density","version":"00.00.000","flowType":"ELEMENTARY_FLOW","isInfrastructureFlow":false,"flowProperties":[{"@type":"FlowPropertyFactor","isRefFlowProperty":true,"flowProperty":{"@type":"FlowProperty","@id":"93a60a56-a3c8-11da-a746-0800200b9a66","name":"Mass","category":"Technical flow properties","refUnit":"kg"},"conversionFactor":1.0}]}