{"@type":"Flow","@id":"5ce378a0-b48d-471c-977d-79681521efde","name":"Zinc II","description":"EcoSpold 2 elementary exchange, ID \u003d 5ce378a0-b48d-471c-977d-79681521efde","category":"Elementary flows/Emission to air/unspecified","version":"00.00.000","flowType":"ELEMENTARY_FLOW","isInfrastructureFlow":false,"flowProperties":[{"@type":"FlowPropertyFactor","isRefFlowProperty":true,"flowProperty":{"@type":"FlowProperty","@id":"93a60a56-a3c8-11da-a746-0800200b9a66","name":"Mass","category":"Technical flow properties","refUnit":"kg"},"conversionFactor":1.0}]}