{"@type":"Flow","@id":"5e91f560-9daa-4679-9c04-1de32bc92626","name":"compost","description":"","category":"MSW/recycled products","version":"00.00.000","lastChange":"2024-02-24T13:45:33.720Z","flowType":"ELEMENTARY_FLOW","isInfrastructureFlow":false,"flowProperties":[{"@type":"FlowPropertyFactor","isRefFlowProperty":true,"flowProperty":{"@type":"FlowProperty","@id":"93a60a56-a3c8-11da-a746-0800200b9a66","name":"Mass","category":"Technical flow properties","refUnit":"kg"},"conversionFactor":1.0}]}