{"@type":"Flow","@id":"60a6702f-20ad-444f-a6df-f6374f1e3183","name":"Tin ion","description":"EcoSpold 2 elementary exchange, ID \u003d 60a6702f-20ad-444f-a6df-f6374f1e3183","category":"Elementary flows/Emission to water/ground water, long-term","version":"00.00.000","flowType":"ELEMENTARY_FLOW","isInfrastructureFlow":false,"flowProperties":[{"@type":"FlowPropertyFactor","isRefFlowProperty":true,"flowProperty":{"@type":"FlowProperty","@id":"93a60a56-a3c8-11da-a746-0800200b9a66","name":"Mass","category":"Technical flow properties","refUnit":"kg"},"conversionFactor":1.0}]}