{"@type":"Flow","@id":"6ab2abde-801d-45a3-8ea3-455d0f01c3f4","name":"water, decarbonised","description":"EcoSpold 2 intermediate exchange, ID \u003d 6ab2abde-801d-45a3-8ea3-455d0f01c3f4","category":"E:Water supply; sewerage, waste management and remediation activities/36:Water collection, treatment and supply/360:Water collection, treatment and supply/3600:Water collection, treatment and supply","version":"00.00.003","lastChange":"2022-12-15T18:23:26.991Z","flowType":"PRODUCT_FLOW","isInfrastructureFlow":false,"flowProperties":[{"@type":"FlowPropertyFactor","isRefFlowProperty":true,"flowProperty":{"@type":"FlowProperty","@id":"93a60a56-a3c8-11da-a746-0800200b9a66","name":"Mass","category":"Technical flow properties","refUnit":"kg"},"conversionFactor":1.0}]}