{"@type":"Flow","@id":"725c7923-0ed8-43e5-b485-fad7e34bef08","name":"DOC, Dissolved Organic Carbon","description":"EcoSpold 2 elementary exchange, ID \u003d 725c7923-0ed8-43e5-b485-fad7e34bef08","category":"Elementary flows/Emission to water/ground water, long-term","version":"00.00.000","flowType":"ELEMENTARY_FLOW","isInfrastructureFlow":false,"flowProperties":[{"@type":"FlowPropertyFactor","isRefFlowProperty":true,"flowProperty":{"@type":"FlowProperty","@id":"93a60a56-a3c8-11da-a746-0800200b9a66","name":"Mass","category":"Technical flow properties","refUnit":"kg"},"conversionFactor":1.0}]}