{"@type":"Flow","@id":"751b5ee2-aa63-456c-8d7d-1af517fb7032","name":"stone wool, packed","description":"EcoSpold 2 intermediate exchange, ID \u003d 751b5ee2-aa63-456c-8d7d-1af517fb7032","category":"C:Manufacturing/23:Manufacture of other non-metallic mineral products/239:Manufacture of non-metallic mineral products n.e.c./2399:Manufacture of other non-metallic mineral products n.e.c.","version":"00.00.003","lastChange":"2022-12-15T18:23:24.508Z","flowType":"PRODUCT_FLOW","isInfrastructureFlow":false,"flowProperties":[{"@type":"FlowPropertyFactor","isRefFlowProperty":true,"flowProperty":{"@type":"FlowProperty","@id":"93a60a56-a3c8-11da-a746-0800200b9a66","name":"Mass","category":"Technical flow properties","refUnit":"kg"},"conversionFactor":1.0}]}