{"@type":"Flow","@id":"8734eb08-50cf-4f5a-8d1a-db76d38efe3c","name":"TOC, Total Organic Carbon","description":"EcoSpold 2 elementary exchange, ID \u003d 8734eb08-50cf-4f5a-8d1a-db76d38efe3c","category":"Elementary flows/Emission to water/ground water, long-term","version":"00.00.000","flowType":"ELEMENTARY_FLOW","isInfrastructureFlow":false,"flowProperties":[{"@type":"FlowPropertyFactor","isRefFlowProperty":true,"flowProperty":{"@type":"FlowProperty","@id":"93a60a56-a3c8-11da-a746-0800200b9a66","name":"Mass","category":"Technical flow properties","refUnit":"kg"},"conversionFactor":1.0}]}