{"@type":"Flow","@id":"8c8ffaa5-84ed-4668-ba7d-80fd0f47013f","name":"Arsenic ion","description":"EcoSpold 2 elementary exchange, ID \u003d 8c8ffaa5-84ed-4668-ba7d-80fd0f47013f","category":"Elementary flows/Emission to water/surface water","version":"00.00.000","flowType":"ELEMENTARY_FLOW","isInfrastructureFlow":false,"flowProperties":[{"@type":"FlowPropertyFactor","isRefFlowProperty":true,"flowProperty":{"@type":"FlowProperty","@id":"93a60a56-a3c8-11da-a746-0800200b9a66","name":"Mass","category":"Technical flow properties","refUnit":"kg"},"conversionFactor":1.0}]}