{"@type":"Flow","@id":"8cb650d5-8a48-4719-81b1-2080b3b4387f","name":"steel, low-alloyed, hot rolled","description":"EcoSpold 2 intermediate exchange, ID \u003d 8cb650d5-8a48-4719-81b1-2080b3b4387f","category":"C:Manufacturing/24:Manufacture of basic metals/241:Manufacture of basic iron and steel/2410:Manufacture of basic iron and steel","version":"00.00.003","lastChange":"2022-12-15T18:23:24.548Z","flowType":"PRODUCT_FLOW","isInfrastructureFlow":false,"flowProperties":[{"@type":"FlowPropertyFactor","isRefFlowProperty":true,"flowProperty":{"@type":"FlowProperty","@id":"93a60a56-a3c8-11da-a746-0800200b9a66","name":"Mass","category":"Technical flow properties","refUnit":"kg"},"conversionFactor":1.0}]}