{"@type":"Flow","@id":"8ce3ff02-7a1e-48e3-881e-3248b944f28a","name":"Iron","description":"EcoSpold 2 elementary exchange, ID \u003d 8ce3ff02-7a1e-48e3-881e-3248b944f28a","category":"Elementary flows/Resource/in ground","version":"00.00.000","flowType":"ELEMENTARY_FLOW","isInfrastructureFlow":false,"flowProperties":[{"@type":"FlowPropertyFactor","isRefFlowProperty":true,"flowProperty":{"@type":"FlowProperty","@id":"93a60a56-a3c8-11da-a746-0800200b9a66","name":"Mass","category":"Technical flow properties","refUnit":"kg"},"conversionFactor":1.0}]}