{"@type":"Flow","@id":"960c0f37-f34c-4fc1-b77c-22d8b35fd8d5","name":"DOC, Dissolved Organic Carbon","description":"EcoSpold 2 elementary exchange, ID \u003d 960c0f37-f34c-4fc1-b77c-22d8b35fd8d5","category":"Elementary flows/Emission to water/surface water","version":"00.00.000","flowType":"ELEMENTARY_FLOW","isInfrastructureFlow":false,"flowProperties":[{"@type":"FlowPropertyFactor","isRefFlowProperty":true,"flowProperty":{"@type":"FlowProperty","@id":"93a60a56-a3c8-11da-a746-0800200b9a66","name":"Mass","category":"Technical flow properties","refUnit":"kg"},"conversionFactor":1.0}]}