{"@type":"Flow","@id":"a0e53510-b90b-43ba-80cc-7600f5da004f","name":"municipal waste incineration facility","description":"EcoSpold 2 intermediate exchange, ID \u003d a0e53510-b90b-43ba-80cc-7600f5da004f","category":"F:Construction/42:Civil engineering/429:Construction of other civil engineering projects/4290:Construction of other civil engineering projects","version":"00.00.003","lastChange":"2022-12-15T18:23:28.755Z","flowType":"PRODUCT_FLOW","isInfrastructureFlow":false,"flowProperties":[{"@type":"FlowPropertyFactor","isRefFlowProperty":true,"flowProperty":{"@type":"FlowProperty","@id":"01846770-4cfe-4a25-8ad9-919d8d378345","name":"Number of items","category":"Technical flow properties","refUnit":"Item(s)"},"conversionFactor":1.0}]}