{"@type":"Flow","@id":"a42347d2-09f1-405e-95dd-bf6ac03765d8","name":"Transformation, to traffic area, road network","description":"EcoSpold 2 elementary exchange, ID \u003d a42347d2-09f1-405e-95dd-bf6ac03765d8","category":"Elementary flows/Resource/land","version":"00.00.000","flowType":"ELEMENTARY_FLOW","isInfrastructureFlow":false,"flowProperties":[{"@type":"FlowPropertyFactor","isRefFlowProperty":true,"flowProperty":{"@type":"FlowProperty","@id":"93a60a56-a3c8-19da-a746-0800200c9a66","name":"Area","category":"Technical flow properties","refUnit":"m2"},"conversionFactor":1.0}]}