{"@type":"Flow","@id":"a703733d-fabc-487b-826a-06c11ac4c0c6","name":"Nitrogen, organic bound","description":"EcoSpold 2 elementary exchange, ID \u003d a703733d-fabc-487b-826a-06c11ac4c0c6","category":"Elementary flows/Emission to water/unspecified","version":"00.00.000","flowType":"ELEMENTARY_FLOW","isInfrastructureFlow":false,"flowProperties":[{"@type":"FlowPropertyFactor","isRefFlowProperty":true,"flowProperty":{"@type":"FlowProperty","@id":"93a60a56-a3c8-11da-a746-0800200b9a66","name":"Mass","category":"Technical flow properties","refUnit":"kg"},"conversionFactor":1.0}]}