{"@type":"Flow","@id":"a850e6de-a007-432f-be7f-ce6e2cf1f2ae","name":"Mercury II","description":"EcoSpold 2 elementary exchange, ID \u003d a850e6de-a007-432f-be7f-ce6e2cf1f2ae","category":"Elementary flows/Emission to air/high population density","version":"00.00.000","flowType":"ELEMENTARY_FLOW","isInfrastructureFlow":false,"flowProperties":[{"@type":"FlowPropertyFactor","isRefFlowProperty":true,"flowProperty":{"@type":"FlowProperty","@id":"93a60a56-a3c8-11da-a746-0800200b9a66","name":"Mass","category":"Technical flow properties","refUnit":"kg"},"conversionFactor":1.0}]}