{"@type":"Flow","@id":"ac066c02-b403-407b-a1f0-b29ad0f8188f","name":"Calcium II","description":"EcoSpold 2 elementary exchange, ID \u003d ac066c02-b403-407b-a1f0-b29ad0f8188f","category":"Elementary flows/Emission to water/surface water","version":"00.00.000","flowType":"ELEMENTARY_FLOW","isInfrastructureFlow":false,"flowProperties":[{"@type":"FlowPropertyFactor","isRefFlowProperty":true,"flowProperty":{"@type":"FlowProperty","@id":"93a60a56-a3c8-11da-a746-0800200b9a66","name":"Mass","category":"Technical flow properties","refUnit":"kg"},"conversionFactor":1.0}]}