{"@type":"Flow","@id":"b3ebdcc3-c588-4997-95d2-9785b26b34e1","name":"Lead II","description":"EcoSpold 2 elementary exchange, ID \u003d b3ebdcc3-c588-4997-95d2-9785b26b34e1","category":"Elementary flows/Emission to water/surface water","version":"00.00.000","flowType":"ELEMENTARY_FLOW","isInfrastructureFlow":false,"flowProperties":[{"@type":"FlowPropertyFactor","isRefFlowProperty":true,"flowProperty":{"@type":"FlowProperty","@id":"93a60a56-a3c8-11da-a746-0800200b9a66","name":"Mass","category":"Technical flow properties","refUnit":"kg"},"conversionFactor":1.0}]}