{"@type":"Flow","@id":"b93fc4df-91b2-4ac4-a315-89147515ddfb","name":"Potassium I","description":"EcoSpold 2 elementary exchange, ID \u003d b93fc4df-91b2-4ac4-a315-89147515ddfb","category":"Elementary flows/Emission to water/ground water, long-term","version":"00.00.000","flowType":"ELEMENTARY_FLOW","isInfrastructureFlow":false,"flowProperties":[{"@type":"FlowPropertyFactor","isRefFlowProperty":true,"flowProperty":{"@type":"FlowProperty","@id":"93a60a56-a3c8-11da-a746-0800200b9a66","name":"Mass","category":"Technical flow properties","refUnit":"kg"},"conversionFactor":1.0}]}