{"@type":"Flow","@id":"ba2f3f82-c93a-47a5-822a-37ec97495275","name":"Carbon monoxide, fossil","description":"EcoSpold 2 elementary exchange, ID \u003d ba2f3f82-c93a-47a5-822a-37ec97495275","category":"Elementary flows/Emission to air/unspecified","version":"00.00.000","flowType":"ELEMENTARY_FLOW","isInfrastructureFlow":false,"flowProperties":[{"@type":"FlowPropertyFactor","isRefFlowProperty":true,"flowProperty":{"@type":"FlowProperty","@id":"93a60a56-a3c8-11da-a746-0800200b9a66","name":"Mass","category":"Technical flow properties","refUnit":"kg"},"conversionFactor":1.0}]}