{"@type":"Flow","@id":"c199261c-8234-43c5-b906-5b67707e4395","name":"Occupation, shrub land, sclerophyllous","description":"EcoSpold 2 elementary exchange, ID \u003d c199261c-8234-43c5-b906-5b67707e4395","category":"Elementary flows/Resource/land","version":"00.00.000","flowType":"ELEMENTARY_FLOW","isInfrastructureFlow":false,"flowProperties":[{"@type":"FlowPropertyFactor","isRefFlowProperty":true,"flowProperty":{"@type":"FlowProperty","@id":"93a60a56-a3c8-21da-a746-0800200c9a66","name":"Area*time","category":"Technical flow properties","refUnit":"m2*a"},"conversionFactor":1.0}]}