{"@type":"Flow","@id":"cfbce515-3f54-4411-ad9d-3d26b7faa15a","name":"transport, freight, lorry, unspecified","description":"EcoSpold 2 intermediate exchange, ID \u003d cfbce515-3f54-4411-ad9d-3d26b7faa15a","category":"H:Transportation and storage/49:Land transport and transport via pipelines/492:Other land transport/4923:Freight transport by road","version":"00.00.003","lastChange":"2022-12-15T18:23:29.456Z","flowType":"PRODUCT_FLOW","isInfrastructureFlow":false,"flowProperties":[{"@type":"FlowPropertyFactor","isRefFlowProperty":true,"flowProperty":{"@type":"FlowProperty","@id":"838aaa20-0117-11db-92e3-0800200c9a66","name":"Goods transport (mass*distance)","category":"Technical flow properties","refUnit":"t*km"},"conversionFactor":1.0}]}