{"@type":"Flow","@id":"d332bded-de78-4c53-bf38-ea9079690286","name":"Controlled Combustion（plastic）","description":"","category":"MSW/plastic","version":"00.00.004","lastChange":"2024-02-21T12:48:20.726Z","flowType":"WASTE_FLOW","isInfrastructureFlow":false,"flowProperties":[{"@type":"FlowPropertyFactor","isRefFlowProperty":true,"flowProperty":{"@type":"FlowProperty","@id":"93a60a56-a3c8-11da-a746-0800200b9a66","name":"Mass","category":"Technical flow properties","refUnit":"kg"},"conversionFactor":1.0}]}