{"@type":"Flow","@id":"dca43ede-b779-47a7-b2e7-cb4e7b12c3da","name":"Heat, waste","description":"EcoSpold 2 elementary exchange, ID \u003d dca43ede-b779-47a7-b2e7-cb4e7b12c3da","category":"Elementary flows/Emission to water/ground water, long-term","version":"00.00.000","flowType":"ELEMENTARY_FLOW","isInfrastructureFlow":false,"flowProperties":[{"@type":"FlowPropertyFactor","isRefFlowProperty":true,"flowProperty":{"@type":"FlowProperty","@id":"f6811440-ee37-11de-8a39-0800200c9a66","name":"Energy","category":"Technical flow properties","refUnit":"MJ"},"conversionFactor":1.0}]}