{"@type":"Flow","@id":"e2d58f90-9aac-4ac4-87f7-bbd6cfc358e3","name":"Cadmium II","description":"EcoSpold 2 elementary exchange, ID \u003d e2d58f90-9aac-4ac4-87f7-bbd6cfc358e3","category":"Elementary flows/Emission to air/low population density","version":"00.00.000","flowType":"ELEMENTARY_FLOW","isInfrastructureFlow":false,"flowProperties":[{"@type":"FlowPropertyFactor","isRefFlowProperty":true,"flowProperty":{"@type":"FlowProperty","@id":"93a60a56-a3c8-11da-a746-0800200b9a66","name":"Mass","category":"Technical flow properties","refUnit":"kg"},"conversionFactor":1.0}]}