{"@type":"Flow","@id":"e6551223-73b6-4289-b841-c5cdeb25abd9","name":"Selenium IV","description":"EcoSpold 2 elementary exchange, ID \u003d e6551223-73b6-4289-b841-c5cdeb25abd9","category":"Elementary flows/Emission to air/low population density","version":"00.00.000","flowType":"ELEMENTARY_FLOW","isInfrastructureFlow":false,"flowProperties":[{"@type":"FlowPropertyFactor","isRefFlowProperty":true,"flowProperty":{"@type":"FlowProperty","@id":"93a60a56-a3c8-11da-a746-0800200b9a66","name":"Mass","category":"Technical flow properties","refUnit":"kg"},"conversionFactor":1.0}]}