{"@type":"Flow","@id":"e8a51ec1-60cb-4ead-a948-ad1142c61918","name":"wastewater, average","description":"EcoSpold 2 intermediate exchange, ID \u003d e8a51ec1-60cb-4ead-a948-ad1142c61918","category":"E:Water supply; sewerage, waste management and remediation activities/37:Sewerage/370:Sewerage/3700:Sewerage","version":"00.00.003","lastChange":"2022-12-15T18:23:26.999Z","flowType":"WASTE_FLOW","isInfrastructureFlow":false,"flowProperties":[{"@type":"FlowPropertyFactor","isRefFlowProperty":true,"flowProperty":{"@type":"FlowProperty","@id":"93a60a56-a3c8-22da-a746-0800200c9a66","name":"Volume","category":"Technical flow properties","refUnit":"m3"},"conversionFactor":1.0}]}