{"@type":"Flow","@id":"ec23da1b-e5fa-4f01-bd2c-3233fece2175","name":"cement, unspecified","description":"EcoSpold 2 intermediate exchange, ID \u003d ec23da1b-e5fa-4f01-bd2c-3233fece2175","category":"C:Manufacturing/23:Manufacture of other non-metallic mineral products/239:Manufacture of non-metallic mineral products n.e.c./2394:Manufacture of cement, lime and plaster","version":"00.00.003","lastChange":"2022-12-15T18:23:24.398Z","flowType":"PRODUCT_FLOW","isInfrastructureFlow":false,"flowProperties":[{"@type":"FlowPropertyFactor","isRefFlowProperty":true,"flowProperty":{"@type":"FlowProperty","@id":"93a60a56-a3c8-11da-a746-0800200b9a66","name":"Mass","category":"Technical flow properties","refUnit":"kg"},"conversionFactor":1.0}]}