{"@type":"Flow","@id":"f4d0a2c8-efef-4188-85da-5801097389a2","name":"Arsenic ion","description":"EcoSpold 2 elementary exchange, ID \u003d f4d0a2c8-efef-4188-85da-5801097389a2","category":"Elementary flows/Emission to air/high population density","version":"00.00.000","flowType":"ELEMENTARY_FLOW","isInfrastructureFlow":false,"flowProperties":[{"@type":"FlowPropertyFactor","isRefFlowProperty":true,"flowProperty":{"@type":"FlowProperty","@id":"93a60a56-a3c8-11da-a746-0800200b9a66","name":"Mass","category":"Technical flow properties","refUnit":"kg"},"conversionFactor":1.0}]}