{"@type":"Flow","@id":"fbcb9c7a-eea7-4694-ba6c-568e01d28883","name":"Lead","description":"EcoSpold 2 elementary exchange, ID \u003d fbcb9c7a-eea7-4694-ba6c-568e01d28883","category":"Elementary flows/Resource/in ground","version":"00.00.000","flowType":"ELEMENTARY_FLOW","isInfrastructureFlow":false,"flowProperties":[{"@type":"FlowPropertyFactor","isRefFlowProperty":true,"flowProperty":{"@type":"FlowProperty","@id":"93a60a56-a3c8-11da-a746-0800200b9a66","name":"Mass","category":"Technical flow properties","refUnit":"kg"},"conversionFactor":1.0}]}