{"@type":"Flow","@id":"fc2371dc-5bff-41f6-a155-697fbf727b56","name":"Silicon","description":"EcoSpold 2 elementary exchange, ID \u003d fc2371dc-5bff-41f6-a155-697fbf727b56","category":"Elementary flows/Emission to water/surface water","version":"00.00.000","flowType":"ELEMENTARY_FLOW","isInfrastructureFlow":false,"flowProperties":[{"@type":"FlowPropertyFactor","isRefFlowProperty":true,"flowProperty":{"@type":"FlowProperty","@id":"93a60a56-a3c8-11da-a746-0800200b9a66","name":"Mass","category":"Technical flow properties","refUnit":"kg"},"conversionFactor":1.0}]}