{"@type":"Flow","@id":"fd3ee522-16db-41e4-967f-8bffe0b0ea87","name":"gravel, round","description":"EcoSpold 2 intermediate exchange, ID \u003d fd3ee522-16db-41e4-967f-8bffe0b0ea87","category":"B:Mining and quarrying/08:Other mining and quarrying/081:Quarrying of stone, sand and clay/0810:Quarrying of stone, sand and clay","version":"00.00.003","lastChange":"2022-12-15T18:23:19.256Z","flowType":"PRODUCT_FLOW","isInfrastructureFlow":false,"flowProperties":[{"@type":"FlowPropertyFactor","isRefFlowProperty":true,"flowProperty":{"@type":"FlowProperty","@id":"93a60a56-a3c8-11da-a746-0800200b9a66","name":"Mass","category":"Technical flow properties","refUnit":"kg"},"conversionFactor":1.0}]}