{"@type":"Flow","@id":"fef44ccb-917e-4c8d-bb35-a1898827b659","name":"aluminium, wrought alloy","description":"EcoSpold 2 intermediate exchange, ID \u003d fef44ccb-917e-4c8d-bb35-a1898827b659","category":"C:Manufacturing/24:Manufacture of basic metals/242:Manufacture of basic precious and other non-ferrous metals/2420:Manufacture of basic precious and other non-ferrous metals","version":"00.00.003","lastChange":"2022-12-15T18:23:24.576Z","flowType":"PRODUCT_FLOW","isInfrastructureFlow":false,"flowProperties":[{"@type":"FlowPropertyFactor","isRefFlowProperty":true,"flowProperty":{"@type":"FlowProperty","@id":"93a60a56-a3c8-11da-a746-0800200b9a66","name":"Mass","category":"Technical flow properties","refUnit":"kg"},"conversionFactor":1.0}]}