{"@type":"Flow","@id":"ff15b377-b16a-4881-9fff-fe6c5efd4a9a","name":"recycled rubber, granulated","description":"","category":"MSW/recycled products","version":"00.00.000","lastChange":"2024-02-24T12:04:02.338Z","flowType":"ELEMENTARY_FLOW","isInfrastructureFlow":false,"flowProperties":[{"@type":"FlowPropertyFactor","isRefFlowProperty":true,"flowProperty":{"@type":"FlowProperty","@id":"93a60a56-a3c8-11da-a746-0800200b9a66","name":"Mass","category":"Technical flow properties","refUnit":"kg"},"conversionFactor":1.0}]}