{"@type":"Flow","@id":"00d2fef1-e4d4-4a16-8e81-b8cc514e4c25","name":"Fluoride","description":"EcoSpold 2 elementary exchange, ID \u003d 00d2fef1-e4d4-4a16-8e81-b8cc514e4c25","category":"Elementary flows/Emission to water/surface water","version":"00.00.000","flowType":"ELEMENTARY_FLOW","isInfrastructureFlow":false,"flowProperties":[{"@type":"FlowPropertyFactor","isRefFlowProperty":true,"flowProperty":{"@type":"FlowProperty","@id":"93a60a56-a3c8-11da-a746-0800200b9a66","name":"Mass","category":"Technical flow properties","refUnit":"kg"},"conversionFactor":1.0}]}