{"@type":"Flow","@id":"075e433b-4be4-448e-9510-9a5029c1ce94","name":"Water","description":"EcoSpold 2 elementary exchange, ID \u003d 075e433b-4be4-448e-9510-9a5029c1ce94","category":"Elementary flows/Emission to air/unspecified","version":"00.00.000","flowType":"ELEMENTARY_FLOW","isInfrastructureFlow":false,"flowProperties":[{"@type":"FlowPropertyFactor","isRefFlowProperty":true,"flowProperty":{"@type":"FlowProperty","@id":"93a60a56-a3c8-22da-a746-0800200c9a66","name":"Volume","category":"Technical flow properties","refUnit":"m3"},"conversionFactor":1.0}]}