{"@type":"Flow","@id":"0d9be31d-92b1-4825-a493-aebfea919775","name":"Controlled Combustion（rubber）","description":"","category":"MSW/rubber","version":"00.00.005","lastChange":"2024-02-22T05:41:20.761Z","flowType":"WASTE_FLOW","isInfrastructureFlow":false,"flowProperties":[{"@type":"FlowPropertyFactor","isRefFlowProperty":true,"flowProperty":{"@type":"FlowProperty","@id":"93a60a56-a3c8-11da-a746-0800200b9a66","name":"Mass","category":"Technical flow properties","refUnit":"kg"},"conversionFactor":1.0}]}