{"@type":"Flow","@id":"1603f6f1-73ff-47f5-a984-e8c1f888400b","name":"lorry, 16 metric ton","description":"EcoSpold 2 intermediate exchange, ID \u003d 1603f6f1-73ff-47f5-a984-e8c1f888400b","category":"C:Manufacturing/29:Manufacture of motor vehicles, trailers and semi-trailers/291:Manufacture of motor vehicles/2910:Manufacture of motor vehicles","version":"00.00.003","lastChange":"2022-12-15T18:23:25.250Z","flowType":"PRODUCT_FLOW","isInfrastructureFlow":false,"flowProperties":[{"@type":"FlowPropertyFactor","isRefFlowProperty":true,"flowProperty":{"@type":"FlowProperty","@id":"01846770-4cfe-4a25-8ad9-919d8d378345","name":"Number of items","category":"Technical flow properties","refUnit":"Item(s)"},"conversionFactor":1.0}]}