{"@type":"Flow","@id":"19e97bd6-d0ae-4208-bd77-d58e5d46d827","name":"Beryllium II","description":"EcoSpold 2 elementary exchange, ID \u003d 19e97bd6-d0ae-4208-bd77-d58e5d46d827","category":"Elementary flows/Emission to air/high population density","version":"00.00.000","flowType":"ELEMENTARY_FLOW","isInfrastructureFlow":false,"flowProperties":[{"@type":"FlowPropertyFactor","isRefFlowProperty":true,"flowProperty":{"@type":"FlowProperty","@id":"93a60a56-a3c8-11da-a746-0800200b9a66","name":"Mass","category":"Technical flow properties","refUnit":"kg"},"conversionFactor":1.0}]}