{"@type":"Flow","@id":"1e8b4d56-39a8-4f15-b606-435b988945dc","name":"unreinforced concrete, 15MPa","description":"EcoSpold 2 intermediate exchange, ID \u003d 1e8b4d56-39a8-4f15-b606-435b988945dc","category":"C:Manufacturing/23:Manufacture of other non-metallic mineral products/239:Manufacture of non-metallic mineral products n.e.c./2395:Manufacture of articles of concrete, cement and plaster","version":"00.00.003","lastChange":"2022-12-15T18:23:24.469Z","flowType":"PRODUCT_FLOW","isInfrastructureFlow":false,"flowProperties":[{"@type":"FlowPropertyFactor","isRefFlowProperty":true,"flowProperty":{"@type":"FlowProperty","@id":"93a60a56-a3c8-22da-a746-0800200c9a66","name":"Volume","category":"Technical flow properties","refUnit":"m3"},"conversionFactor":1.0}]}