{"@type":"Flow","@id":"1f607ae2-b42d-4411-90b8-e9bbac66a554","name":"Arsenic ion","description":"EcoSpold 2 elementary exchange, ID \u003d 1f607ae2-b42d-4411-90b8-e9bbac66a554","category":"Elementary flows/Emission to water/ground water","version":"00.00.000","flowType":"ELEMENTARY_FLOW","isInfrastructureFlow":false,"flowProperties":[{"@type":"FlowPropertyFactor","isRefFlowProperty":true,"flowProperty":{"@type":"FlowProperty","@id":"93a60a56-a3c8-11da-a746-0800200b9a66","name":"Mass","category":"Technical flow properties","refUnit":"kg"},"conversionFactor":1.0}]}