{"@type":"Flow","@id":"20664d0e-24e3-4daa-8c5c-2ade6e0c2723","name":"Formaldehyde","description":"EcoSpold 2 elementary exchange, ID \u003d 20664d0e-24e3-4daa-8c5c-2ade6e0c2723","category":"Elementary flows/Emission to air/high population density","version":"00.00.000","flowType":"ELEMENTARY_FLOW","isInfrastructureFlow":false,"flowProperties":[{"@type":"FlowPropertyFactor","isRefFlowProperty":true,"flowProperty":{"@type":"FlowProperty","@id":"93a60a56-a3c8-11da-a746-0800200b9a66","name":"Mass","category":"Technical flow properties","refUnit":"kg"},"conversionFactor":1.0}]}