{"@type":"Flow","@id":"237b35c6-69e1-49c4-8e99-0be6c1b1806e","name":"lead","description":"EcoSpold 2 intermediate exchange, ID \u003d 237b35c6-69e1-49c4-8e99-0be6c1b1806e","category":"C:Manufacturing/24:Manufacture of basic metals/242:Manufacture of basic precious and other non-ferrous metals/2420:Manufacture of basic precious and other non-ferrous metals","version":"00.00.003","lastChange":"2022-12-15T18:23:24.578Z","flowType":"PRODUCT_FLOW","isInfrastructureFlow":false,"flowProperties":[{"@type":"FlowPropertyFactor","isRefFlowProperty":true,"flowProperty":{"@type":"FlowProperty","@id":"93a60a56-a3c8-11da-a746-0800200b9a66","name":"Mass","category":"Technical flow properties","refUnit":"kg"},"conversionFactor":1.0}]}