{"@type":"Flow","@id":"257eacb9-96fe-4a3d-961a-f5e6c7823ff0","name":"Hydrogen fluoride","description":"EcoSpold 2 elementary exchange, ID \u003d 257eacb9-96fe-4a3d-961a-f5e6c7823ff0","category":"Elementary flows/Emission to air/high population density","version":"00.00.000","flowType":"ELEMENTARY_FLOW","isInfrastructureFlow":false,"flowProperties":[{"@type":"FlowPropertyFactor","isRefFlowProperty":true,"flowProperty":{"@type":"FlowProperty","@id":"93a60a56-a3c8-11da-a746-0800200b9a66","name":"Mass","category":"Technical flow properties","refUnit":"kg"},"conversionFactor":1.0}]}