{"@type":"Flow","@id":"2f8952b0-c90c-4e3d-b546-52b862fc8f11","name":"Phosphorus","description":"EcoSpold 2 elementary exchange, ID \u003d 2f8952b0-c90c-4e3d-b546-52b862fc8f11","category":"Elementary flows/Emission to soil/industrial","version":"00.00.000","flowType":"ELEMENTARY_FLOW","isInfrastructureFlow":false,"flowProperties":[{"@type":"FlowPropertyFactor","isRefFlowProperty":true,"flowProperty":{"@type":"FlowProperty","@id":"93a60a56-a3c8-11da-a746-0800200b9a66","name":"Mass","category":"Technical flow properties","refUnit":"kg"},"conversionFactor":1.0}]}