{"@type":"Flow","@id":"329fc7d8-4011-4327-84e4-34ff76f0e42d","name":"Phosphate","description":"EcoSpold 2 elementary exchange, ID \u003d 329fc7d8-4011-4327-84e4-34ff76f0e42d","category":"Elementary flows/Emission to water/ground water","version":"00.00.000","flowType":"ELEMENTARY_FLOW","isInfrastructureFlow":false,"flowProperties":[{"@type":"FlowPropertyFactor","isRefFlowProperty":true,"flowProperty":{"@type":"FlowProperty","@id":"93a60a56-a3c8-11da-a746-0800200b9a66","name":"Mass","category":"Technical flow properties","refUnit":"kg"},"conversionFactor":1.0}]}