{"@type":"Flow","@id":"3937f5a5-b4a4-434d-9fc3-1d29064fc3f8","name":"Cadmium II","description":"EcoSpold 2 elementary exchange, ID \u003d 3937f5a5-b4a4-434d-9fc3-1d29064fc3f8","category":"Elementary flows/Emission to water/ground water","version":"00.00.000","flowType":"ELEMENTARY_FLOW","isInfrastructureFlow":false,"flowProperties":[{"@type":"FlowPropertyFactor","isRefFlowProperty":true,"flowProperty":{"@type":"FlowProperty","@id":"93a60a56-a3c8-11da-a746-0800200b9a66","name":"Mass","category":"Technical flow properties","refUnit":"kg"},"conversionFactor":1.0}]}