{"@type":"Flow","@id":"3f521fb7-d13e-4405-848e-aa0dd5a9322f","name":"anaerobic digestion plant, for biowaste","description":"EcoSpold 2 intermediate exchange, ID \u003d 3f521fb7-d13e-4405-848e-aa0dd5a9322f","category":"F:Construction/42:Civil engineering/429:Construction of other civil engineering projects/4290:Construction of other civil engineering projects","version":"00.00.003","lastChange":"2022-12-15T18:23:28.800Z","flowType":"PRODUCT_FLOW","isInfrastructureFlow":false,"flowProperties":[{"@type":"FlowPropertyFactor","isRefFlowProperty":true,"flowProperty":{"@type":"FlowProperty","@id":"01846770-4cfe-4a25-8ad9-919d8d378345","name":"Number of items","category":"Technical flow properties","refUnit":"Item(s)"},"conversionFactor":1.0}]}