{"@type":"Flow","@id":"4447af36-0897-4b00-8fd0-fd6a446dda6a","name":"cast iron","description":"EcoSpold 2 intermediate exchange, ID \u003d 4447af36-0897-4b00-8fd0-fd6a446dda6a","category":"C:Manufacturing/24:Manufacture of basic metals/241:Manufacture of basic iron and steel/2410:Manufacture of basic iron and steel","version":"00.00.003","lastChange":"2022-12-15T18:23:24.546Z","flowType":"PRODUCT_FLOW","isInfrastructureFlow":false,"flowProperties":[{"@type":"FlowPropertyFactor","isRefFlowProperty":true,"flowProperty":{"@type":"FlowProperty","@id":"93a60a56-a3c8-11da-a746-0800200b9a66","name":"Mass","category":"Technical flow properties","refUnit":"kg"},"conversionFactor":1.0}]}