{"@type":"Flow","@id":"44f28e11-061d-44fd-8f25-dc62a9f1fa57","name":"Manganese II","description":"EcoSpold 2 elementary exchange, ID \u003d 44f28e11-061d-44fd-8f25-dc62a9f1fa57","category":"Elementary flows/Emission to water/ground water","version":"00.00.000","flowType":"ELEMENTARY_FLOW","isInfrastructureFlow":false,"flowProperties":[{"@type":"FlowPropertyFactor","isRefFlowProperty":true,"flowProperty":{"@type":"FlowProperty","@id":"93a60a56-a3c8-11da-a746-0800200b9a66","name":"Mass","category":"Technical flow properties","refUnit":"kg"},"conversionFactor":1.0}]}