{"@type":"Flow","@id":"4b6b9b76-3199-4bd0-b11d-f8f2efbeac4e","name":"Occupation, construction site","description":"EcoSpold 2 elementary exchange, ID \u003d 4b6b9b76-3199-4bd0-b11d-f8f2efbeac4e","category":"Elementary flows/Resource/land","version":"00.00.000","flowType":"ELEMENTARY_FLOW","isInfrastructureFlow":false,"flowProperties":[{"@type":"FlowPropertyFactor","isRefFlowProperty":true,"flowProperty":{"@type":"FlowProperty","@id":"93a60a56-a3c8-21da-a746-0800200c9a66","name":"Area*time","category":"Technical flow properties","refUnit":"m2*a"},"conversionFactor":1.0}]}