{"@type":"Flow","@id":"4b7caf07-335d-4479-a3dc-08b87c156cd0","name":"sewer grid, 5E9l/year, 110 km","description":"EcoSpold 2 intermediate exchange, ID \u003d 4b7caf07-335d-4479-a3dc-08b87c156cd0","category":"F:Construction/42:Civil engineering/422:Construction of utility projects/4220:Construction of utility projects","version":"00.00.003","lastChange":"2022-12-15T18:23:28.609Z","flowType":"PRODUCT_FLOW","isInfrastructureFlow":false,"flowProperties":[{"@type":"FlowPropertyFactor","isRefFlowProperty":true,"flowProperty":{"@type":"FlowProperty","@id":"838aaa23-0117-11db-92e3-0800200c9a66","name":"Length","category":"Technical flow properties","refUnit":"m"},"conversionFactor":1.0}]}