{"@type":"Flow","@id":"4cc87eb6-20a4-4968-ab90-6d344d46755d","name":"industrial machine, heavy, unspecified","description":"EcoSpold 2 intermediate exchange, ID \u003d 4cc87eb6-20a4-4968-ab90-6d344d46755d","category":"C:Manufacturing/28:Manufacture of machinery and equipment n.e.c./282:Manufacture of special-purpose machinery/2824:Manufacture of machinery for mining, quarrying and construction","version":"00.00.003","lastChange":"2022-12-15T18:23:25.240Z","flowType":"PRODUCT_FLOW","isInfrastructureFlow":false,"flowProperties":[{"@type":"FlowPropertyFactor","isRefFlowProperty":true,"flowProperty":{"@type":"FlowProperty","@id":"93a60a56-a3c8-11da-a746-0800200b9a66","name":"Mass","category":"Technical flow properties","refUnit":"kg"},"conversionFactor":1.0}]}