{"@type":"Flow","@id":"4d40d8e3-9bc7-4ab1-ac5c-4f4a76fda8e5","name":"Chromium III","description":"EcoSpold 2 elementary exchange, ID \u003d 4d40d8e3-9bc7-4ab1-ac5c-4f4a76fda8e5","category":"Elementary flows/Emission to air/low population density","version":"00.00.000","flowType":"ELEMENTARY_FLOW","isInfrastructureFlow":false,"flowProperties":[{"@type":"FlowPropertyFactor","isRefFlowProperty":true,"flowProperty":{"@type":"FlowProperty","@id":"93a60a56-a3c8-11da-a746-0800200b9a66","name":"Mass","category":"Technical flow properties","refUnit":"kg"},"conversionFactor":1.0}]}