{"@type":"Flow","@id":"53705574-11eb-4007-80f7-790ebd91374a","name":"municipal waste collection service by 21 metric ton lorry","description":"EcoSpold 2 intermediate exchange, ID \u003d 53705574-11eb-4007-80f7-790ebd91374a","category":"E:Water supply; sewerage, waste management and remediation activities/38:Waste collection, treatment and disposal activities; materials recovery/381:Waste collection/3811:Collection of non-hazardous waste","version":"00.00.003","lastChange":"2022-12-15T18:23:27.037Z","flowType":"PRODUCT_FLOW","isInfrastructureFlow":false,"flowProperties":[{"@type":"FlowPropertyFactor","isRefFlowProperty":true,"flowProperty":{"@type":"FlowProperty","@id":"838aaa20-0117-11db-92e3-0800200c9a66","name":"Goods transport (mass*distance)","category":"Technical flow properties","refUnit":"t*km"},"conversionFactor":1.0}]}