{"@type":"Flow","@id":"53d5ef26-66d8-4536-afa2-2f6b114189ba","name":"Tin","description":"EcoSpold 2 elementary exchange, ID \u003d 53d5ef26-66d8-4536-afa2-2f6b114189ba","category":"Elementary flows/Resource/in ground","version":"00.00.000","flowType":"ELEMENTARY_FLOW","isInfrastructureFlow":false,"flowProperties":[{"@type":"FlowPropertyFactor","isRefFlowProperty":true,"flowProperty":{"@type":"FlowProperty","@id":"93a60a56-a3c8-11da-a746-0800200b9a66","name":"Mass","category":"Technical flow properties","refUnit":"kg"},"conversionFactor":1.0}]}