{"@type":"Flow","@id":"56815b4f-6138-4e0b-9fac-c94fd6b102b3","name":"Nickel II","description":"EcoSpold 2 elementary exchange, ID \u003d 56815b4f-6138-4e0b-9fac-c94fd6b102b3","category":"Elementary flows/Emission to water/ground water","version":"00.00.000","flowType":"ELEMENTARY_FLOW","isInfrastructureFlow":false,"flowProperties":[{"@type":"FlowPropertyFactor","isRefFlowProperty":true,"flowProperty":{"@type":"FlowProperty","@id":"93a60a56-a3c8-11da-a746-0800200b9a66","name":"Mass","category":"Technical flow properties","refUnit":"kg"},"conversionFactor":1.0}]}