{"@type":"Flow","@id":"579049d0-3db8-4496-a234-2f61ed28a72b","name":"extrusion, plastic film","description":"EcoSpold 2 intermediate exchange, ID \u003d 579049d0-3db8-4496-a234-2f61ed28a72b","category":"C:Manufacturing/22:Manufacture of rubber and plastics products/222:Manufacture of plastics products/2220:Manufacture of plastics products","version":"00.00.003","lastChange":"2022-12-15T18:23:24.327Z","flowType":"PRODUCT_FLOW","isInfrastructureFlow":false,"flowProperties":[{"@type":"FlowPropertyFactor","isRefFlowProperty":true,"flowProperty":{"@type":"FlowProperty","@id":"93a60a56-a3c8-11da-a746-0800200b9a66","name":"Mass","category":"Technical flow properties","refUnit":"kg"},"conversionFactor":1.0}]}