{"@type":"Flow","@id":"58a3086e-3ded-4751-a313-05608f725081","name":"Boron","description":"EcoSpold 2 elementary exchange, ID \u003d 58a3086e-3ded-4751-a313-05608f725081","category":"Elementary flows/Emission to soil/industrial","version":"00.00.000","flowType":"ELEMENTARY_FLOW","isInfrastructureFlow":false,"flowProperties":[{"@type":"FlowPropertyFactor","isRefFlowProperty":true,"flowProperty":{"@type":"FlowProperty","@id":"93a60a56-a3c8-11da-a746-0800200b9a66","name":"Mass","category":"Technical flow properties","refUnit":"kg"},"conversionFactor":1.0}]}