{"@type":"Flow","@id":"5df5cb9f-812c-4ce8-ab1c-df6ab4d31900","name":"Antimony ion","description":"EcoSpold 2 elementary exchange, ID \u003d 5df5cb9f-812c-4ce8-ab1c-df6ab4d31900","category":"Elementary flows/Emission to water/ground water","version":"00.00.000","flowType":"ELEMENTARY_FLOW","isInfrastructureFlow":false,"flowProperties":[{"@type":"FlowPropertyFactor","isRefFlowProperty":true,"flowProperty":{"@type":"FlowProperty","@id":"93a60a56-a3c8-11da-a746-0800200b9a66","name":"Mass","category":"Technical flow properties","refUnit":"kg"},"conversionFactor":1.0}]}