{"@type":"Flow","@id":"66020d27-7ae4-4e59-83a3-89214b72c40a","name":"Particulate Matter, \u003e 10 um","description":"EcoSpold 2 elementary exchange, ID \u003d 66020d27-7ae4-4e59-83a3-89214b72c40a","category":"Elementary flows/Emission to air/unspecified","version":"00.00.000","flowType":"ELEMENTARY_FLOW","isInfrastructureFlow":false,"flowProperties":[{"@type":"FlowPropertyFactor","isRefFlowProperty":true,"flowProperty":{"@type":"FlowProperty","@id":"93a60a56-a3c8-11da-a746-0800200b9a66","name":"Mass","category":"Technical flow properties","refUnit":"kg"},"conversionFactor":1.0}]}