{"@type":"Flow","@id":"66f50b33-fd62-4fdd-a373-c5b0de7de00d","name":"Particulate Matter, \u003c 2.5 um","description":"EcoSpold 2 elementary exchange, ID \u003d 66f50b33-fd62-4fdd-a373-c5b0de7de00d","category":"Elementary flows/Emission to air/low population density","version":"00.00.000","flowType":"ELEMENTARY_FLOW","isInfrastructureFlow":false,"flowProperties":[{"@type":"FlowPropertyFactor","isRefFlowProperty":true,"flowProperty":{"@type":"FlowProperty","@id":"93a60a56-a3c8-11da-a746-0800200b9a66","name":"Mass","category":"Technical flow properties","refUnit":"kg"},"conversionFactor":1.0}]}