{"@type":"Flow","@id":"6f0b8b7c-3888-4174-b7e3-916d42d678ee","name":"Aluminium III","description":"EcoSpold 2 elementary exchange, ID \u003d 6f0b8b7c-3888-4174-b7e3-916d42d678ee","category":"Elementary flows/Emission to air/high population density","version":"00.00.000","flowType":"ELEMENTARY_FLOW","isInfrastructureFlow":false,"flowProperties":[{"@type":"FlowPropertyFactor","isRefFlowProperty":true,"flowProperty":{"@type":"FlowProperty","@id":"93a60a56-a3c8-11da-a746-0800200b9a66","name":"Mass","category":"Technical flow properties","refUnit":"kg"},"conversionFactor":1.0}]}