{"@type":"Flow","@id":"73ed05cc-9727-4abf-9516-4b5c0fe54a16","name":"Carbon dioxide, non-fossil","description":"EcoSpold 2 elementary exchange, ID \u003d 73ed05cc-9727-4abf-9516-4b5c0fe54a16","category":"Elementary flows/Emission to air/high population density","version":"00.00.000","flowType":"ELEMENTARY_FLOW","isInfrastructureFlow":false,"flowProperties":[{"@type":"FlowPropertyFactor","isRefFlowProperty":true,"flowProperty":{"@type":"FlowProperty","@id":"93a60a56-a3c8-11da-a746-0800200b9a66","name":"Mass","category":"Technical flow properties","refUnit":"kg"},"conversionFactor":1.0}]}