{"@type":"Flow","@id":"7705f0e1-5b14-44f4-b330-1245b5c7fc08","name":"Chromium III","description":"EcoSpold 2 elementary exchange, ID \u003d 7705f0e1-5b14-44f4-b330-1245b5c7fc08","category":"Elementary flows/Emission to air/high population density","version":"00.00.000","flowType":"ELEMENTARY_FLOW","isInfrastructureFlow":false,"flowProperties":[{"@type":"FlowPropertyFactor","isRefFlowProperty":true,"flowProperty":{"@type":"FlowProperty","@id":"93a60a56-a3c8-11da-a746-0800200b9a66","name":"Mass","category":"Technical flow properties","refUnit":"kg"},"conversionFactor":1.0}]}