{"@type":"Flow","@id":"7c335b9c-a403-47a8-bb6d-2e7d3c3a230e","name":"Iron ion","description":"EcoSpold 2 elementary exchange, ID \u003d 7c335b9c-a403-47a8-bb6d-2e7d3c3a230e","category":"Elementary flows/Emission to water/surface water","version":"00.00.000","flowType":"ELEMENTARY_FLOW","isInfrastructureFlow":false,"flowProperties":[{"@type":"FlowPropertyFactor","isRefFlowProperty":true,"flowProperty":{"@type":"FlowProperty","@id":"93a60a56-a3c8-11da-a746-0800200b9a66","name":"Mass","category":"Technical flow properties","refUnit":"kg"},"conversionFactor":1.0}]}