{"@type":"Flow","@id":"7e9baf19-8fa4-49c6-a3c2-2e875217e60b","name":"Thallium I","description":"EcoSpold 2 elementary exchange, ID \u003d 7e9baf19-8fa4-49c6-a3c2-2e875217e60b","category":"Elementary flows/Emission to water/ground water, long-term","version":"00.00.000","flowType":"ELEMENTARY_FLOW","isInfrastructureFlow":false,"flowProperties":[{"@type":"FlowPropertyFactor","isRefFlowProperty":true,"flowProperty":{"@type":"FlowProperty","@id":"93a60a56-a3c8-11da-a746-0800200b9a66","name":"Mass","category":"Technical flow properties","refUnit":"kg"},"conversionFactor":1.0}]}