{"@type":"Flow","@id":"85bec19f-c785-4364-8ef6-472b8e9dd90e","name":"Chloride","description":"EcoSpold 2 elementary exchange, ID \u003d 85bec19f-c785-4364-8ef6-472b8e9dd90e","category":"Elementary flows/Emission to water/ground water","version":"00.00.000","flowType":"ELEMENTARY_FLOW","isInfrastructureFlow":false,"flowProperties":[{"@type":"FlowPropertyFactor","isRefFlowProperty":true,"flowProperty":{"@type":"FlowProperty","@id":"93a60a56-a3c8-11da-a746-0800200b9a66","name":"Mass","category":"Technical flow properties","refUnit":"kg"},"conversionFactor":1.0}]}