{"@type":"Flow","@id":"997dccfb-6574-46b8-ad93-7f31074abf9a","name":"Silicon","description":"EcoSpold 2 elementary exchange, ID \u003d 997dccfb-6574-46b8-ad93-7f31074abf9a","category":"Elementary flows/Emission to air/high population density","version":"00.00.000","flowType":"ELEMENTARY_FLOW","isInfrastructureFlow":false,"flowProperties":[{"@type":"FlowPropertyFactor","isRefFlowProperty":true,"flowProperty":{"@type":"FlowProperty","@id":"93a60a56-a3c8-11da-a746-0800200b9a66","name":"Mass","category":"Technical flow properties","refUnit":"kg"},"conversionFactor":1.0}]}