{"@type":"Flow","@id":"9afa0173-ecbd-4f2c-9c5c-b3128a032812","name":"Carbon monoxide, non-fossil","description":"EcoSpold 2 elementary exchange, ID \u003d 9afa0173-ecbd-4f2c-9c5c-b3128a032812","category":"Elementary flows/Emission to air/high population density","version":"00.00.000","flowType":"ELEMENTARY_FLOW","isInfrastructureFlow":false,"flowProperties":[{"@type":"FlowPropertyFactor","isRefFlowProperty":true,"flowProperty":{"@type":"FlowProperty","@id":"93a60a56-a3c8-11da-a746-0800200b9a66","name":"Mass","category":"Technical flow properties","refUnit":"kg"},"conversionFactor":1.0}]}