{"@type":"Flow","@id":"9b6d6f07-ebc6-447d-a3c0-f2017d77d852","name":"Iron ion","description":"EcoSpold 2 elementary exchange, ID \u003d 9b6d6f07-ebc6-447d-a3c0-f2017d77d852","category":"Elementary flows/Emission to water/ground water, long-term","version":"00.00.000","flowType":"ELEMENTARY_FLOW","isInfrastructureFlow":false,"flowProperties":[{"@type":"FlowPropertyFactor","isRefFlowProperty":true,"flowProperty":{"@type":"FlowProperty","@id":"93a60a56-a3c8-11da-a746-0800200b9a66","name":"Mass","category":"Technical flow properties","refUnit":"kg"},"conversionFactor":1.0}]}