{"@type":"Flow","@id":"aa7cac3a-3625-41d4-bc54-33e2cf11ec46","name":"Carbon dioxide, fossil","description":"EcoSpold 2 elementary exchange, ID \u003d aa7cac3a-3625-41d4-bc54-33e2cf11ec46","category":"Elementary flows/Emission to air/low population density","version":"00.00.000","flowType":"ELEMENTARY_FLOW","isInfrastructureFlow":false,"flowProperties":[{"@type":"FlowPropertyFactor","isRefFlowProperty":true,"flowProperty":{"@type":"FlowProperty","@id":"93a60a56-a3c8-11da-a746-0800200b9a66","name":"Mass","category":"Technical flow properties","refUnit":"kg"},"conversionFactor":1.0}]}