{"@type":"Flow","@id":"b5fae91e-cff0-4513-a997-cdb6922f1ab4","name":"Iodide","description":"EcoSpold 2 elementary exchange, ID \u003d b5fae91e-cff0-4513-a997-cdb6922f1ab4","category":"Elementary flows/Emission to water/ground water, long-term","version":"00.00.000","flowType":"ELEMENTARY_FLOW","isInfrastructureFlow":false,"flowProperties":[{"@type":"FlowPropertyFactor","isRefFlowProperty":true,"flowProperty":{"@type":"FlowProperty","@id":"93a60a56-a3c8-11da-a746-0800200b9a66","name":"Mass","category":"Technical flow properties","refUnit":"kg"},"conversionFactor":1.0}]}