{"@type":"Flow","@id":"be10dd54-eb4d-48ae-9e14-7d79ce8b170d","name":"COD, Chemical Oxygen Demand","description":"EcoSpold 2 elementary exchange, ID \u003d be10dd54-eb4d-48ae-9e14-7d79ce8b170d","category":"Elementary flows/Emission to water/ground water","version":"00.00.000","flowType":"ELEMENTARY_FLOW","isInfrastructureFlow":false,"flowProperties":[{"@type":"FlowPropertyFactor","isRefFlowProperty":true,"flowProperty":{"@type":"FlowProperty","@id":"93a60a56-a3c8-11da-a746-0800200b9a66","name":"Mass","category":"Technical flow properties","refUnit":"kg"},"conversionFactor":1.0}]}