{"@type":"Flow","@id":"bfd577e2-82b4-4166-af2b-3bda540931f6","name":"waste mineral wool","description":"EcoSpold 2 intermediate exchange, ID \u003d bfd577e2-82b4-4166-af2b-3bda540931f6","category":"E:Water supply; sewerage, waste management and remediation activities/38:Waste collection, treatment and disposal activities; materials recovery/383:Materials recovery/3830:Materials recovery","version":"00.00.003","lastChange":"2022-12-15T18:23:27.562Z","flowType":"WASTE_FLOW","isInfrastructureFlow":false,"flowProperties":[{"@type":"FlowPropertyFactor","isRefFlowProperty":true,"flowProperty":{"@type":"FlowProperty","@id":"93a60a56-a3c8-11da-a746-0800200b9a66","name":"Mass","category":"Technical flow properties","refUnit":"kg"},"conversionFactor":1.0}]}