{"@type":"Flow","@id":"cc1c987a-2b6e-4cbc-969a-73f1c96de448","name":"Sodium","description":"EcoSpold 2 elementary exchange, ID \u003d cc1c987a-2b6e-4cbc-969a-73f1c96de448","category":"Elementary flows/Emission to soil/industrial","version":"00.00.000","flowType":"ELEMENTARY_FLOW","isInfrastructureFlow":false,"flowProperties":[{"@type":"FlowPropertyFactor","isRefFlowProperty":true,"flowProperty":{"@type":"FlowProperty","@id":"93a60a56-a3c8-11da-a746-0800200b9a66","name":"Mass","category":"Technical flow properties","refUnit":"kg"},"conversionFactor":1.0}]}