{"@type":"Flow","@id":"d080e6a4-42c6-484e-b5d7-d74693aec7d9","name":"Gold","description":"EcoSpold 2 elementary exchange, ID \u003d d080e6a4-42c6-484e-b5d7-d74693aec7d9","category":"Elementary flows/Resource/in ground","version":"00.00.000","flowType":"ELEMENTARY_FLOW","isInfrastructureFlow":false,"flowProperties":[{"@type":"FlowPropertyFactor","isRefFlowProperty":true,"flowProperty":{"@type":"FlowProperty","@id":"93a60a56-a3c8-11da-a746-0800200b9a66","name":"Mass","category":"Technical flow properties","refUnit":"kg"},"conversionFactor":1.0}]}