{"@type":"Flow","@id":"db945649-d0d5-4818-ab81-dc8579469a05","name":"Hydrogen sulfide","description":"EcoSpold 2 elementary exchange, ID \u003d db945649-d0d5-4818-ab81-dc8579469a05","category":"Elementary flows/Emission to water/ground water","version":"00.00.000","flowType":"ELEMENTARY_FLOW","isInfrastructureFlow":false,"flowProperties":[{"@type":"FlowPropertyFactor","isRefFlowProperty":true,"flowProperty":{"@type":"FlowProperty","@id":"93a60a56-a3c8-11da-a746-0800200b9a66","name":"Mass","category":"Technical flow properties","refUnit":"kg"},"conversionFactor":1.0}]}