{"@type":"Flow","@id":"e1aa92d7-9297-452e-ade0-e5e2acc52ad7","name":"Mercury II","description":"EcoSpold 2 elementary exchange, ID \u003d e1aa92d7-9297-452e-ade0-e5e2acc52ad7","category":"Elementary flows/Emission to water/ground water","version":"00.00.000","flowType":"ELEMENTARY_FLOW","isInfrastructureFlow":false,"flowProperties":[{"@type":"FlowPropertyFactor","isRefFlowProperty":true,"flowProperty":{"@type":"FlowProperty","@id":"93a60a56-a3c8-11da-a746-0800200b9a66","name":"Mass","category":"Technical flow properties","refUnit":"kg"},"conversionFactor":1.0}]}