{"@type":"Flow","@id":"e65a9c58-21f1-48b6-b738-d05a8f10e5f3","name":"Chromium III","description":"EcoSpold 2 elementary exchange, ID \u003d e65a9c58-21f1-48b6-b738-d05a8f10e5f3","category":"Elementary flows/Emission to soil/industrial","version":"00.00.000","flowType":"ELEMENTARY_FLOW","isInfrastructureFlow":false,"flowProperties":[{"@type":"FlowPropertyFactor","isRefFlowProperty":true,"flowProperty":{"@type":"FlowProperty","@id":"93a60a56-a3c8-11da-a746-0800200b9a66","name":"Mass","category":"Technical flow properties","refUnit":"kg"},"conversionFactor":1.0}]}