{"@type":"Flow","@id":"ea75b944-c676-4a13-85b8-2bea98f765a4","name":"lubricating oil","description":"EcoSpold 2 intermediate exchange, ID \u003d ea75b944-c676-4a13-85b8-2bea98f765a4","category":"C:Manufacturing/19:Manufacture of coke and refined petroleum products/192:Manufacture of refined petroleum products/1920:Manufacture of refined petroleum products","version":"00.00.003","lastChange":"2022-12-15T18:23:23.464Z","flowType":"PRODUCT_FLOW","isInfrastructureFlow":false,"flowProperties":[{"@type":"FlowPropertyFactor","isRefFlowProperty":true,"flowProperty":{"@type":"FlowProperty","@id":"93a60a56-a3c8-11da-a746-0800200b9a66","name":"Mass","category":"Technical flow properties","refUnit":"kg"},"conversionFactor":1.0}]}