{"@type":"Flow","@id":"ebc4c2a3-c004-4053-8048-f41fdd9324c8","name":"Arsenic ion","description":"EcoSpold 2 elementary exchange, ID \u003d ebc4c2a3-c004-4053-8048-f41fdd9324c8","category":"Elementary flows/Emission to soil/industrial","version":"00.00.000","flowType":"ELEMENTARY_FLOW","isInfrastructureFlow":false,"flowProperties":[{"@type":"FlowPropertyFactor","isRefFlowProperty":true,"flowProperty":{"@type":"FlowProperty","@id":"93a60a56-a3c8-11da-a746-0800200b9a66","name":"Mass","category":"Technical flow properties","refUnit":"kg"},"conversionFactor":1.0}]}