{"@type":"Flow","@id":"ee9dfb6d-f51c-46b9-bb98-84e173127957","name":"maintenance, lorry 16 metric ton","description":"EcoSpold 2 intermediate exchange, ID \u003d ee9dfb6d-f51c-46b9-bb98-84e173127957","category":"G:Wholesale and retail trade; repair of motor vehicles and motorcycles/45:Wholesale and retail trade and repair of motor vehicles and motorcycles/452:Maintenance and repair of motor vehicles/4520:Maintenance and repair of motor vehicles","version":"00.00.003","lastChange":"2022-12-15T18:23:28.948Z","flowType":"PRODUCT_FLOW","isInfrastructureFlow":false,"flowProperties":[{"@type":"FlowPropertyFactor","isRefFlowProperty":true,"flowProperty":{"@type":"FlowProperty","@id":"01846770-4cfe-4a25-8ad9-919d8d378345","name":"Number of items","category":"Technical flow properties","refUnit":"Item(s)"},"conversionFactor":1.0}]}