{"@type":"Flow","@id":"f5d022f1-c26d-4044-ac88-d7c5bbff83c4","name":"Nitrite","description":"EcoSpold 2 elementary exchange, ID \u003d f5d022f1-c26d-4044-ac88-d7c5bbff83c4","category":"Elementary flows/Emission to water/ground water, long-term","version":"00.00.000","flowType":"ELEMENTARY_FLOW","isInfrastructureFlow":false,"flowProperties":[{"@type":"FlowPropertyFactor","isRefFlowProperty":true,"flowProperty":{"@type":"FlowProperty","@id":"93a60a56-a3c8-11da-a746-0800200b9a66","name":"Mass","category":"Technical flow properties","refUnit":"kg"},"conversionFactor":1.0}]}