{"@type":"Flow","@id":"f6080ed9-2b32-318e-9873-fdcf738eb819","name":"Water, CH","description":"","category":"Elementary flows/Emission to water/unspecified","version":"00.00.000","flowType":"ELEMENTARY_FLOW","cas":"007732-18-5","formula":"","isInfrastructureFlow":false,"flowProperties":[{"@type":"FlowPropertyFactor","isRefFlowProperty":true,"flowProperty":{"@type":"FlowProperty","@id":"93a60a56-a3c8-22da-a746-0800200c9a66","name":"Volume","category":"Technical flow properties","refUnit":"m3"},"conversionFactor":1.0}]}