{"@type":"Flow","@id":"f9923ae7-bdab-44d8-897c-44310aea76b7","name":"Iodine","description":"EcoSpold 2 elementary exchange, ID \u003d f9923ae7-bdab-44d8-897c-44310aea76b7","category":"Elementary flows/Emission to air/high population density","version":"00.00.000","flowType":"ELEMENTARY_FLOW","isInfrastructureFlow":false,"flowProperties":[{"@type":"FlowPropertyFactor","isRefFlowProperty":true,"flowProperty":{"@type":"FlowProperty","@id":"93a60a56-a3c8-11da-a746-0800200b9a66","name":"Mass","category":"Technical flow properties","refUnit":"kg"},"conversionFactor":1.0}]}