{"@type":"Flow","@id":"fc91fc6f-596e-424a-9ee4-4432d718a66f","name":"Silicon","description":"EcoSpold 2 elementary exchange, ID \u003d fc91fc6f-596e-424a-9ee4-4432d718a66f","category":"Elementary flows/Emission to water/ground water","version":"00.00.000","flowType":"ELEMENTARY_FLOW","isInfrastructureFlow":false,"flowProperties":[{"@type":"FlowPropertyFactor","isRefFlowProperty":true,"flowProperty":{"@type":"FlowProperty","@id":"93a60a56-a3c8-11da-a746-0800200b9a66","name":"Mass","category":"Technical flow properties","refUnit":"kg"},"conversionFactor":1.0}]}