{"@type":"Flow","@id":"061d04a0-af1d-4884-bdd3-997b6cd5550f","name":"Boron","description":"EcoSpold 2 elementary exchange, ID \u003d 061d04a0-af1d-4884-bdd3-997b6cd5550f","category":"Elementary flows/Emission to water/ground water, long-term","version":"00.00.000","flowType":"ELEMENTARY_FLOW","isInfrastructureFlow":false,"flowProperties":[{"@type":"FlowPropertyFactor","isRefFlowProperty":true,"flowProperty":{"@type":"FlowProperty","@id":"93a60a56-a3c8-11da-a746-0800200b9a66","name":"Mass","category":"Technical flow properties","refUnit":"kg"},"conversionFactor":1.0}]}