{"@type":"Flow","@id":"0795345f-c7ae-410c-ad25-1845784c75f5","name":"Methane, fossil","description":"EcoSpold 2 elementary exchange, ID \u003d 0795345f-c7ae-410c-ad25-1845784c75f5","category":"Elementary flows/Emission to air/unspecified","version":"00.00.000","flowType":"ELEMENTARY_FLOW","isInfrastructureFlow":false,"flowProperties":[{"@type":"FlowPropertyFactor","isRefFlowProperty":true,"flowProperty":{"@type":"FlowProperty","@id":"93a60a56-a3c8-11da-a746-0800200b9a66","name":"Mass","category":"Technical flow properties","refUnit":"kg"},"conversionFactor":1.0}]}