{"@type":"Flow","@id":"1ad0b61c-f2b8-450c-b09b-445427a193f0","name":"hydraulic digger","description":"EcoSpold 2 intermediate exchange, ID \u003d 1ad0b61c-f2b8-450c-b09b-445427a193f0","category":"C:Manufacturing/28:Manufacture of machinery and equipment n.e.c./282:Manufacture of special-purpose machinery/2824:Manufacture of machinery for mining, quarrying and construction","version":"00.00.003","lastChange":"2022-12-15T18:23:25.242Z","flowType":"PRODUCT_FLOW","isInfrastructureFlow":false,"flowProperties":[{"@type":"FlowPropertyFactor","isRefFlowProperty":true,"flowProperty":{"@type":"FlowProperty","@id":"01846770-4cfe-4a25-8ad9-919d8d378345","name":"Number of items","category":"Technical flow properties","refUnit":"Item(s)"},"conversionFactor":1.0}]}