{"@type":"Flow","@id":"1af44724-172c-462b-b277-bb4b2fd32c33","name":"Benzene, hexachloro-","description":"EcoSpold 2 elementary exchange, ID \u003d 1af44724-172c-462b-b277-bb4b2fd32c33","category":"Elementary flows/Emission to air/high population density","version":"00.00.000","flowType":"ELEMENTARY_FLOW","isInfrastructureFlow":false,"flowProperties":[{"@type":"FlowPropertyFactor","isRefFlowProperty":true,"flowProperty":{"@type":"FlowProperty","@id":"93a60a56-a3c8-11da-a746-0800200b9a66","name":"Mass","category":"Technical flow properties","refUnit":"kg"},"conversionFactor":1.0}]}