{"@type":"Flow","@id":"1d32d9ef-8f9d-4b72-9d72-ab08b08fa52c","name":"slag landfill","description":"EcoSpold 2 intermediate exchange, ID \u003d 1d32d9ef-8f9d-4b72-9d72-ab08b08fa52c","category":"F:Construction/42:Civil engineering/429:Construction of other civil engineering projects/4290:Construction of other civil engineering projects","version":"00.00.003","lastChange":"2022-12-15T18:23:28.757Z","flowType":"PRODUCT_FLOW","isInfrastructureFlow":false,"flowProperties":[{"@type":"FlowPropertyFactor","isRefFlowProperty":true,"flowProperty":{"@type":"FlowProperty","@id":"01846770-4cfe-4a25-8ad9-919d8d378345","name":"Number of items","category":"Technical flow properties","refUnit":"Item(s)"},"conversionFactor":1.0}]}