{"@type":"Flow","@id":"237a5f15-8119-472a-8988-88b7ecb42405","name":"Dioxins, measured as 2,3,7,8-tetrachlorodibenzo-p-dioxin","description":"EcoSpold 2 elementary exchange, ID \u003d 237a5f15-8119-472a-8988-88b7ecb42405","category":"Elementary flows/Emission to air/high population density","version":"00.00.000","flowType":"ELEMENTARY_FLOW","isInfrastructureFlow":false,"flowProperties":[{"@type":"FlowPropertyFactor","isRefFlowProperty":true,"flowProperty":{"@type":"FlowProperty","@id":"93a60a56-a3c8-11da-a746-0800200b9a66","name":"Mass","category":"Technical flow properties","refUnit":"kg"},"conversionFactor":1.0}]}