{"@type":"Flow","@id":"245732f4-a5ce-4881-816b-a207ba8df4c8","name":"electronics, for control units","description":"EcoSpold 2 intermediate exchange, ID \u003d 245732f4-a5ce-4881-816b-a207ba8df4c8","category":"C:Manufacturing/27:Manufacture of electrical equipment/271:Manufacture of electric motors, generators, transformers and electricity distribution and control apparatus/2710:Manufacture of electric motors, generators, transformers and electricity di","version":"00.00.003","lastChange":"2022-12-15T18:23:24.979Z","flowType":"PRODUCT_FLOW","isInfrastructureFlow":false,"flowProperties":[{"@type":"FlowPropertyFactor","isRefFlowProperty":true,"flowProperty":{"@type":"FlowProperty","@id":"93a60a56-a3c8-11da-a746-0800200b9a66","name":"Mass","category":"Technical flow properties","refUnit":"kg"},"conversionFactor":1.0}]}