{"@type":"Flow","@id":"26f457d5-9138-4502-a0b5-a3726ca8efa6","name":"conveyor belt","description":"EcoSpold 2 intermediate exchange, ID \u003d 26f457d5-9138-4502-a0b5-a3726ca8efa6","category":"C:Manufacturing/28:Manufacture of machinery and equipment n.e.c./281:Manufacture of general-purpose machinery/2816:Manufacture of lifting and handling equipment","version":"00.00.003","lastChange":"2022-12-15T18:23:25.160Z","flowType":"PRODUCT_FLOW","isInfrastructureFlow":false,"flowProperties":[{"@type":"FlowPropertyFactor","isRefFlowProperty":true,"flowProperty":{"@type":"FlowProperty","@id":"838aaa23-0117-11db-92e3-0800200c9a66","name":"Length","category":"Technical flow properties","refUnit":"m"},"conversionFactor":1.0}]}