{"@type":"Flow","@id":"3d719c07-ec27-4971-b7cc-4bcf17d77dd3","name":"Sodium","description":"EcoSpold 2 elementary exchange, ID \u003d 3d719c07-ec27-4971-b7cc-4bcf17d77dd3","category":"Elementary flows/Emission to air/low population density","version":"00.00.000","flowType":"ELEMENTARY_FLOW","isInfrastructureFlow":false,"flowProperties":[{"@type":"FlowPropertyFactor","isRefFlowProperty":true,"flowProperty":{"@type":"FlowProperty","@id":"93a60a56-a3c8-11da-a746-0800200b9a66","name":"Mass","category":"Technical flow properties","refUnit":"kg"},"conversionFactor":1.0}]}