{"@type":"Flow","@id":"450202ff-b0c8-481b-9a58-d49af06cdb1b","name":"chipper, stationary, electric","description":"EcoSpold 2 intermediate exchange, ID \u003d 450202ff-b0c8-481b-9a58-d49af06cdb1b","category":"C:Manufacturing/28:Manufacture of machinery and equipment n.e.c./282:Manufacture of special-purpose machinery/2821:Manufacture of agricultural and forestry machinery","version":"00.00.003","lastChange":"2022-12-15T18:23:25.220Z","flowType":"PRODUCT_FLOW","isInfrastructureFlow":false,"flowProperties":[{"@type":"FlowPropertyFactor","isRefFlowProperty":true,"flowProperty":{"@type":"FlowProperty","@id":"01846770-4cfe-4a25-8ad9-919d8d378345","name":"Number of items","category":"Technical flow properties","refUnit":"Item(s)"},"conversionFactor":1.0}]}