{"@type":"Flow","@id":"4d81f2d8-1e44-44d0-8439-a1121c8bce27","name":"sodium carbonate","description":"","category":"Elementary flows/Resource/in ground","version":"00.00.000","flowType":"ELEMENTARY_FLOW","cas":"","formula":"","isInfrastructureFlow":false,"flowProperties":[{"@type":"FlowPropertyFactor","isRefFlowProperty":true,"flowProperty":{"@type":"FlowProperty","@id":"93a60a56-a3c8-11da-a746-0800200b9a66","name":"Mass","category":"Technical flow properties","refUnit":"kg"},"conversionFactor":1.0}]}