{"@type":"Flow","@id":"51202bed-5f41-4b96-a788-9f6649dcb3c8","name":"iron (III) chloride, without water, in 40% solution state","description":"EcoSpold 2 intermediate exchange, ID \u003d 51202bed-5f41-4b96-a788-9f6649dcb3c8","category":"C:Manufacturing/20:Manufacture of chemicals and chemical products/201:Manufacture of basic chemicals, fertilizers and nitrogen compounds, plastics/2011:Manufacture of basic chemicals","version":"00.00.003","lastChange":"2022-12-15T18:23:23.579Z","flowType":"PRODUCT_FLOW","isInfrastructureFlow":false,"flowProperties":[{"@type":"FlowPropertyFactor","isRefFlowProperty":true,"flowProperty":{"@type":"FlowProperty","@id":"93a60a56-a3c8-11da-a746-0800200b9a66","name":"Mass","category":"Technical flow properties","refUnit":"kg"},"conversionFactor":1.0}]}