{"@type":"Flow","@id":"554be2fb-9bb9-46c6-a4df-46df0d53cb65","name":"Hydrogen sulfide","description":"EcoSpold 2 elementary exchange, ID \u003d 554be2fb-9bb9-46c6-a4df-46df0d53cb65","category":"Elementary flows/Emission to water/ground water, long-term","version":"00.00.000","flowType":"ELEMENTARY_FLOW","isInfrastructureFlow":false,"flowProperties":[{"@type":"FlowPropertyFactor","isRefFlowProperty":true,"flowProperty":{"@type":"FlowProperty","@id":"93a60a56-a3c8-11da-a746-0800200b9a66","name":"Mass","category":"Technical flow properties","refUnit":"kg"},"conversionFactor":1.0}]}