{"@type":"Flow","@id":"5e050fab-1837-4c42-b597-ed2f376f768f","name":"Chloride","description":"EcoSpold 2 elementary exchange, ID \u003d 5e050fab-1837-4c42-b597-ed2f376f768f","category":"Elementary flows/Emission to water/surface water","version":"00.00.000","flowType":"ELEMENTARY_FLOW","isInfrastructureFlow":false,"flowProperties":[{"@type":"FlowPropertyFactor","isRefFlowProperty":true,"flowProperty":{"@type":"FlowProperty","@id":"93a60a56-a3c8-11da-a746-0800200b9a66","name":"Mass","category":"Technical flow properties","refUnit":"kg"},"conversionFactor":1.0}]}