{"@type":"Flow","@id":"6a903634-c97f-4c49-a7c0-88f0e6ac7a23","name":"Lead II","description":"EcoSpold 2 elementary exchange, ID \u003d 6a903634-c97f-4c49-a7c0-88f0e6ac7a23","category":"Elementary flows/Emission to air/high population density","version":"00.00.000","flowType":"ELEMENTARY_FLOW","isInfrastructureFlow":false,"flowProperties":[{"@type":"FlowPropertyFactor","isRefFlowProperty":true,"flowProperty":{"@type":"FlowProperty","@id":"93a60a56-a3c8-11da-a746-0800200b9a66","name":"Mass","category":"Technical flow properties","refUnit":"kg"},"conversionFactor":1.0}]}