{"@type":"Flow","@id":"6eabd178-3f87-5399-a0e9-1875d44bfe28","name":"glued laminated timber, PUR-glue","description":"EcoSpold 2 intermediate exchange, ID \u003d 6eabd178-3f87-5399-a0e9-1875d44bfe28","category":"C:Manufacturing/16:Manufacture of wood and of products of wood and cork, except furniture; manufacture of articles of straw and plaiting materials/162:Manufacture of products of wood, cork, straw and plaiting materials/1621:Manufacture of veneer sheets and wood-based panels","version":"00.00.003","lastChange":"2022-12-15T18:23:23.394Z","flowType":"PRODUCT_FLOW","isInfrastructureFlow":false,"flowProperties":[{"@type":"FlowPropertyFactor","isRefFlowProperty":true,"flowProperty":{"@type":"FlowProperty","@id":"93a60a56-a3c8-22da-a746-0800200c9a66","name":"Volume","category":"Technical flow properties","refUnit":"m3"},"conversionFactor":1.0}]}