{"@type":"Flow","@id":"7ce56135-2ca5-4fba-ad52-d62a34bfeb35","name":"Nitrate","description":"EcoSpold 2 elementary exchange, ID \u003d 7ce56135-2ca5-4fba-ad52-d62a34bfeb35","category":"Elementary flows/Emission to water/surface water","version":"00.00.000","flowType":"ELEMENTARY_FLOW","isInfrastructureFlow":false,"flowProperties":[{"@type":"FlowPropertyFactor","isRefFlowProperty":true,"flowProperty":{"@type":"FlowProperty","@id":"93a60a56-a3c8-11da-a746-0800200b9a66","name":"Mass","category":"Technical flow properties","refUnit":"kg"},"conversionFactor":1.0}]}