{"@type":"Flow","@id":"7d3f7498-3596-478a-9fa1-72201ef94082","name":"Molybdenum VI","description":"EcoSpold 2 elementary exchange, ID \u003d 7d3f7498-3596-478a-9fa1-72201ef94082","category":"Elementary flows/Emission to water/ground water, long-term","version":"00.00.000","flowType":"ELEMENTARY_FLOW","isInfrastructureFlow":false,"flowProperties":[{"@type":"FlowPropertyFactor","isRefFlowProperty":true,"flowProperty":{"@type":"FlowProperty","@id":"93a60a56-a3c8-11da-a746-0800200b9a66","name":"Mass","category":"Technical flow properties","refUnit":"kg"},"conversionFactor":1.0}]}