{"@type":"Flow","@id":"7ee0ddc3-924d-4339-b9bf-7856af6a698f","name":"waste polyethylene","description":"EcoSpold 2 intermediate exchange, ID \u003d 7ee0ddc3-924d-4339-b9bf-7856af6a698f","category":"E:Water supply; sewerage, waste management and remediation activities/38:Waste collection, treatment and disposal activities; materials recovery/382:Waste treatment and disposal/3821:Treatment and disposal of non-hazardous waste","version":"00.00.003","lastChange":"2022-12-15T18:23:27.054Z","flowType":"WASTE_FLOW","isInfrastructureFlow":false,"flowProperties":[{"@type":"FlowPropertyFactor","isRefFlowProperty":true,"flowProperty":{"@type":"FlowProperty","@id":"93a60a56-a3c8-11da-a746-0800200b9a66","name":"Mass","category":"Technical flow properties","refUnit":"kg"},"conversionFactor":1.0}]}