{"@type":"Flow","@id":"7f6bb533-2d3c-43a6-ac60-6eef299d7c52","name":"waste cement, hydrated","description":"EcoSpold 2 intermediate exchange, ID \u003d 7f6bb533-2d3c-43a6-ac60-6eef299d7c52","category":"E:Water supply; sewerage, waste management and remediation activities/38:Waste collection, treatment and disposal activities; materials recovery/382:Waste treatment and disposal/3822:Treatment and disposal of hazardous waste","version":"00.00.003","lastChange":"2022-12-15T18:23:27.439Z","flowType":"WASTE_FLOW","isInfrastructureFlow":false,"flowProperties":[{"@type":"FlowPropertyFactor","isRefFlowProperty":true,"flowProperty":{"@type":"FlowProperty","@id":"93a60a56-a3c8-11da-a746-0800200b9a66","name":"Mass","category":"Technical flow properties","refUnit":"kg"},"conversionFactor":1.0}]}