{"@type":"Flow","@id":"84925dd9-d7ca-50b6-950e-0bbb739e0109","name":"glued laminated timber, MUF-glue","description":"EcoSpold 2 intermediate exchange, ID \u003d 84925dd9-d7ca-50b6-950e-0bbb739e0109","category":"C:Manufacturing/16:Manufacture of wood and of products of wood and cork, except furniture; manufacture of articles of straw and plaiting materials/162:Manufacture of products of wood, cork, straw and plaiting materials/1621:Manufacture of veneer sheets and wood-based panels","version":"00.00.003","lastChange":"2022-12-15T18:23:23.393Z","flowType":"PRODUCT_FLOW","isInfrastructureFlow":false,"flowProperties":[{"@type":"FlowPropertyFactor","isRefFlowProperty":true,"flowProperty":{"@type":"FlowProperty","@id":"93a60a56-a3c8-22da-a746-0800200c9a66","name":"Volume","category":"Technical flow properties","refUnit":"m3"},"conversionFactor":1.0}]}