{"@type":"Flow","@id":"86cf2137-cb67-4ab6-8041-8e767c0579f0","name":"wood chipping, industrial residual wood, stationary electric chipper","description":"EcoSpold 2 intermediate exchange, ID \u003d 86cf2137-cb67-4ab6-8041-8e767c0579f0","category":"C:Manufacturing/16:Manufacture of wood and of products of wood and cork, except furniture; manufacture of articles of straw and plaiting materials/161:Sawmilling and planing of wood/1610:Sawmilling and planing of wood","version":"00.00.003","lastChange":"2022-12-15T18:23:23.361Z","flowType":"PRODUCT_FLOW","isInfrastructureFlow":false,"flowProperties":[{"@type":"FlowPropertyFactor","isRefFlowProperty":true,"flowProperty":{"@type":"FlowProperty","@id":"93a60a56-a3c8-11da-a746-0800200b9a66","name":"Mass","category":"Technical flow properties","refUnit":"kg"},"conversionFactor":1.0}]}