{"@type":"Flow","@id":"8f1b69d9-fc00-4b46-99f9-7a57fd71dad2","name":"Strontium","description":"EcoSpold 2 elementary exchange, ID \u003d 8f1b69d9-fc00-4b46-99f9-7a57fd71dad2","category":"Elementary flows/Emission to water/ground water, long-term","version":"00.00.000","flowType":"ELEMENTARY_FLOW","isInfrastructureFlow":false,"flowProperties":[{"@type":"FlowPropertyFactor","isRefFlowProperty":true,"flowProperty":{"@type":"FlowProperty","@id":"93a60a56-a3c8-11da-a746-0800200b9a66","name":"Mass","category":"Technical flow properties","refUnit":"kg"},"conversionFactor":1.0}]}