{"@type":"Flow","@id":"91ecda95-607d-54b4-ac43-91b892561678","name":"waste preparation facility","description":"EcoSpold 2 intermediate exchange, ID \u003d 91ecda95-607d-54b4-ac43-91b892561678","category":"F:Construction/42:Civil engineering/429:Construction of other civil engineering projects/4290:Construction of other civil engineering projects","version":"00.00.003","lastChange":"2022-12-15T18:23:28.784Z","flowType":"PRODUCT_FLOW","isInfrastructureFlow":false,"flowProperties":[{"@type":"FlowPropertyFactor","isRefFlowProperty":true,"flowProperty":{"@type":"FlowProperty","@id":"01846770-4cfe-4a25-8ad9-919d8d378345","name":"Number of items","category":"Technical flow properties","refUnit":"Item(s)"},"conversionFactor":1.0}]}