{"@type":"Flow","@id":"921df5eb-cde6-40ea-8744-c02746db0a3c","name":"Cyanide","description":"EcoSpold 2 elementary exchange, ID \u003d 921df5eb-cde6-40ea-8744-c02746db0a3c","category":"Elementary flows/Emission to air/high population density","version":"00.00.000","flowType":"ELEMENTARY_FLOW","isInfrastructureFlow":false,"flowProperties":[{"@type":"FlowPropertyFactor","isRefFlowProperty":true,"flowProperty":{"@type":"FlowProperty","@id":"93a60a56-a3c8-11da-a746-0800200b9a66","name":"Mass","category":"Technical flow properties","refUnit":"kg"},"conversionFactor":1.0}]}