{"@type":"Flow","@id":"94426df9-63b1-4dc6-ad1b-3509e22f1154","name":"Silver I","description":"EcoSpold 2 elementary exchange, ID \u003d 94426df9-63b1-4dc6-ad1b-3509e22f1154","category":"Elementary flows/Emission to water/ground water, long-term","version":"00.00.000","flowType":"ELEMENTARY_FLOW","isInfrastructureFlow":false,"flowProperties":[{"@type":"FlowPropertyFactor","isRefFlowProperty":true,"flowProperty":{"@type":"FlowProperty","@id":"93a60a56-a3c8-11da-a746-0800200b9a66","name":"Mass","category":"Technical flow properties","refUnit":"kg"},"conversionFactor":1.0}]}