{"@type":"Flow","@id":"974213ef-1ba0-40e5-bc7b-52ef099e9e09","name":"Nickel","description":"EcoSpold 2 elementary exchange, ID \u003d 974213ef-1ba0-40e5-bc7b-52ef099e9e09","category":"Elementary flows/Resource/in ground","version":"00.00.000","flowType":"ELEMENTARY_FLOW","isInfrastructureFlow":false,"flowProperties":[{"@type":"FlowPropertyFactor","isRefFlowProperty":true,"flowProperty":{"@type":"FlowProperty","@id":"93a60a56-a3c8-11da-a746-0800200b9a66","name":"Mass","category":"Technical flow properties","refUnit":"kg"},"conversionFactor":1.0}]}