{"@type":"Flow","@id":"9d63da75-8289-4b96-a900-67ec3bd40a16","name":"sulfuric acid","description":"EcoSpold 2 intermediate exchange, ID \u003d 9d63da75-8289-4b96-a900-67ec3bd40a16","category":"C:Manufacturing/20:Manufacture of chemicals and chemical products/201:Manufacture of basic chemicals, fertilizers and nitrogen compounds, plastics/2012:Manufacture of fertilizers and nitrogen compounds","version":"00.00.003","lastChange":"2022-12-15T18:23:24.095Z","flowType":"PRODUCT_FLOW","isInfrastructureFlow":false,"flowProperties":[{"@type":"FlowPropertyFactor","isRefFlowProperty":true,"flowProperty":{"@type":"FlowProperty","@id":"93a60a56-a3c8-11da-a746-0800200b9a66","name":"Mass","category":"Technical flow properties","refUnit":"kg"},"conversionFactor":1.0}]}