{"@type":"Flow","@id":"9f5bfac4-cbb6-4b38-afb9-cf563fc5ca15","name":"Nitrite","description":"EcoSpold 2 elementary exchange, ID \u003d 9f5bfac4-cbb6-4b38-afb9-cf563fc5ca15","category":"Elementary flows/Emission to water/unspecified","version":"00.00.000","flowType":"ELEMENTARY_FLOW","isInfrastructureFlow":false,"flowProperties":[{"@type":"FlowPropertyFactor","isRefFlowProperty":true,"flowProperty":{"@type":"FlowProperty","@id":"93a60a56-a3c8-11da-a746-0800200b9a66","name":"Mass","category":"Technical flow properties","refUnit":"kg"},"conversionFactor":1.0}]}