{"@type":"Flow","@id":"a430f433-cdc8-45be-ace2-32a634634d3b","name":"aluminium, cast alloy","description":"EcoSpold 2 intermediate exchange, ID \u003d a430f433-cdc8-45be-ace2-32a634634d3b","category":"C:Manufacturing/24:Manufacture of basic metals/242:Manufacture of basic precious and other non-ferrous metals/2420:Manufacture of basic precious and other non-ferrous metals","version":"00.00.003","lastChange":"2022-12-15T18:23:24.584Z","flowType":"PRODUCT_FLOW","isInfrastructureFlow":false,"flowProperties":[{"@type":"FlowPropertyFactor","isRefFlowProperty":true,"flowProperty":{"@type":"FlowProperty","@id":"93a60a56-a3c8-11da-a746-0800200b9a66","name":"Mass","category":"Technical flow properties","refUnit":"kg"},"conversionFactor":1.0}]}