{"@type":"Flow","@id":"a8fea8cf-9b09-49fc-aa58-5a732494a2a0","name":"COD, Chemical Oxygen Demand","description":"EcoSpold 2 elementary exchange, ID \u003d a8fea8cf-9b09-49fc-aa58-5a732494a2a0","category":"Elementary flows/Emission to water/ground water, long-term","version":"00.00.000","flowType":"ELEMENTARY_FLOW","isInfrastructureFlow":false,"flowProperties":[{"@type":"FlowPropertyFactor","isRefFlowProperty":true,"flowProperty":{"@type":"FlowProperty","@id":"93a60a56-a3c8-11da-a746-0800200b9a66","name":"Mass","category":"Technical flow properties","refUnit":"kg"},"conversionFactor":1.0}]}