{"@type":"Flow","@id":"a9b2fe27-bc40-4a22-a2c8-e320425c0086","name":"plastic flake, consumer electronics, for recycling","description":"EcoSpold 2 intermediate exchange, ID \u003d a9b2fe27-bc40-4a22-a2c8-e320425c0086","category":"E:Water supply; sewerage, waste management and remediation activities/38:Waste collection, treatment and disposal activities; materials recovery/383:Materials recovery/3830:Materials recovery","version":"00.00.003","lastChange":"2022-12-15T18:23:27.653Z","flowType":"PRODUCT_FLOW","isInfrastructureFlow":false,"flowProperties":[{"@type":"FlowPropertyFactor","isRefFlowProperty":true,"flowProperty":{"@type":"FlowProperty","@id":"93a60a56-a3c8-11da-a746-0800200b9a66","name":"Mass","category":"Technical flow properties","refUnit":"kg"},"conversionFactor":1.0}]}