{"@type":"Flow","@id":"aac39edf-68c5-4f38-9aa9-17e3ca265109","name":"Potassium I","description":"EcoSpold 2 elementary exchange, ID \u003d aac39edf-68c5-4f38-9aa9-17e3ca265109","category":"Elementary flows/Emission to air/high population density","version":"00.00.000","flowType":"ELEMENTARY_FLOW","isInfrastructureFlow":false,"flowProperties":[{"@type":"FlowPropertyFactor","isRefFlowProperty":true,"flowProperty":{"@type":"FlowProperty","@id":"93a60a56-a3c8-11da-a746-0800200b9a66","name":"Mass","category":"Technical flow properties","refUnit":"kg"},"conversionFactor":1.0}]}