{"@type":"Flow","@id":"af83b42f-a4e6-4457-be74-46a87798f82a","name":"Cadmium II","description":"EcoSpold 2 elementary exchange, ID \u003d af83b42f-a4e6-4457-be74-46a87798f82a","category":"Elementary flows/Emission to water/surface water","version":"00.00.000","flowType":"ELEMENTARY_FLOW","isInfrastructureFlow":false,"flowProperties":[{"@type":"FlowPropertyFactor","isRefFlowProperty":true,"flowProperty":{"@type":"FlowProperty","@id":"93a60a56-a3c8-11da-a746-0800200b9a66","name":"Mass","category":"Technical flow properties","refUnit":"kg"},"conversionFactor":1.0}]}