{"@type":"Flow","@id":"b411ec8b-c60a-4235-a3b2-8bf8443cbc55","name":"Heat, waste","description":"EcoSpold 2 elementary exchange, ID \u003d b411ec8b-c60a-4235-a3b2-8bf8443cbc55","category":"Elementary flows/Emission to air/high population density","version":"00.00.000","flowType":"ELEMENTARY_FLOW","isInfrastructureFlow":false,"flowProperties":[{"@type":"FlowPropertyFactor","isRefFlowProperty":true,"flowProperty":{"@type":"FlowProperty","@id":"f6811440-ee37-11de-8a39-0800200c9a66","name":"Energy","category":"Technical flow properties","refUnit":"MJ"},"conversionFactor":1.0}]}