{"@type":"Flow","@id":"b7237883-7415-47c2-902f-4db28490bec1","name":"plastic flake, consumer electronics, for recycling","description":"","category":"MSW/recycled products","version":"00.00.000","lastChange":"2024-02-24T09:00:26.333Z","flowType":"ELEMENTARY_FLOW","isInfrastructureFlow":false,"flowProperties":[{"@type":"FlowPropertyFactor","isRefFlowProperty":true,"flowProperty":{"@type":"FlowProperty","@id":"93a60a56-a3c8-11da-a746-0800200b9a66","name":"Mass","category":"Technical flow properties","refUnit":"kg"},"conversionFactor":1.0}]}