{"@type":"Flow","@id":"c5adb1fb-872e-4446-a3bb-c4b61aa4bd45","name":"tap water","description":"EcoSpold 2 intermediate exchange, ID \u003d c5adb1fb-872e-4446-a3bb-c4b61aa4bd45","category":"E:Water supply; sewerage, waste management and remediation activities/36:Water collection, treatment and supply/360:Water collection, treatment and supply/3600:Water collection, treatment and supply","version":"00.00.003","lastChange":"2022-12-15T18:23:26.988Z","flowType":"PRODUCT_FLOW","isInfrastructureFlow":false,"flowProperties":[{"@type":"FlowPropertyFactor","isRefFlowProperty":true,"flowProperty":{"@type":"FlowProperty","@id":"93a60a56-a3c8-11da-a746-0800200b9a66","name":"Mass","category":"Technical flow properties","refUnit":"kg"},"conversionFactor":1.0}]}