{"@type":"Flow","@id":"d5863802-d93f-4c5e-a028-bc34668ef3c5","name":"machine operation, diesel, \u003e\u003d 74.57 kW, low load factor","description":"EcoSpold 2 intermediate exchange, ID \u003d d5863802-d93f-4c5e-a028-bc34668ef3c5","category":"F:Construction/43:Specialized construction activities/431:Demolition and site preparation/4312:Site preparation","version":"00.00.003","lastChange":"2022-12-15T18:23:28.871Z","flowType":"PRODUCT_FLOW","isInfrastructureFlow":false,"flowProperties":[{"@type":"FlowPropertyFactor","isRefFlowProperty":true,"flowProperty":{"@type":"FlowProperty","@id":"c0447923-0e60-4b3c-97c2-a86dddd9eea5","name":"Duration","category":"Technical flow properties","refUnit":"d"},"conversionFactor":1.0}]}