{"@type":"Flow","@id":"e3cfaa07-9b68-4461-a06f-a0e4e59d41d3","name":"Hydrogen sulfide","description":"EcoSpold 2 elementary exchange, ID \u003d e3cfaa07-9b68-4461-a06f-a0e4e59d41d3","category":"Elementary flows/Emission to air/high population density","version":"00.00.000","flowType":"ELEMENTARY_FLOW","isInfrastructureFlow":false,"flowProperties":[{"@type":"FlowPropertyFactor","isRefFlowProperty":true,"flowProperty":{"@type":"FlowProperty","@id":"93a60a56-a3c8-11da-a746-0800200b9a66","name":"Mass","category":"Technical flow properties","refUnit":"kg"},"conversionFactor":1.0}]}