{"@type":"Flow","@id":"e43a270f-4f88-4789-a0b8-7aba56677743","name":"Nickel II","description":"EcoSpold 2 elementary exchange, ID \u003d e43a270f-4f88-4789-a0b8-7aba56677743","category":"Elementary flows/Emission to air/high population density","version":"00.00.000","flowType":"ELEMENTARY_FLOW","isInfrastructureFlow":false,"flowProperties":[{"@type":"FlowPropertyFactor","isRefFlowProperty":true,"flowProperty":{"@type":"FlowProperty","@id":"93a60a56-a3c8-11da-a746-0800200b9a66","name":"Mass","category":"Technical flow properties","refUnit":"kg"},"conversionFactor":1.0}]}