{"@type":"Flow","@id":"ec8144d6-d123-43b1-9c17-a295422a0498","name":"Copper ion","description":"EcoSpold 2 elementary exchange, ID \u003d ec8144d6-d123-43b1-9c17-a295422a0498","category":"Elementary flows/Emission to air/unspecified","version":"00.00.000","flowType":"ELEMENTARY_FLOW","isInfrastructureFlow":false,"flowProperties":[{"@type":"FlowPropertyFactor","isRefFlowProperty":true,"flowProperty":{"@type":"FlowProperty","@id":"93a60a56-a3c8-11da-a746-0800200b9a66","name":"Mass","category":"Technical flow properties","refUnit":"kg"},"conversionFactor":1.0}]}