{"@type":"Flow","@id":"ef5d9b7f-0d4a-49b9-a2eb-eef36ded1c38","name":"concrete, 30MPa","description":"EcoSpold 2 intermediate exchange, ID \u003d ef5d9b7f-0d4a-49b9-a2eb-eef36ded1c38","category":"C:Manufacturing/23:Manufacture of other non-metallic mineral products/239:Manufacture of non-metallic mineral products n.e.c./2395:Manufacture of articles of concrete, cement and plaster","version":"00.00.003","lastChange":"2022-12-15T18:23:24.475Z","flowType":"PRODUCT_FLOW","isInfrastructureFlow":false,"flowProperties":[{"@type":"FlowPropertyFactor","isRefFlowProperty":true,"flowProperty":{"@type":"FlowProperty","@id":"93a60a56-a3c8-22da-a746-0800200c9a66","name":"Volume","category":"Technical flow properties","refUnit":"m3"},"conversionFactor":1.0}]}