{"@type":"Flow","@id":"f51d7ccf-0bee-430d-98a3-8334adbe39fc","name":"sand","description":"EcoSpold 2 intermediate exchange, ID \u003d f51d7ccf-0bee-430d-98a3-8334adbe39fc","category":"B:Mining and quarrying/08:Other mining and quarrying/081:Quarrying of stone, sand and clay/0810:Quarrying of stone, sand and clay","version":"00.00.003","lastChange":"2022-12-15T18:23:19.258Z","flowType":"PRODUCT_FLOW","isInfrastructureFlow":false,"flowProperties":[{"@type":"FlowPropertyFactor","isRefFlowProperty":true,"flowProperty":{"@type":"FlowProperty","@id":"93a60a56-a3c8-11da-a746-0800200b9a66","name":"Mass","category":"Technical flow properties","refUnit":"kg"},"conversionFactor":1.0}]}