{"@type":"Flow","@id":"f65558fb-61a1-4e48-b4f2-60d62f14b085","name":"TOC, Total Organic Carbon","description":"EcoSpold 2 elementary exchange, ID \u003d f65558fb-61a1-4e48-b4f2-60d62f14b085","category":"Elementary flows/Emission to water/surface water","version":"00.00.000","flowType":"ELEMENTARY_FLOW","isInfrastructureFlow":false,"flowProperties":[{"@type":"FlowPropertyFactor","isRefFlowProperty":true,"flowProperty":{"@type":"FlowProperty","@id":"93a60a56-a3c8-11da-a746-0800200b9a66","name":"Mass","category":"Technical flow properties","refUnit":"kg"},"conversionFactor":1.0}]}