{"@type":"Flow","@id":"f8f772bc-7204-4fda-aa97-080fd0f1b34c","name":"Titanium ion","description":"EcoSpold 2 elementary exchange, ID \u003d f8f772bc-7204-4fda-aa97-080fd0f1b34c","category":"Elementary flows/Emission to air/high population density","version":"00.00.000","flowType":"ELEMENTARY_FLOW","isInfrastructureFlow":false,"flowProperties":[{"@type":"FlowPropertyFactor","isRefFlowProperty":true,"flowProperty":{"@type":"FlowProperty","@id":"93a60a56-a3c8-11da-a746-0800200b9a66","name":"Mass","category":"Technical flow properties","refUnit":"kg"},"conversionFactor":1.0}]}