{"@type":"Process","@id":"42d87747-d5e9-3984-bda8-76648779690b","name":"waste collection lorry production, 21 metric ton | waste collection lorry, 21 metric ton | Consequential, U","description":"based on a vehicle lifetime of 540\u0027000 vehicle-kilometers. Gross load capactity 8.2 tons. Load factor 50%. Average load 4.1 tons. lifetime transport service 2.214 million ton-kilometers.  vehicle and road infrastructure for waste collection vehicle. Production and maintenance. Dataset documentation: https://v391.ecoquery.ecoinvent.org/Details/UPR/d85f2065-830f-4bff-b292-bb7b7862a3de/dd7f13f5-0658-489c-a19c-f2ff8a00bdd9","category":"C:Manufacturing/29:Manufacture of motor vehicles, trailers and semi-trailers/291:Manufacture of motor vehicles/2910:Manufacture of motor vehicles","version":"03.113.003","lastChange":"2022-12-15T18:02:39.925Z","processType":"UNIT_PROCESS","isInfrastructureProcess":false,"location":{"@type":"Location","@id":"f1965a85-7bc2-35d2-afe2-2023aa5ab50d","name":"Rest-of-World"},"processDocumentation":{"technologyDescription":"Waste collection and hydraulic compression vehicle. Gross load capactity 8.2 tons. Load factor 50%. Average load 4.1 tons. Extrapolated from data for lorry 16t class  (ecoinvent 2000 report No. 14). Assuming 30% higher vehicle mass.","dataTreatmentDescription":"see Technology/Text This dataset has been copied from an original dataset covering the geography CH. The uncertainty has been adjusted accordingly.","isCopyrightProtected":true,"creationDate":"2010-07-28T18:31:01","validFrom":"1991-01-01","validUntil":"2022-12-31","dataDocumentor":{"@type":"Actor","@id":"c4597934-ecac-422c-b431-382e85fdcb83","name":"[System]"},"dataGenerator":{"@type":"Actor","@id":"b05f6f5a-d4f6-48e5-88bc-38c98a05048d","name":"Gabor Doka (obsolete)"},"publication":{"@type":"Source","@id":"a3ba5207-5834-4d67-b417-38951b3ead65","name":"Doka G.2007"}},"lastInternalId":3,"exchangeDqSystem":{"@type":"DQSystem","@id":"e7ac7cf6-5457-453e-99f9-d889826fffe8","name":"Ecoinvent Data Quality System"},"parameters":[],"exchanges":[{"@type":"Exchange","isAvoidedProduct":false,"isInput":false,"amount":1.0,"description":"EcoSpold01Location\u003dCH","costValue":33853.95623,"currency":{"@type":"Currency","@id":"7de74e65-ff97-404f-bf57-5d2a9134fb43","name":"Euro","refUnit":"EUR"},"internalId":1,"flow":{"@type":"Flow","@id":"c5becf71-fc41-4921-9a9e-b6b700e0408b","name":"waste collection lorry, 21 metric ton","category":"C:Manufacturing/29:Manufacture of motor vehicles, trailers and semi-trailers/291:Manufacture of motor vehicles/2910:Manufacture of motor vehicles","flowType":"PRODUCT_FLOW","refUnit":"Item(s)"},"unit":{"@type":"Unit","@id":"6dabe201-aaac-4509-92f0-d00c26cb72ab","name":"Item(s)"},"flowProperty":{"@type":"FlowProperty","@id":"01846770-4cfe-4a25-8ad9-919d8d378345","name":"Number of items","category":"Technical flow properties","refUnit":"Item(s)"},"isQuantitativeReference":true},{"@type":"Exchange","isAvoidedProduct":false,"isInput":true,"amount":1.0,"dqEntry":"(1;1;5;5;1)","description":"EcoSpold01Location\u003dCH\napproximated with maintenance for 16t lorry.","internalId":3,"flow":{"@type":"Flow","@id":"ee9dfb6d-f51c-46b9-bb98-84e173127957","name":"maintenance, lorry 16 metric ton","category":"G:Wholesale and retail trade; repair of motor vehicles and motorcycles/45:Wholesale and retail trade and repair of motor vehicles and motorcycles/452:Maintenance and repair of motor vehicles/4520:Maintenance and repair of motor vehicles","flowType":"PRODUCT_FLOW","refUnit":"Item(s)"},"unit":{"@type":"Unit","@id":"6dabe201-aaac-4509-92f0-d00c26cb72ab","name":"Item(s)"},"flowProperty":{"@type":"FlowProperty","@id":"01846770-4cfe-4a25-8ad9-919d8d378345","name":"Number of items","category":"Technical flow properties","refUnit":"Item(s)"},"uncertainty":{"@type":"Uncertainty","distributionType":"LOG_NORMAL_DISTRIBUTION","geomMean":1.0,"geomSd":1.4139824580805163},"defaultProvider":{"@type":"Process","@id":"468f4892-d4a1-31e5-8b06-630ec7a146a2","name":"market for maintenance, lorry 16 metric ton | maintenance, lorry 16 metric ton | Consequential, U","category":"G:Wholesale and retail trade; repair of motor vehicles and motorcycles/45:Wholesale and retail trade and repair of motor vehicles and motorcycles/452:Maintenance and repair of motor vehicles/4520:Maintenance and repair of motor vehicles","processType":"UNIT_PROCESS","flowType":"PRODUCT_FLOW","location":"RoW"}},{"@type":"Exchange","isAvoidedProduct":false,"isInput":true,"amount":1.3,"dqEntry":"(1;1;5;5;1)","description":"unqualified estimate of mass increase compared to a 16t lorry.\nEcoSpold01Location\u003dRER","internalId":2,"flow":{"@type":"Flow","@id":"1603f6f1-73ff-47f5-a984-e8c1f888400b","name":"lorry, 16 metric ton","category":"C:Manufacturing/29:Manufacture of motor vehicles, trailers and semi-trailers/291:Manufacture of motor vehicles/2910:Manufacture of motor vehicles","flowType":"PRODUCT_FLOW","refUnit":"Item(s)"},"unit":{"@type":"Unit","@id":"6dabe201-aaac-4509-92f0-d00c26cb72ab","name":"Item(s)"},"flowProperty":{"@type":"FlowProperty","@id":"01846770-4cfe-4a25-8ad9-919d8d378345","name":"Number of items","category":"Technical flow properties","refUnit":"Item(s)"},"uncertainty":{"@type":"Uncertainty","distributionType":"LOG_NORMAL_DISTRIBUTION","geomMean":1.3,"geomSd":1.0},"defaultProvider":{"@type":"Process","@id":"5c0cbb18-e993-38df-bb69-4085e0c3fc7c","name":"market for lorry, 16 metric ton | lorry, 16 metric ton | Consequential, U","category":"C:Manufacturing/29:Manufacture of motor vehicles, trailers and semi-trailers/291:Manufacture of motor vehicles/2910:Manufacture of motor vehicles","processType":"UNIT_PROCESS","flowType":"PRODUCT_FLOW","location":"RoW"}}],"socialAspects":[],"allocationFactors":[]}