{"@type":"Process","@id":"48c70030-3109-453d-af6b-fd9e64d5e5db","name":"tap water","description":"","category":"MSW/Current Management/resource","version":"00.00.001","lastChange":"2024-02-24T07:25:21.948Z","processType":"UNIT_PROCESS","isInfrastructureProcess":false,"processDocumentation":{"isCopyrightProtected":false,"creationDate":"2024-02-24T15:23:46.116"},"lastInternalId":2,"parameters":[],"exchanges":[{"@type":"Exchange","isAvoidedProduct":false,"isInput":false,"amount":1.0,"internalId":1,"flow":{"@type":"Flow","@id":"c5adb1fb-872e-4446-a3bb-c4b61aa4bd45","name":"tap water","category":"E:Water supply; sewerage, waste management and remediation activities/36:Water collection, treatment and supply/360:Water collection, treatment and supply/3600:Water collection, treatment and supply","flowType":"PRODUCT_FLOW","refUnit":"kg"},"unit":{"@type":"Unit","@id":"20aadc24-a391-41cf-b340-3e4529f44bde","name":"kg"},"flowProperty":{"@type":"FlowProperty","@id":"93a60a56-a3c8-11da-a746-0800200b9a66","name":"Mass","category":"Technical flow properties","refUnit":"kg"},"isQuantitativeReference":true},{"@type":"Exchange","isAvoidedProduct":false,"isInput":true,"amount":1.0,"internalId":2,"flow":{"@type":"Flow","@id":"e5e2fee5-20bd-3953-a9a9-e79801674215","name":"Water (with river silt)","category":"Elementary flows/Resource/unspecified","flowType":"ELEMENTARY_FLOW","refUnit":"kg"},"unit":{"@type":"Unit","@id":"20aadc24-a391-41cf-b340-3e4529f44bde","name":"kg"},"flowProperty":{"@type":"FlowProperty","@id":"93a60a56-a3c8-11da-a746-0800200b9a66","name":"Mass","category":"Technical flow properties","refUnit":"kg"}}],"socialAspects":[],"allocationFactors":[]}