{"@type":"Process","@id":"5cb4590d-ef0a-3ce8-a2fe-8e3296263acb","name":"maintenance, lorry 16 metric ton | maintenance, lorry 16 metric ton | Consequential, U","description":"Data are merely rough estimates based on expert estimates.;[This dataset was already contained in the ecoinvent database version 2. It was not individually updated during the transfer to ecoinvent version 3. Life Cycle Impact Assessment results may still have changed, as they are affected by changes in the supply chain, i.e. in other datasets. This dataset was generated following the ecoinvent quality guidelines for version 2. It may have been subject to central changes described in the ecoinvent version 3 change report (http://www.ecoinvent.org/database/ecoinvent-version-3/reports-of-changes/), and the results of the central updates were reviewed extensively. The changes added e.g. consistent water flows and other information throughout the database. The documentation of this dataset can be found in the ecoinvent reports of version 2, which are still available via the ecoinvent website. The change report linked above covers all central changes that were made during the conversion process.]  The inventory includes materials used for alteration parts and energy consumption of garages. Rail and road transport of materials is accounted for Dataset documentation: https://v391.ecoquery.ecoinvent.org/Details/UPR/6e63154f-0f25-48d9-8f4f-d3d2f192ee8e/dd7f13f5-0658-489c-a19c-f2ff8a00bdd9","category":"G:Wholesale and retail trade; repair of motor vehicles and motorcycles/45:Wholesale and retail trade and repair of motor vehicles and motorcycles/452:Maintenance and repair of motor vehicles/4520:Maintenance and repair of motor vehicles","version":"03.54.003","lastChange":"2022-12-15T18:03:05.602Z","tags":["ConvertedDataset"],"processType":"UNIT_PROCESS","isInfrastructureProcess":false,"location":{"@type":"Location","@id":"f1965a85-7bc2-35d2-afe2-2023aa5ab50d","name":"Rest-of-World"},"processDocumentation":{"timeDescription":"Data represents conditions of the early 1990ties","technologyDescription":"no technologies are specified","dataTreatmentDescription":"none This dataset has been copied from an original dataset covering the geography CH. The uncertainty has been adjusted accordingly.","samplingDescription":"Data based on expert estimate and further assumption to determine the material consumption.","isCopyrightProtected":true,"geographyDescription":"Data represent Swiss conditions","creationDate":"2010-07-28T18:28:03","validFrom":"1990-01-01","validUntil":"2022-12-31","dataDocumentor":{"@type":"Actor","@id":"c4597934-ecac-422c-b431-382e85fdcb83","name":"[System]"},"dataGenerator":{"@type":"Actor","@id":"e1abe6c4-1214-4fff-b68b-bb34c7d0b7da","name":"Michael Spielmann (obsolete)"},"publication":{"@type":"Source","@id":"24dd0a39-98dd-4c62-97bd-26bd3b144efe","name":"Spielmann M.2007"}},"lastInternalId":16,"exchangeDqSystem":{"@type":"DQSystem","@id":"e7ac7cf6-5457-453e-99f9-d889826fffe8","name":"Ecoinvent Data Quality System"},"parameters":[],"exchanges":[{"@type":"Exchange","isAvoidedProduct":false,"isInput":false,"amount":1.0,"description":"EcoSpold01Location\u003dCH","costValue":5617.95623,"currency":{"@type":"Currency","@id":"7de74e65-ff97-404f-bf57-5d2a9134fb43","name":"Euro","refUnit":"EUR"},"internalId":1,"flow":{"@type":"Flow","@id":"ee9dfb6d-f51c-46b9-bb98-84e173127957","name":"maintenance, lorry 16 metric ton","category":"G:Wholesale and retail trade; repair of motor vehicles and motorcycles/45:Wholesale and retail trade and repair of motor vehicles and motorcycles/452:Maintenance and repair of motor vehicles/4520:Maintenance and repair of motor vehicles","flowType":"PRODUCT_FLOW","refUnit":"Item(s)"},"unit":{"@type":"Unit","@id":"6dabe201-aaac-4509-92f0-d00c26cb72ab","name":"Item(s)"},"flowProperty":{"@type":"FlowProperty","@id":"01846770-4cfe-4a25-8ad9-919d8d378345","name":"Number of items","category":"Technical flow properties","refUnit":"Item(s)"},"isQuantitativeReference":true},{"@type":"Exchange","isAvoidedProduct":false,"isInput":true,"amount":575.0,"dqEntry":"(1;1;5;5;1)","description":"EcoSpold01Location\u003dRER\nLiterature studies. Original data is derived from expert estimates and comprising steel used in tyres and oil filters, brake shoes, exhaust.","internalId":14,"flow":{"@type":"Flow","@id":"9ba48284-0f03-4fec-800d-de77833b12f6","name":"reinforcing steel","category":"C:Manufacturing/24:Manufacture of basic metals/241:Manufacture of basic iron and steel/2410:Manufacture of basic iron and steel","flowType":"PRODUCT_FLOW","refUnit":"kg"},"unit":{"@type":"Unit","@id":"20aadc24-a391-41cf-b340-3e4529f44bde","name":"kg"},"flowProperty":{"@type":"FlowProperty","@id":"93a60a56-a3c8-11da-a746-0800200b9a66","name":"Mass","category":"Technical flow properties","refUnit":"kg"},"uncertainty":{"@type":"Uncertainty","distributionType":"LOG_NORMAL_DISTRIBUTION","geomMean":575.0,"geomSd":1.4139824580805163},"defaultProvider":{"@type":"Process","@id":"0a83828e-1b85-376b-b9f1-5ec5725d97ca","name":"market for reinforcing steel | reinforcing steel | Consequential, U","category":"C:Manufacturing/24:Manufacture of basic metals/241:Manufacture of basic iron and steel/2410:Manufacture of basic iron and steel","processType":"UNIT_PROCESS","flowType":"PRODUCT_FLOW","location":"GLO"}},{"@type":"Exchange","isAvoidedProduct":false,"isInput":true,"amount":780.0,"dqEntry":"(1;1;5;5;1)","description":"EcoSpold01Location\u003dRER\nLiterature studies. Original data is derived from expert estimates.","internalId":11,"flow":{"@type":"Flow","@id":"ea75b944-c676-4a13-85b8-2bea98f765a4","name":"lubricating oil","category":"C:Manufacturing/19:Manufacture of coke and refined petroleum products/192:Manufacture of refined petroleum products/1920:Manufacture of refined petroleum products","flowType":"PRODUCT_FLOW","refUnit":"kg"},"unit":{"@type":"Unit","@id":"20aadc24-a391-41cf-b340-3e4529f44bde","name":"kg"},"flowProperty":{"@type":"FlowProperty","@id":"93a60a56-a3c8-11da-a746-0800200b9a66","name":"Mass","category":"Technical flow properties","refUnit":"kg"},"uncertainty":{"@type":"Uncertainty","distributionType":"LOG_NORMAL_DISTRIBUTION","geomMean":780.0,"geomSd":1.4139824580805163},"defaultProvider":{"@type":"Process","@id":"351e8cc5-8280-3131-b67e-ad19f452984c","name":"market for lubricating oil | lubricating oil | Consequential, U","category":"C:Manufacturing/19:Manufacture of coke and refined petroleum products/192:Manufacture of refined petroleum products/1920:Manufacture of refined petroleum products","processType":"UNIT_PROCESS","flowType":"PRODUCT_FLOW","location":"RoW"}},{"@type":"Exchange","isAvoidedProduct":false,"isInput":true,"amount":79.71,"dqEntry":"(1;1;5;5;1)","description":"EcoSpold01Location\u003dRER","internalId":15,"flow":{"@type":"Flow","@id":"9d63da75-8289-4b96-a900-67ec3bd40a16","name":"sulfuric acid","category":"C:Manufacturing/20:Manufacture of chemicals and chemical products/201:Manufacture of basic chemicals, fertilizers and nitrogen compounds, plastics/2012:Manufacture of fertilizers and nitrogen compounds","flowType":"PRODUCT_FLOW","refUnit":"kg"},"unit":{"@type":"Unit","@id":"20aadc24-a391-41cf-b340-3e4529f44bde","name":"kg"},"flowProperty":{"@type":"FlowProperty","@id":"93a60a56-a3c8-11da-a746-0800200b9a66","name":"Mass","category":"Technical flow properties","refUnit":"kg"},"uncertainty":{"@type":"Uncertainty","distributionType":"LOG_NORMAL_DISTRIBUTION","geomMean":79.71,"geomSd":1.4139824580805163},"defaultProvider":{"@type":"Process","@id":"3fdf90fe-7202-38ec-b99f-b8055c961ee7","name":"market for sulfuric acid | sulfuric acid | Consequential, U","category":"C:Manufacturing/20:Manufacture of chemicals and chemical products/201:Manufacture of basic chemicals, fertilizers and nitrogen compounds, plastics/2012:Manufacture of fertilizers and nitrogen compounds","processType":"UNIT_PROCESS","flowType":"PRODUCT_FLOW","location":"RoW"}},{"@type":"Exchange","isAvoidedProduct":false,"isInput":true,"amount":1100.0,"dqEntry":"(1;1;5;5;1)","description":"EcoSpold01Location\u003dRER\nLiterature studies. Original data is derived from expert estimates.","internalId":16,"flow":{"@type":"Flow","@id":"0da5307e-df93-4bc2-b5bc-6cda3cb55e8c","name":"synthetic rubber","category":"C:Manufacturing/20:Manufacture of chemicals and chemical products/201:Manufacture of basic chemicals, fertilizers and nitrogen compounds, plastics/2013:Manufacture of plastics and synthetic rubber in primary forms","flowType":"PRODUCT_FLOW","refUnit":"kg"},"unit":{"@type":"Unit","@id":"20aadc24-a391-41cf-b340-3e4529f44bde","name":"kg"},"flowProperty":{"@type":"FlowProperty","@id":"93a60a56-a3c8-11da-a746-0800200b9a66","name":"Mass","category":"Technical flow properties","refUnit":"kg"},"uncertainty":{"@type":"Uncertainty","distributionType":"LOG_NORMAL_DISTRIBUTION","geomMean":1100.0,"geomSd":1.4139824580805163},"defaultProvider":{"@type":"Process","@id":"13fb3177-e62d-33da-8ca8-81b174bb9edb","name":"market for synthetic rubber | synthetic rubber | Consequential, U","category":"C:Manufacturing/20:Manufacture of chemicals and chemical products/201:Manufacture of basic chemicals, fertilizers and nitrogen compounds, plastics/2013:Manufacture of plastics and synthetic rubber in primary forms","processType":"UNIT_PROCESS","flowType":"PRODUCT_FLOW","location":"GLO"}},{"@type":"Exchange","isAvoidedProduct":false,"isInput":true,"amount":405.62860838868113,"dqEntry":"(1;1;5;5;1)","description":"EcoSpold01Location\u003dCH\nLiterature studies. Original data is derived from expert estimates.","internalId":5,"flow":{"@type":"Flow","@id":"d69294d7-8d64-4915-a896-9996a014c410","name":"electricity, low voltage","category":"D:Electricity, gas, steam and air conditioning supply/35:Electricity, gas, steam and air conditioning supply/351:Electric power generation, transmission and distribution/3510:Electric power generation, transmission and distribution","flowType":"PRODUCT_FLOW","refUnit":"MJ"},"unit":{"@type":"Unit","@id":"86ad2244-1f0e-4912-af53-7865283103e4","name":"kWh"},"flowProperty":{"@type":"FlowProperty","@id":"f6811440-ee37-11de-8a39-0800200c9a66","name":"Energy","category":"Technical flow properties","refUnit":"MJ"},"uncertainty":{"@type":"Uncertainty","distributionType":"LOG_NORMAL_DISTRIBUTION","geomMean":4430.0,"geomSd":1.4139824580805163},"defaultProvider":{"@type":"Process","@id":"53560571-4f25-3db9-8b7c-b4be05d1c02a","name":"market group for electricity, low voltage | electricity, low voltage | Consequential, U","category":"D:Electricity, gas, steam and air conditioning supply/35:Electricity, gas, steam and air conditioning supply/351:Electric power generation, transmission and distribution/3510:Electric power generation, transmission and distribution","processType":"UNIT_PROCESS","flowType":"PRODUCT_FLOW","location":"RLA"}},{"@type":"Exchange","isAvoidedProduct":false,"isInput":true,"amount":93.89397962817736,"dqEntry":"(1;1;5;5;1)","description":"Literature studies. Original data is derived from expert estimates.\nEcoSpold01Location\u003dRER","internalId":9,"flow":{"@type":"Flow","@id":"71e2f1db-a2c5-44d0-8337-dfff15be974d","name":"heat, district or industrial, other than natural gas","category":"D:Electricity, gas, steam and air conditioning supply/35:Electricity, gas, steam and air conditioning supply/353:Steam and air conditioning supply/3530:Steam and air conditioning supply","flowType":"PRODUCT_FLOW","refUnit":"MJ"},"unit":{"@type":"Unit","@id":"52765a6c-3896-43c2-b2f4-c679acf13efe","name":"MJ"},"flowProperty":{"@type":"FlowProperty","@id":"f6811440-ee37-11de-8a39-0800200c9a66","name":"Energy","category":"Technical flow properties","refUnit":"MJ"},"uncertainty":{"@type":"Uncertainty","distributionType":"LOG_NORMAL_DISTRIBUTION","geomMean":53865.0,"geomSd":1.4139824580805163},"defaultProvider":{"@type":"Process","@id":"0ffa5aa0-5bb2-3f31-a615-c9768ac44675","name":"market for heat, district or industrial, other than natural gas | heat, district or industrial, other than natural gas | Consequential, U","category":"D:Electricity, gas, steam and air conditioning supply/35:Electricity, gas, steam and air conditioning supply/353:Steam and air conditioning supply/3530:Steam and air conditioning supply","processType":"UNIT_PROCESS","flowType":"PRODUCT_FLOW","location":"CA-QC"}},{"@type":"Exchange","isAvoidedProduct":false,"isInput":true,"amount":210.0,"dqEntry":"(1;1;5;5;1)","description":"EcoSpold01Location\u003dRER\nLiterature studies. Original data is derived from expert estimates.","internalId":10,"flow":{"@type":"Flow","@id":"237b35c6-69e1-49c4-8e99-0be6c1b1806e","name":"lead","category":"C:Manufacturing/24:Manufacture of basic metals/242:Manufacture of basic precious and other non-ferrous metals/2420:Manufacture of basic precious and other non-ferrous metals","flowType":"PRODUCT_FLOW","refUnit":"kg"},"unit":{"@type":"Unit","@id":"20aadc24-a391-41cf-b340-3e4529f44bde","name":"kg"},"flowProperty":{"@type":"FlowProperty","@id":"93a60a56-a3c8-11da-a746-0800200b9a66","name":"Mass","category":"Technical flow properties","refUnit":"kg"},"uncertainty":{"@type":"Uncertainty","distributionType":"LOG_NORMAL_DISTRIBUTION","geomMean":210.0,"geomSd":1.4139824580805163},"defaultProvider":{"@type":"Process","@id":"3c269663-1ece-3771-80b2-402867825b77","name":"market for lead | lead | Consequential, U","category":"C:Manufacturing/24:Manufacture of basic metals/242:Manufacture of basic precious and other non-ferrous metals/2420:Manufacture of basic precious and other non-ferrous metals","processType":"UNIT_PROCESS","flowType":"PRODUCT_FLOW","location":"GLO"}},{"@type":"Exchange","isAvoidedProduct":false,"isInput":true,"amount":35.0,"dqEntry":"(1;1;5;5;1)","description":"Literature studies. Original data is derived from expert estimates.\nEcoSpold01Location\u003dRER","internalId":12,"flow":{"@type":"Flow","@id":"198f9bb6-4268-4609-b85f-3f90f0d26d6d","name":"paper, woodfree, uncoated","category":"C:Manufacturing/17:Manufacture of paper and paper products/170:Manufacture of paper and paper products/1701:Manufacture of pulp, paper and paperboard","flowType":"PRODUCT_FLOW","refUnit":"kg"},"unit":{"@type":"Unit","@id":"20aadc24-a391-41cf-b340-3e4529f44bde","name":"kg"},"flowProperty":{"@type":"FlowProperty","@id":"93a60a56-a3c8-11da-a746-0800200b9a66","name":"Mass","category":"Technical flow properties","refUnit":"kg"},"uncertainty":{"@type":"Uncertainty","distributionType":"LOG_NORMAL_DISTRIBUTION","geomMean":35.0,"geomSd":1.4139824580805163},"defaultProvider":{"@type":"Process","@id":"25267dcd-ac6a-3018-9ce5-759f91891cfd","name":"market for paper, woodfree, uncoated | paper, woodfree, uncoated | Consequential, U","category":"C:Manufacturing/17:Manufacture of paper and paper products/170:Manufacture of paper and paper products/1701:Manufacture of pulp, paper and paperboard","processType":"UNIT_PROCESS","flowType":"PRODUCT_FLOW","location":"RoW"}},{"@type":"Exchange","isAvoidedProduct":false,"isInput":true,"amount":56.26326289245402,"dqEntry":"(1;1;5;5;1)","description":"EcoSpold01Location\u003dCH\nLiterature studies. Original data is derived from expert estimates.","internalId":2,"flow":{"@type":"Flow","@id":"d69294d7-8d64-4915-a896-9996a014c410","name":"electricity, low voltage","category":"D:Electricity, gas, steam and air conditioning supply/35:Electricity, gas, steam and air conditioning supply/351:Electric power generation, transmission and distribution/3510:Electric power generation, transmission and distribution","flowType":"PRODUCT_FLOW","refUnit":"MJ"},"unit":{"@type":"Unit","@id":"86ad2244-1f0e-4912-af53-7865283103e4","name":"kWh"},"flowProperty":{"@type":"FlowProperty","@id":"f6811440-ee37-11de-8a39-0800200c9a66","name":"Energy","category":"Technical flow properties","refUnit":"MJ"},"uncertainty":{"@type":"Uncertainty","distributionType":"LOG_NORMAL_DISTRIBUTION","geomMean":4430.0,"geomSd":1.4139824580805163},"defaultProvider":{"@type":"Process","@id":"c8b7afcb-d9aa-3e7b-b1ba-1dc09ecd7bcd","name":"market for electricity, low voltage | electricity, low voltage | Consequential, U","category":"D:Electricity, gas, steam and air conditioning supply/35:Electricity, gas, steam and air conditioning supply/351:Electric power generation, transmission and distribution/3510:Electric power generation, transmission and distribution","processType":"UNIT_PROCESS","flowType":"PRODUCT_FLOW","location":"AU"}},{"@type":"Exchange","isAvoidedProduct":false,"isInput":true,"amount":53771.10602037182,"dqEntry":"(1;1;5;5;1)","description":"Literature studies. Original data is derived from expert estimates.\nEcoSpold01Location\u003dRER","internalId":8,"flow":{"@type":"Flow","@id":"71e2f1db-a2c5-44d0-8337-dfff15be974d","name":"heat, district or industrial, other than natural gas","category":"D:Electricity, gas, steam and air conditioning supply/35:Electricity, gas, steam and air conditioning supply/353:Steam and air conditioning supply/3530:Steam and air conditioning supply","flowType":"PRODUCT_FLOW","refUnit":"MJ"},"unit":{"@type":"Unit","@id":"52765a6c-3896-43c2-b2f4-c679acf13efe","name":"MJ"},"flowProperty":{"@type":"FlowProperty","@id":"f6811440-ee37-11de-8a39-0800200c9a66","name":"Energy","category":"Technical flow properties","refUnit":"MJ"},"uncertainty":{"@type":"Uncertainty","distributionType":"LOG_NORMAL_DISTRIBUTION","geomMean":53865.0,"geomSd":1.4139824580805163},"defaultProvider":{"@type":"Process","@id":"8761de77-3ef9-3455-93a3-f35a1f382ee4","name":"market for heat, district or industrial, other than natural gas | heat, district or industrial, other than natural gas | Consequential, U","category":"D:Electricity, gas, steam and air conditioning supply/35:Electricity, gas, steam and air conditioning supply/353:Steam and air conditioning supply/3530:Steam and air conditioning supply","processType":"UNIT_PROCESS","flowType":"PRODUCT_FLOW","location":"RoW"}},{"@type":"Exchange","isAvoidedProduct":false,"isInput":true,"amount":190.22842125672747,"dqEntry":"(1;1;5;5;1)","description":"EcoSpold01Location\u003dCH\nLiterature studies. Original data is derived from expert estimates.","internalId":7,"flow":{"@type":"Flow","@id":"d69294d7-8d64-4915-a896-9996a014c410","name":"electricity, low voltage","category":"D:Electricity, gas, steam and air conditioning supply/35:Electricity, gas, steam and air conditioning supply/351:Electric power generation, transmission and distribution/3510:Electric power generation, transmission and distribution","flowType":"PRODUCT_FLOW","refUnit":"MJ"},"unit":{"@type":"Unit","@id":"86ad2244-1f0e-4912-af53-7865283103e4","name":"kWh"},"flowProperty":{"@type":"FlowProperty","@id":"f6811440-ee37-11de-8a39-0800200c9a66","name":"Energy","category":"Technical flow properties","refUnit":"MJ"},"uncertainty":{"@type":"Uncertainty","distributionType":"LOG_NORMAL_DISTRIBUTION","geomMean":4430.0,"geomSd":1.4139824580805163},"defaultProvider":{"@type":"Process","@id":"9a541cee-2cd9-3dc2-a974-3ef4006319c1","name":"market group for electricity, low voltage | electricity, low voltage | Consequential, U","category":"D:Electricity, gas, steam and air conditioning supply/35:Electricity, gas, steam and air conditioning supply/351:Electric power generation, transmission and distribution/3510:Electric power generation, transmission and distribution","processType":"UNIT_PROCESS","flowType":"PRODUCT_FLOW","location":"RAF"}},{"@type":"Exchange","isAvoidedProduct":false,"isInput":true,"amount":3386.1008662934028,"dqEntry":"(1;1;5;5;1)","description":"EcoSpold01Location\u003dCH\nLiterature studies. Original data is derived from expert estimates.","internalId":3,"flow":{"@type":"Flow","@id":"d69294d7-8d64-4915-a896-9996a014c410","name":"electricity, low voltage","category":"D:Electricity, gas, steam and air conditioning supply/35:Electricity, gas, steam and air conditioning supply/351:Electric power generation, transmission and distribution/3510:Electric power generation, transmission and distribution","flowType":"PRODUCT_FLOW","refUnit":"MJ"},"unit":{"@type":"Unit","@id":"86ad2244-1f0e-4912-af53-7865283103e4","name":"kWh"},"flowProperty":{"@type":"FlowProperty","@id":"f6811440-ee37-11de-8a39-0800200c9a66","name":"Energy","category":"Technical flow properties","refUnit":"MJ"},"uncertainty":{"@type":"Uncertainty","distributionType":"LOG_NORMAL_DISTRIBUTION","geomMean":4430.0,"geomSd":1.4139824580805163},"defaultProvider":{"@type":"Process","@id":"4d9d67c6-552a-39eb-86be-24901f9e5821","name":"market group for electricity, low voltage | electricity, low voltage | Consequential, U","category":"D:Electricity, gas, steam and air conditioning supply/35:Electricity, gas, steam and air conditioning supply/351:Electric power generation, transmission and distribution/3510:Electric power generation, transmission and distribution","processType":"UNIT_PROCESS","flowType":"PRODUCT_FLOW","location":"RAS"}},{"@type":"Exchange","isAvoidedProduct":false,"isInput":true,"amount":142.0,"dqEntry":"(1;1;5;5;1)","description":"Literature studies. Original data is derived from expert estimates.\nEcoSpold01Location\u003dRER","internalId":13,"flow":{"@type":"Flow","@id":"b685192a-e033-421e-9074-8fe7cb176046","name":"polyethylene, high density, granulate","category":"C:Manufacturing/20:Manufacture of chemicals and chemical products/201:Manufacture of basic chemicals, fertilizers and nitrogen compounds, plastics/2013:Manufacture of plastics and synthetic rubber in primary forms","flowType":"PRODUCT_FLOW","refUnit":"kg"},"unit":{"@type":"Unit","@id":"20aadc24-a391-41cf-b340-3e4529f44bde","name":"kg"},"flowProperty":{"@type":"FlowProperty","@id":"93a60a56-a3c8-11da-a746-0800200b9a66","name":"Mass","category":"Technical flow properties","refUnit":"kg"},"uncertainty":{"@type":"Uncertainty","distributionType":"LOG_NORMAL_DISTRIBUTION","geomMean":142.0,"geomSd":1.4139824580805163},"defaultProvider":{"@type":"Process","@id":"482f2dc7-69fe-3383-976e-5ccdc18474dc","name":"market for polyethylene, high density, granulate | polyethylene, high density, granulate | Consequential, U","category":"C:Manufacturing/20:Manufacture of chemicals and chemical products/201:Manufacture of basic chemicals, fertilizers and nitrogen compounds, plastics/2013:Manufacture of plastics and synthetic rubber in primary forms","processType":"UNIT_PROCESS","flowType":"PRODUCT_FLOW","location":"GLO"}},{"@type":"Exchange","isAvoidedProduct":false,"isInput":true,"amount":14.143401905797692,"dqEntry":"(1;1;5;5;1)","description":"EcoSpold01Location\u003dCH\nLiterature studies. Original data is derived from expert estimates.","internalId":6,"flow":{"@type":"Flow","@id":"d69294d7-8d64-4915-a896-9996a014c410","name":"electricity, low voltage","category":"D:Electricity, gas, steam and air conditioning supply/35:Electricity, gas, steam and air conditioning supply/351:Electric power generation, transmission and distribution/3510:Electric power generation, transmission and distribution","flowType":"PRODUCT_FLOW","refUnit":"MJ"},"unit":{"@type":"Unit","@id":"86ad2244-1f0e-4912-af53-7865283103e4","name":"kWh"},"flowProperty":{"@type":"FlowProperty","@id":"f6811440-ee37-11de-8a39-0800200c9a66","name":"Energy","category":"Technical flow properties","refUnit":"MJ"},"uncertainty":{"@type":"Uncertainty","distributionType":"LOG_NORMAL_DISTRIBUTION","geomMean":4430.0,"geomSd":1.4139824580805163},"defaultProvider":{"@type":"Process","@id":"a8c9d66c-6a1b-3a3a-9604-9695e411f347","name":"market for electricity, low voltage | electricity, low voltage | Consequential, U","category":"D:Electricity, gas, steam and air conditioning supply/35:Electricity, gas, steam and air conditioning supply/351:Electric power generation, transmission and distribution/3510:Electric power generation, transmission and distribution","processType":"UNIT_PROCESS","flowType":"PRODUCT_FLOW","location":"NZ"}},{"@type":"Exchange","isAvoidedProduct":false,"isInput":true,"amount":377.63543926293613,"dqEntry":"(1;1;5;5;1)","description":"EcoSpold01Location\u003dCH\nLiterature studies. Original data is derived from expert estimates.","internalId":4,"flow":{"@type":"Flow","@id":"d69294d7-8d64-4915-a896-9996a014c410","name":"electricity, low voltage","category":"D:Electricity, gas, steam and air conditioning supply/35:Electricity, gas, steam and air conditioning supply/351:Electric power generation, transmission and distribution/3510:Electric power generation, transmission and distribution","flowType":"PRODUCT_FLOW","refUnit":"MJ"},"unit":{"@type":"Unit","@id":"86ad2244-1f0e-4912-af53-7865283103e4","name":"kWh"},"flowProperty":{"@type":"FlowProperty","@id":"f6811440-ee37-11de-8a39-0800200c9a66","name":"Energy","category":"Technical flow properties","refUnit":"MJ"},"uncertainty":{"@type":"Uncertainty","distributionType":"LOG_NORMAL_DISTRIBUTION","geomMean":4430.0,"geomSd":1.4139824580805163},"defaultProvider":{"@type":"Process","@id":"73c498c4-0914-36a6-a66e-7018083d36c7","name":"market group for electricity, low voltage | electricity, low voltage | Consequential, U","category":"D:Electricity, gas, steam and air conditioning supply/35:Electricity, gas, steam and air conditioning supply/351:Electric power generation, transmission and distribution/3510:Electric power generation, transmission and distribution","processType":"UNIT_PROCESS","flowType":"PRODUCT_FLOW","location":"RNA"}}],"socialAspects":[],"allocationFactors":[]}