{"@type":"Process","@id":"c8f6cf9f-f681-37d7-abe2-4212f128b562","name":"wood chipping, industrial residual wood, stationary electric chipper | wood chipping, industrial residual wood, stationary electric chipper | Cutoff, U","description":"This data represents the service of wood chopping to output one kg of dry mass wood chips. ;The dataset represents the use of a chopper in sawmill. The data is provided by a Swiss company, which is assumed representative for central Europe. The dataset describes a sawmill with an annual output of 5\u0027000 m3; compared to sizes of plants elsewhere, this is a very small plant. Several types of choppers exist. ;Here only one model is developed and the uncertainty, especially for energy consumption, is rather high. Wood chopping process starting from industrial residual wood (sidings and squarings) at sawmill site. This activity ends with wood chips wood at sawmill site, The dataset includes chopping of industrial residual wood in stationary electric chopper. The dataset does not include direct wood dust emissions to the air from the chopper. Dataset documentation: https://v391.ecoquery.ecoinvent.org/Details/UPR/50fea100-6a95-430c-adeb-82a92b98f517/290c1f85-4cc4-4fa1-b0c8-2cb7f4276dce","category":"C:Manufacturing/16:Manufacture of wood and of products of wood and cork, except furniture; manufacture of articles of straw and plaiting materials/161:Sawmilling and planing of wood/1610:Sawmilling and planing of wood","version":"03.133.003","lastChange":"2022-12-15T18:23:58.455Z","tags":["Swiss brush-up completed","ConvertedDataset"],"processType":"UNIT_PROCESS","isInfrastructureProcess":false,"location":{"@type":"Location","@id":"d66c264e-1dbd-33e6-911d-3ffc70908e8e","name":"Europe"},"processDocumentation":{"technologyDescription":"The dataset represents the use of a stationary electric chopper. The chopper is powered by a motor of 37 kW; additionally a 5 kW-motor is used for the feeding of the wood. Its service life is around 30\u0027000 service hours or 100\u0027000 piled m3.;Reference:;Etienne (1993) Personal communication. Etienne AG, Luzern. (a private company)","dataTreatmentDescription":"None","samplingDescription":"Literature","isCopyrightProtected":true,"geographyDescription":"Data for Switzerland used for central Europe","creationDate":"2019-05-04T12:25:53","validFrom":"1996-01-01","validUntil":"2022-12-31","dataDocumentor":{"@type":"Actor","@id":"00c7a068-1730-48bf-a7b3-275340049de5","name":"Frank Werner"},"dataGenerator":{"@type":"Actor","@id":"00c7a068-1730-48bf-a7b3-275340049de5","name":"Frank Werner"},"publication":{"@type":"Source","@id":"e77a52e5-4bad-4eee-b53e-5af10ebf404c","name":"Werner F.2007"}},"lastInternalId":5,"exchangeDqSystem":{"@type":"DQSystem","@id":"e7ac7cf6-5457-453e-99f9-d889826fffe8","name":"Ecoinvent Data Quality System"},"parameters":[],"exchanges":[{"@type":"Exchange","isAvoidedProduct":false,"isInput":false,"amount":1.0,"description":"Reference product. The production of one kg of wood chips by use of a stationary wood chopper. The reference product refers to the chopping process itself, and not the input of wood. The wood chopper runs on electricity and is integrated at the sawmill. Several types of choppers exist but this dataset is developed for only one model produced in Switzerland.  The wood chips produced may be from residual wood and/or industrial wood in the forest and subsequently used as biomass fuel.","costValue":0.002149665532912065,"currency":{"@type":"Currency","@id":"7de74e65-ff97-404f-bf57-5d2a9134fb43","name":"Euro","refUnit":"EUR"},"internalId":1,"flow":{"@type":"Flow","@id":"86cf2137-cb67-4ab6-8041-8e767c0579f0","name":"wood chipping, industrial residual wood, stationary electric chipper","category":"C:Manufacturing/16:Manufacture of wood and of products of wood and cork, except furniture; manufacture of articles of straw and plaiting materials/161:Sawmilling and planing of wood/1610:Sawmilling and planing of wood","flowType":"PRODUCT_FLOW","refUnit":"kg"},"unit":{"@type":"Unit","@id":"20aadc24-a391-41cf-b340-3e4529f44bde","name":"kg"},"flowProperty":{"@type":"FlowProperty","@id":"93a60a56-a3c8-11da-a746-0800200b9a66","name":"Mass","category":"Technical flow properties","refUnit":"kg"},"isQuantitativeReference":true},{"@type":"Exchange","isAvoidedProduct":false,"isInput":true,"amount":0.02,"dqEntry":"(3;3;5;3;3)","description":"Literature Value","internalId":3,"flow":{"@type":"Flow","@id":"759b89bd-3aa6-42ad-b767-5bb9ef5d331d","name":"electricity, medium voltage","category":"D:Electricity, gas, steam and air conditioning supply/35:Electricity, gas, steam and air conditioning supply/351:Electric power generation, transmission and distribution/3510:Electric power generation, transmission and distribution","flowType":"PRODUCT_FLOW","refUnit":"MJ"},"unit":{"@type":"Unit","@id":"86ad2244-1f0e-4912-af53-7865283103e4","name":"kWh"},"flowProperty":{"@type":"FlowProperty","@id":"f6811440-ee37-11de-8a39-0800200c9a66","name":"Energy","category":"Technical flow properties","refUnit":"MJ"},"uncertainty":{"@type":"Uncertainty","distributionType":"LOG_NORMAL_DISTRIBUTION","geomMean":0.02,"geomSd":1.1712995782321958},"defaultProvider":{"@type":"Process","@id":"b312f9a8-6bba-35bb-9462-e914e48e61cf","name":"market group for electricity, medium voltage | electricity, medium voltage | Cutoff, U","category":"D:Electricity, gas, steam and air conditioning supply/35:Electricity, gas, steam and air conditioning supply/351:Electric power generation, transmission and distribution/3510:Electric power generation, transmission and distribution","processType":"UNIT_PROCESS","flowType":"PRODUCT_FLOW","location":"RER"}},{"@type":"Exchange","isAvoidedProduct":false,"isInput":true,"amount":4.08E-6,"dqEntry":"(3;3;5;3;3)","description":"Literature Value","internalId":5,"flow":{"@type":"Flow","@id":"8cb650d5-8a48-4719-81b1-2080b3b4387f","name":"steel, low-alloyed, hot rolled","category":"C:Manufacturing/24:Manufacture of basic metals/241:Manufacture of basic iron and steel/2410:Manufacture of basic iron and steel","flowType":"PRODUCT_FLOW","refUnit":"kg"},"unit":{"@type":"Unit","@id":"20aadc24-a391-41cf-b340-3e4529f44bde","name":"kg"},"flowProperty":{"@type":"FlowProperty","@id":"93a60a56-a3c8-11da-a746-0800200b9a66","name":"Mass","category":"Technical flow properties","refUnit":"kg"},"uncertainty":{"@type":"Uncertainty","distributionType":"LOG_NORMAL_DISTRIBUTION","geomMean":4.08E-6,"geomSd":1.1712995782321958},"defaultProvider":{"@type":"Process","@id":"0f6f0cb3-ef67-3c66-b3e4-16777b31d7ad","name":"market for steel, low-alloyed, hot rolled | steel, low-alloyed, hot rolled | Cutoff, U","category":"C:Manufacturing/24:Manufacture of basic metals/241:Manufacture of basic iron and steel/2410:Manufacture of basic iron and steel","processType":"UNIT_PROCESS","flowType":"PRODUCT_FLOW","location":"GLO"}},{"@type":"Exchange","isAvoidedProduct":false,"isInput":true,"amount":2.04E-6,"dqEntry":"(3;3;5;3;3)","description":"Literature Value","internalId":4,"flow":{"@type":"Flow","@id":"ea75b944-c676-4a13-85b8-2bea98f765a4","name":"lubricating oil","category":"C:Manufacturing/19:Manufacture of coke and refined petroleum products/192:Manufacture of refined petroleum products/1920:Manufacture of refined petroleum products","flowType":"PRODUCT_FLOW","refUnit":"kg"},"unit":{"@type":"Unit","@id":"20aadc24-a391-41cf-b340-3e4529f44bde","name":"kg"},"flowProperty":{"@type":"FlowProperty","@id":"93a60a56-a3c8-11da-a746-0800200b9a66","name":"Mass","category":"Technical flow properties","refUnit":"kg"},"uncertainty":{"@type":"Uncertainty","distributionType":"LOG_NORMAL_DISTRIBUTION","geomMean":2.04E-6,"geomSd":1.1712995782321958},"defaultProvider":{"@type":"Process","@id":"4a363bd8-7674-32c9-950f-7895648c3758","name":"market for lubricating oil | lubricating oil | Cutoff, U","category":"C:Manufacturing/19:Manufacture of coke and refined petroleum products/192:Manufacture of refined petroleum products/1920:Manufacture of refined petroleum products","processType":"UNIT_PROCESS","flowType":"PRODUCT_FLOW","location":"RER"}},{"@type":"Exchange","isAvoidedProduct":false,"isInput":true,"amount":5.3E-8,"dqEntry":"(4;5;5;3;4)","description":"Estimation","internalId":2,"flow":{"@type":"Flow","@id":"450202ff-b0c8-481b-9a58-d49af06cdb1b","name":"chipper, stationary, electric","category":"C:Manufacturing/28:Manufacture of machinery and equipment n.e.c./282:Manufacture of special-purpose machinery/2821:Manufacture of agricultural and forestry machinery","flowType":"PRODUCT_FLOW","refUnit":"Item(s)"},"unit":{"@type":"Unit","@id":"6dabe201-aaac-4509-92f0-d00c26cb72ab","name":"Item(s)"},"flowProperty":{"@type":"FlowProperty","@id":"01846770-4cfe-4a25-8ad9-919d8d378345","name":"Number of items","category":"Technical flow properties","refUnit":"Item(s)"},"uncertainty":{"@type":"Uncertainty","distributionType":"LOG_NORMAL_DISTRIBUTION","geomMean":5.3E-8,"geomSd":2.099333364191105},"defaultProvider":{"@type":"Process","@id":"9e737c97-564c-3227-8063-d98c68e4eaea","name":"market for chipper, stationary, electric | chipper, stationary, electric | Cutoff, U","category":"C:Manufacturing/28:Manufacture of machinery and equipment n.e.c./282:Manufacture of special-purpose machinery/2821:Manufacture of agricultural and forestry machinery","processType":"UNIT_PROCESS","flowType":"PRODUCT_FLOW","location":"GLO"}}],"socialAspects":[],"allocationFactors":[]}