{"@type":"Process","@id":"e6ef9385-be9d-370c-8e5d-59e280c66856","name":"composting facility construction, open | composting facility, open | Consequential, U","description":"The inventory refers to a compost plant over the lifetime of 25 years. The compost plant is constructed for a treating capactiy of 10‘000 tons biogenic waste per year. The total turnover of the plant over the entire lifetime of 25 years amounts thus 250‘000 tons biogenic waste.;[This dataset was already contained in the ecoinvent database version 2. It was not individually updated during the transfer to ecoinvent version 3. Life Cycle Impact Assessment results may still have changed, as they are affected by changes in the supply chain, i.e. in other datasets. This dataset was generated following the ecoinvent quality guidelines for version 2. It may have been subject to central changes described in the ecoinvent version 3 change report (http://www.ecoinvent.org/database/ecoinvent-version-3/reports-of-changes/), and the results of the central updates were reviewed extensively. The changes added e.g. consistent water flows and other information throughout the database. The documentation of this dataset can be found in the ecoinvent reports of version 2, which are still available via the ecoinvent website. The change report linked above covers all central changes that were made during the conversion process.]  Building materials required for a compost plant and its construction as well as the disposal of these materials were included. Land use during construction and use is considered. The lifetime of the plant was assumed as 25 years. Transport of the building materials to the construction site were included. Dataset documentation: https://v391.ecoquery.ecoinvent.org/Details/UPR/ff348038-8524-4ffe-866e-4a91bff96606/dd7f13f5-0658-489c-a19c-f2ff8a00bdd9","category":"F:Construction/42:Civil engineering/429:Construction of other civil engineering projects/4290:Construction of other civil engineering projects","version":"03.90.003","lastChange":"2022-12-15T18:03:05.212Z","tags":["ConvertedDataset"],"processType":"UNIT_PROCESS","isInfrastructureProcess":false,"location":{"@type":"Location","@id":"d88fc6ed-f21e-3464-935f-f76288b84103","name":"Switzerland"},"processDocumentation":{"timeDescription":"Year when reference used for this inventory was published.","technologyDescription":"Refer to open plant composting.","dataTreatmentDescription":"none","samplingDescription":"Data come from one compost plant in Switzerland.","isCopyrightProtected":true,"geographyDescription":"Values refer to the situtation in Switzerland.","creationDate":"2010-07-28T18:04:05","validFrom":"1999-01-01","validUntil":"2022-12-31","dataDocumentor":{"@type":"Actor","@id":"c64d4a37-9bb9-4617-8cd7-a130958fd5c6","name":"Angelika Heil"},"dataGenerator":{"@type":"Actor","@id":"c64d4a37-9bb9-4617-8cd7-a130958fd5c6","name":"Angelika Heil"},"publication":{"@type":"Source","@id":"15229d9c-1cd2-4bdb-86a6-9c3514d62ac5","name":"Nemecek, T.2007"}},"lastInternalId":19,"exchangeDqSystem":{"@type":"DQSystem","@id":"e7ac7cf6-5457-453e-99f9-d889826fffe8","name":"Ecoinvent Data Quality System"},"parameters":[],"exchanges":[{"@type":"Exchange","isAvoidedProduct":false,"isInput":false,"amount":1.0,"description":"EcoSpold01Location\u003dCH","costValue":4334580.0,"currency":{"@type":"Currency","@id":"7de74e65-ff97-404f-bf57-5d2a9134fb43","name":"Euro","refUnit":"EUR"},"internalId":1,"flow":{"@type":"Flow","@id":"bfdc2268-b9c4-462a-8971-4503ffdfbaf3","name":"composting facility, open","category":"F:Construction/42:Civil engineering/429:Construction of other civil engineering projects/4290:Construction of other civil engineering projects","flowType":"PRODUCT_FLOW","refUnit":"Item(s)"},"unit":{"@type":"Unit","@id":"6dabe201-aaac-4509-92f0-d00c26cb72ab","name":"Item(s)"},"flowProperty":{"@type":"FlowProperty","@id":"01846770-4cfe-4a25-8ad9-919d8d378345","name":"Number of items","category":"Technical flow properties","refUnit":"Item(s)"},"isQuantitativeReference":true},{"@type":"Exchange","isAvoidedProduct":false,"isInput":false,"amount":125000.0,"dqEntry":"(2;3;1;1;1)","description":"EcoSpold01Location\u003dCH","internalId":13,"flow":{"@type":"Flow","@id":"580b6c42-5004-49a0-b474-27dc65e0d47b","name":"waste building wood, chrome preserved","category":"E:Water supply; sewerage, waste management and remediation activities/38:Waste collection, treatment and disposal activities; materials recovery/382:Waste treatment and disposal/3821:Treatment and disposal of non-hazardous waste","flowType":"WASTE_FLOW","refUnit":"kg"},"unit":{"@type":"Unit","@id":"20aadc24-a391-41cf-b340-3e4529f44bde","name":"kg"},"flowProperty":{"@type":"FlowProperty","@id":"93a60a56-a3c8-11da-a746-0800200b9a66","name":"Mass","category":"Technical flow properties","refUnit":"kg"},"uncertainty":{"@type":"Uncertainty","distributionType":"LOG_NORMAL_DISTRIBUTION","geomMean":-125000.0,"geomSd":1.1051709180756477},"defaultProvider":{"@type":"Process","@id":"7dd6d542-2a55-3373-8684-694aabe813db","name":"market for waste building wood, chrome preserved | waste building wood, chrome preserved | Consequential, U","category":"E:Water supply; sewerage, waste management and remediation activities/38:Waste collection, treatment and disposal activities; materials recovery/382:Waste treatment and disposal/3821:Treatment and disposal of non-hazardous waste","processType":"UNIT_PROCESS","flowType":"WASTE_FLOW","location":"CH"}},{"@type":"Exchange","isAvoidedProduct":false,"isInput":false,"amount":21200.0,"dqEntry":"(2;3;1;1;1)","description":"EcoSpold01Location\u003dCH","internalId":15,"flow":{"@type":"Flow","@id":"9a8c2994-7cbb-4d86-a1b7-27fc0c4e49e3","name":"waste reinforcement steel","category":"E:Water supply; sewerage, waste management and remediation activities/38:Waste collection, treatment and disposal activities; materials recovery/383:Materials recovery/3830:Materials recovery","flowType":"WASTE_FLOW","refUnit":"kg"},"unit":{"@type":"Unit","@id":"20aadc24-a391-41cf-b340-3e4529f44bde","name":"kg"},"flowProperty":{"@type":"FlowProperty","@id":"93a60a56-a3c8-11da-a746-0800200b9a66","name":"Mass","category":"Technical flow properties","refUnit":"kg"},"uncertainty":{"@type":"Uncertainty","distributionType":"LOG_NORMAL_DISTRIBUTION","geomMean":-21200.0,"geomSd":1.1051709180756477},"defaultProvider":{"@type":"Process","@id":"1b25d2f9-b7f8-30de-b8aa-7b0230092242","name":"market for waste reinforcement steel | waste reinforcement steel | Consequential, U","category":"E:Water supply; sewerage, waste management and remediation activities/38:Waste collection, treatment and disposal activities; materials recovery/383:Materials recovery/3830:Materials recovery","processType":"UNIT_PROCESS","flowType":"WASTE_FLOW","location":"CH"}},{"@type":"Exchange","isAvoidedProduct":false,"isInput":true,"amount":122000.0,"dqEntry":"(2;3;5;1;1)","description":"EcoSpold01Location\u003dCH","internalId":9,"flow":{"@type":"Flow","@id":"e7a17355-8575-4be4-8c51-85e38b19b3f3","name":"pitch","category":"C:Manufacturing/19:Manufacture of coke and refined petroleum products/192:Manufacture of refined petroleum products/1920:Manufacture of refined petroleum products","flowType":"PRODUCT_FLOW","refUnit":"kg"},"unit":{"@type":"Unit","@id":"20aadc24-a391-41cf-b340-3e4529f44bde","name":"kg"},"flowProperty":{"@type":"FlowProperty","@id":"93a60a56-a3c8-11da-a746-0800200b9a66","name":"Mass","category":"Technical flow properties","refUnit":"kg"},"uncertainty":{"@type":"Uncertainty","distributionType":"LOG_NORMAL_DISTRIBUTION","geomMean":122000.0,"geomSd":1.1051709180756477},"defaultProvider":{"@type":"Process","@id":"c7a77fc0-2d99-3690-8cf4-95cf812fc64f","name":"market for pitch | pitch | Consequential, U","category":"C:Manufacturing/19:Manufacture of coke and refined petroleum products/192:Manufacture of refined petroleum products/1920:Manufacture of refined petroleum products","processType":"UNIT_PROCESS","flowType":"PRODUCT_FLOW","location":"CH"}},{"@type":"Exchange","isAvoidedProduct":false,"isInput":true,"amount":50000.0,"dqEntry":"(2;3;5;1;1)","description":"EcoSpold01Location\u003dRER","internalId":2,"flow":{"@type":"Flow","@id":"4447af36-0897-4b00-8fd0-fd6a446dda6a","name":"cast iron","category":"C:Manufacturing/24:Manufacture of basic metals/241:Manufacture of basic iron and steel/2410:Manufacture of basic iron and steel","flowType":"PRODUCT_FLOW","refUnit":"kg"},"unit":{"@type":"Unit","@id":"20aadc24-a391-41cf-b340-3e4529f44bde","name":"kg"},"flowProperty":{"@type":"FlowProperty","@id":"93a60a56-a3c8-11da-a746-0800200b9a66","name":"Mass","category":"Technical flow properties","refUnit":"kg"},"uncertainty":{"@type":"Uncertainty","distributionType":"LOG_NORMAL_DISTRIBUTION","geomMean":50000.0,"geomSd":1.1051709180756477},"defaultProvider":{"@type":"Process","@id":"6ad50bbe-90ad-3f19-b3d1-ad0ccfa3d25a","name":"market for cast iron | cast iron | Consequential, U","category":"C:Manufacturing/24:Manufacture of basic metals/241:Manufacture of basic iron and steel/2410:Manufacture of basic iron and steel","processType":"UNIT_PROCESS","flowType":"PRODUCT_FLOW","location":"GLO"}},{"@type":"Exchange","isAvoidedProduct":false,"isInput":true,"amount":750.0,"dqEntry":"(2;3;5;1;1)","internalId":16,"flow":{"@type":"Flow","@id":"4b6b9b76-3199-4bd0-b11d-f8f2efbeac4e","name":"Occupation, construction site","category":"Elementary flows/Resource/land","flowType":"ELEMENTARY_FLOW","refUnit":"m2*a"},"unit":{"@type":"Unit","@id":"c7266b67-4ea2-457f-b391-9b94e26e195a","name":"m2*a"},"flowProperty":{"@type":"FlowProperty","@id":"93a60a56-a3c8-21da-a746-0800200c9a66","name":"Area*time","category":"Technical flow properties","refUnit":"m2*a"},"uncertainty":{"@type":"Uncertainty","distributionType":"LOG_NORMAL_DISTRIBUTION","geomMean":750.0,"geomSd":1.2505791921887124}},{"@type":"Exchange","isAvoidedProduct":false,"isInput":true,"amount":367.0,"dqEntry":"(2;3;5;1;1)","description":"EcoSpold01Location\u003dCH","internalId":3,"flow":{"@type":"Flow","@id":"ef5d9b7f-0d4a-49b9-a2eb-eef36ded1c38","name":"concrete, 30MPa","category":"C:Manufacturing/23:Manufacture of other non-metallic mineral products/239:Manufacture of non-metallic mineral products n.e.c./2395:Manufacture of articles of concrete, cement and plaster","flowType":"PRODUCT_FLOW","refUnit":"m3"},"unit":{"@type":"Unit","@id":"1c3a9695-398d-4b1f-b07e-a8715b610f70","name":"m3"},"flowProperty":{"@type":"FlowProperty","@id":"93a60a56-a3c8-22da-a746-0800200c9a66","name":"Volume","category":"Technical flow properties","refUnit":"m3"},"uncertainty":{"@type":"Uncertainty","distributionType":"LOG_NORMAL_DISTRIBUTION","geomMean":367.0,"geomSd":1.1051709180756477},"defaultProvider":{"@type":"Process","@id":"2caa738b-1c9f-32b5-8f26-1581d4add30a","name":"market for concrete, 30MPa | concrete, 30MPa | Consequential, U","category":"C:Manufacturing/23:Manufacture of other non-metallic mineral products/239:Manufacture of non-metallic mineral products n.e.c./2395:Manufacture of articles of concrete, cement and plaster","processType":"UNIT_PROCESS","flowType":"PRODUCT_FLOW","location":"CH"}},{"@type":"Exchange","isAvoidedProduct":false,"isInput":true,"amount":37500.0,"dqEntry":"(2;3;5;1;1)","description":"EcoSpold01Location\u003dRER","internalId":12,"flow":{"@type":"Flow","@id":"8cb650d5-8a48-4719-81b1-2080b3b4387f","name":"steel, low-alloyed, hot rolled","category":"C:Manufacturing/24:Manufacture of basic metals/241:Manufacture of basic iron and steel/2410:Manufacture of basic iron and steel","flowType":"PRODUCT_FLOW","refUnit":"kg"},"unit":{"@type":"Unit","@id":"20aadc24-a391-41cf-b340-3e4529f44bde","name":"kg"},"flowProperty":{"@type":"FlowProperty","@id":"93a60a56-a3c8-11da-a746-0800200b9a66","name":"Mass","category":"Technical flow properties","refUnit":"kg"},"uncertainty":{"@type":"Uncertainty","distributionType":"LOG_NORMAL_DISTRIBUTION","geomMean":37500.0,"geomSd":1.1051709180756477},"defaultProvider":{"@type":"Process","@id":"5de76569-60ad-3426-8d03-3a4d67521a53","name":"market for steel, low-alloyed, hot rolled | steel, low-alloyed, hot rolled | Consequential, U","category":"C:Manufacturing/24:Manufacture of basic metals/241:Manufacture of basic iron and steel/2410:Manufacture of basic iron and steel","processType":"UNIT_PROCESS","flowType":"PRODUCT_FLOW","location":"GLO"}},{"@type":"Exchange","isAvoidedProduct":false,"isInput":true,"amount":375.0,"dqEntry":"(2;3;5;1;1)","description":"EcoSpold01Location\u003dRER","internalId":4,"flow":{"@type":"Flow","@id":"fbb039f7-f9cc-46d2-b631-313ddb125c1a","name":"copper, cathode","category":"C:Manufacturing/24:Manufacture of basic metals/242:Manufacture of basic precious and other non-ferrous metals/2420:Manufacture of basic precious and other non-ferrous metals","flowType":"PRODUCT_FLOW","refUnit":"kg"},"unit":{"@type":"Unit","@id":"20aadc24-a391-41cf-b340-3e4529f44bde","name":"kg"},"flowProperty":{"@type":"FlowProperty","@id":"93a60a56-a3c8-11da-a746-0800200b9a66","name":"Mass","category":"Technical flow properties","refUnit":"kg"},"uncertainty":{"@type":"Uncertainty","distributionType":"LOG_NORMAL_DISTRIBUTION","geomMean":375.0,"geomSd":1.1051709180756477},"defaultProvider":{"@type":"Process","@id":"b4010d2d-6349-3446-a164-7796bb0a39b9","name":"market for copper, cathode | copper, cathode | Consequential, U","category":"C:Manufacturing/24:Manufacture of basic metals/242:Manufacture of basic precious and other non-ferrous metals/2420:Manufacture of basic precious and other non-ferrous metals","processType":"UNIT_PROCESS","flowType":"PRODUCT_FLOW","location":"GLO"}},{"@type":"Exchange","isAvoidedProduct":false,"isInput":true,"amount":-2.16E7,"dqEntry":"(2;3;1;1;1)","description":"EcoSpold01Location\u003dCH","internalId":8,"flow":{"@type":"Flow","@id":"240c1a3c-1aba-4528-afc3-3f27f56583be","name":"inert waste, for final disposal","category":"E:Water supply; sewerage, waste management and remediation activities/38:Waste collection, treatment and disposal activities; materials recovery/382:Waste treatment and disposal/3821:Treatment and disposal of non-hazardous waste","flowType":"WASTE_FLOW","refUnit":"kg"},"unit":{"@type":"Unit","@id":"20aadc24-a391-41cf-b340-3e4529f44bde","name":"kg"},"flowProperty":{"@type":"FlowProperty","@id":"93a60a56-a3c8-11da-a746-0800200b9a66","name":"Mass","category":"Technical flow properties","refUnit":"kg"},"uncertainty":{"@type":"Uncertainty","distributionType":"LOG_NORMAL_DISTRIBUTION","geomMean":2.16E7,"geomSd":1.1051709180756477},"defaultProvider":{"@type":"Process","@id":"431103fa-9669-3023-97c2-611bd6d91f26","name":"market for inert waste, for final disposal | inert waste, for final disposal | Consequential, U","category":"E:Water supply; sewerage, waste management and remediation activities/38:Waste collection, treatment and disposal activities; materials recovery/382:Waste treatment and disposal/3821:Treatment and disposal of non-hazardous waste","processType":"UNIT_PROCESS","flowType":"WASTE_FLOW","location":"CH"}},{"@type":"Exchange","isAvoidedProduct":false,"isInput":true,"amount":750.0,"dqEntry":"(2;3;5;1;1)","internalId":19,"flow":{"@type":"Flow","@id":"4624deff-2016-41d4-b2bf-3db8dab88779","name":"Transformation, to industrial area","category":"Elementary flows/Resource/land","flowType":"ELEMENTARY_FLOW","refUnit":"m2"},"unit":{"@type":"Unit","@id":"3ce61faa-5716-41c1-aef6-b5920054acc9","name":"m2"},"flowProperty":{"@type":"FlowProperty","@id":"93a60a56-a3c8-19da-a746-0800200c9a66","name":"Area","category":"Technical flow properties","refUnit":"m2"},"uncertainty":{"@type":"Uncertainty","distributionType":"LOG_NORMAL_DISTRIBUTION","geomMean":750.0,"geomSd":1.4341253160944203}},{"@type":"Exchange","isAvoidedProduct":false,"isInput":true,"amount":750.0,"dqEntry":"(2;3;5;1;1)","internalId":18,"flow":{"@type":"Flow","@id":"29630a65-f38c-48a5-9744-c0121f586640","name":"Transformation, from unspecified","category":"Elementary flows/Resource/land","flowType":"ELEMENTARY_FLOW","refUnit":"m2"},"unit":{"@type":"Unit","@id":"3ce61faa-5716-41c1-aef6-b5920054acc9","name":"m2"},"flowProperty":{"@type":"FlowProperty","@id":"93a60a56-a3c8-19da-a746-0800200c9a66","name":"Area","category":"Technical flow properties","refUnit":"m2"},"uncertainty":{"@type":"Uncertainty","distributionType":"LOG_NORMAL_DISTRIBUTION","geomMean":750.0,"geomSd":1.4341253160944203}},{"@type":"Exchange","isAvoidedProduct":false,"isInput":true,"amount":1170000.0,"dqEntry":"(2;3;5;1;1)","description":"EcoSpold01Location\u003dCH","internalId":11,"flow":{"@type":"Flow","@id":"f51d7ccf-0bee-430d-98a3-8334adbe39fc","name":"sand","category":"B:Mining and quarrying/08:Other mining and quarrying/081:Quarrying of stone, sand and clay/0810:Quarrying of stone, sand and clay","flowType":"PRODUCT_FLOW","refUnit":"kg"},"unit":{"@type":"Unit","@id":"20aadc24-a391-41cf-b340-3e4529f44bde","name":"kg"},"flowProperty":{"@type":"FlowProperty","@id":"93a60a56-a3c8-11da-a746-0800200b9a66","name":"Mass","category":"Technical flow properties","refUnit":"kg"},"uncertainty":{"@type":"Uncertainty","distributionType":"LOG_NORMAL_DISTRIBUTION","geomMean":1170000.0,"geomSd":1.1051709180756477},"defaultProvider":{"@type":"Process","@id":"0a437811-71ba-34b5-9080-69c3cba25ad6","name":"market for sand | sand | Consequential, U","category":"B:Mining and quarrying/08:Other mining and quarrying/081:Quarrying of stone, sand and clay/0810:Quarrying of stone, sand and clay","processType":"UNIT_PROCESS","flowType":"PRODUCT_FLOW","location":"CH"}},{"@type":"Exchange","isAvoidedProduct":false,"isInput":true,"amount":18800.0,"dqEntry":"(2;3;5;1;1)","internalId":17,"flow":{"@type":"Flow","@id":"fe9c3a98-a6d2-452d-a9a4-a13e64f1b95b","name":"Occupation, industrial area","category":"Elementary flows/Resource/land","flowType":"ELEMENTARY_FLOW","refUnit":"m2*a"},"unit":{"@type":"Unit","@id":"c7266b67-4ea2-457f-b391-9b94e26e195a","name":"m2*a"},"flowProperty":{"@type":"FlowProperty","@id":"93a60a56-a3c8-21da-a746-0800200c9a66","name":"Area*time","category":"Technical flow properties","refUnit":"m2*a"},"uncertainty":{"@type":"Uncertainty","distributionType":"LOG_NORMAL_DISTRIBUTION","geomMean":18800.0,"geomSd":1.2505791921887124}},{"@type":"Exchange","isAvoidedProduct":false,"isInput":false,"amount":807000.0,"dqEntry":"(2;3;1;1;1)","description":"EcoSpold01Location\u003dCH","internalId":14,"flow":{"@type":"Flow","@id":"48f6b7c9-093b-4dd0-bf0d-9ba54b4c2d22","name":"waste concrete, not reinforced","category":"E:Water supply; sewerage, waste management and remediation activities/38:Waste collection, treatment and disposal activities; materials recovery/382:Waste treatment and disposal/3821:Treatment and disposal of non-hazardous waste","flowType":"WASTE_FLOW","refUnit":"kg"},"unit":{"@type":"Unit","@id":"20aadc24-a391-41cf-b340-3e4529f44bde","name":"kg"},"flowProperty":{"@type":"FlowProperty","@id":"93a60a56-a3c8-11da-a746-0800200b9a66","name":"Mass","category":"Technical flow properties","refUnit":"kg"},"uncertainty":{"@type":"Uncertainty","distributionType":"LOG_NORMAL_DISTRIBUTION","geomMean":-807000.0,"geomSd":1.1051709180756477},"defaultProvider":{"@type":"Process","@id":"03e9b2ed-7ec8-379c-bc50-6e39e56a5073","name":"market for waste concrete, not reinforced | waste concrete, not reinforced | Consequential, U","category":"E:Water supply; sewerage, waste management and remediation activities/38:Waste collection, treatment and disposal activities; materials recovery/383:Materials recovery/3830:Materials recovery","processType":"UNIT_PROCESS","flowType":"WASTE_FLOW","location":"CH"}},{"@type":"Exchange","isAvoidedProduct":false,"isInput":true,"amount":139.0,"dqEntry":"(2;3;5;1;1)","description":"EcoSpold01Location\u003dRER\nThe split between PUR-glue and MUF-glue glued laminated timber is made based on the Swiss relative production volumes for the products.","costValue":41422.0,"currency":{"@type":"Currency","@id":"7de74e65-ff97-404f-bf57-5d2a9134fb43","name":"Euro","refUnit":"EUR"},"internalId":5,"flow":{"@type":"Flow","@id":"84925dd9-d7ca-50b6-950e-0bbb739e0109","name":"glued laminated timber, MUF-glue","category":"C:Manufacturing/16:Manufacture of wood and of products of wood and cork, except furniture; manufacture of articles of straw and plaiting materials/162:Manufacture of products of wood, cork, straw and plaiting materials/1621:Manufacture of veneer sheets and wood-based panels","flowType":"PRODUCT_FLOW","refUnit":"m3"},"unit":{"@type":"Unit","@id":"1c3a9695-398d-4b1f-b07e-a8715b610f70","name":"m3"},"flowProperty":{"@type":"FlowProperty","@id":"93a60a56-a3c8-22da-a746-0800200c9a66","name":"Volume","category":"Technical flow properties","refUnit":"m3"},"uncertainty":{"@type":"Uncertainty","distributionType":"LOG_NORMAL_DISTRIBUTION","geomMean":278.0,"geomSd":1.1051709180756477},"defaultProvider":{"@type":"Process","@id":"f7ff9d28-64a6-3efa-8258-d5a3a8d778e0","name":"market for glued laminated timber, MUF-glue | glued laminated timber, MUF-glue | Consequential, U","category":"C:Manufacturing/16:Manufacture of wood and of products of wood and cork, except furniture; manufacture of articles of straw and plaiting materials/162:Manufacture of products of wood, cork, straw and plaiting materials/1621:Manufacture of veneer sheets and wood-based panels","processType":"UNIT_PROCESS","flowType":"PRODUCT_FLOW","location":"CH"}},{"@type":"Exchange","isAvoidedProduct":false,"isInput":true,"amount":139.0,"dqEntry":"(2;3;5;1;1)","description":"The split between PUR-glue and MUF-glue glued laminated timber is made based on the Swiss relative production volumes for the products.","costValue":41422.0,"currency":{"@type":"Currency","@id":"7de74e65-ff97-404f-bf57-5d2a9134fb43","name":"Euro","refUnit":"EUR"},"internalId":6,"flow":{"@type":"Flow","@id":"6eabd178-3f87-5399-a0e9-1875d44bfe28","name":"glued laminated timber, PUR-glue","category":"C:Manufacturing/16:Manufacture of wood and of products of wood and cork, except furniture; manufacture of articles of straw and plaiting materials/162:Manufacture of products of wood, cork, straw and plaiting materials/1621:Manufacture of veneer sheets and wood-based panels","flowType":"PRODUCT_FLOW","refUnit":"m3"},"unit":{"@type":"Unit","@id":"1c3a9695-398d-4b1f-b07e-a8715b610f70","name":"m3"},"flowProperty":{"@type":"FlowProperty","@id":"93a60a56-a3c8-22da-a746-0800200c9a66","name":"Volume","category":"Technical flow properties","refUnit":"m3"},"uncertainty":{"@type":"Uncertainty","distributionType":"LOG_NORMAL_DISTRIBUTION","geomMean":278.0,"geomSd":1.1051709180756477},"defaultProvider":{"@type":"Process","@id":"486197e6-d092-32c4-82aa-4b2625865743","name":"market for glued laminated timber, PUR-glue | glued laminated timber, PUR-glue | Consequential, U","category":"C:Manufacturing/16:Manufacture of wood and of products of wood and cork, except furniture; manufacture of articles of straw and plaiting materials/162:Manufacture of products of wood, cork, straw and plaiting materials/1621:Manufacture of veneer sheets and wood-based panels","processType":"UNIT_PROCESS","flowType":"PRODUCT_FLOW","location":"CH"}},{"@type":"Exchange","isAvoidedProduct":false,"isInput":true,"amount":2.16E7,"dqEntry":"(2;3;5;1;1)","description":"EcoSpold01Location\u003dCH","internalId":7,"flow":{"@type":"Flow","@id":"37eceabd-b33f-4757-a4b9-5c51dee1710d","name":"gravel, crushed","category":"B:Mining and quarrying/08:Other mining and quarrying/081:Quarrying of stone, sand and clay/0810:Quarrying of stone, sand and clay","flowType":"PRODUCT_FLOW","refUnit":"kg"},"unit":{"@type":"Unit","@id":"20aadc24-a391-41cf-b340-3e4529f44bde","name":"kg"},"flowProperty":{"@type":"FlowProperty","@id":"93a60a56-a3c8-11da-a746-0800200b9a66","name":"Mass","category":"Technical flow properties","refUnit":"kg"},"uncertainty":{"@type":"Uncertainty","distributionType":"LOG_NORMAL_DISTRIBUTION","geomMean":2.16E7,"geomSd":1.1051709180756477},"defaultProvider":{"@type":"Process","@id":"4b4b5601-262b-3733-b08e-15cd5c0d5365","name":"market for gravel, crushed | gravel, crushed | Consequential, U","category":"B:Mining and quarrying/08:Other mining and quarrying/081:Quarrying of stone, sand and clay/0810:Quarrying of stone, sand and clay","processType":"UNIT_PROCESS","flowType":"PRODUCT_FLOW","location":"CH"}},{"@type":"Exchange","isAvoidedProduct":false,"isInput":true,"amount":21200.0,"dqEntry":"(2;3;5;1;1)","description":"EcoSpold01Location\u003dRER","internalId":10,"flow":{"@type":"Flow","@id":"9ba48284-0f03-4fec-800d-de77833b12f6","name":"reinforcing steel","category":"C:Manufacturing/24:Manufacture of basic metals/241:Manufacture of basic iron and steel/2410:Manufacture of basic iron and steel","flowType":"PRODUCT_FLOW","refUnit":"kg"},"unit":{"@type":"Unit","@id":"20aadc24-a391-41cf-b340-3e4529f44bde","name":"kg"},"flowProperty":{"@type":"FlowProperty","@id":"93a60a56-a3c8-11da-a746-0800200b9a66","name":"Mass","category":"Technical flow properties","refUnit":"kg"},"uncertainty":{"@type":"Uncertainty","distributionType":"LOG_NORMAL_DISTRIBUTION","geomMean":21200.0,"geomSd":1.1051709180756477},"defaultProvider":{"@type":"Process","@id":"0a83828e-1b85-376b-b9f1-5ec5725d97ca","name":"market for reinforcing steel | reinforcing steel | Consequential, U","category":"C:Manufacturing/24:Manufacture of basic metals/241:Manufacture of basic iron and steel/2410:Manufacture of basic iron and steel","processType":"UNIT_PROCESS","flowType":"PRODUCT_FLOW","location":"GLO"}}],"socialAspects":[],"allocationFactors":[]}