{"@type":"Process","@id":"f7fbbd1f-c30f-4f86-b57a-436ec9872404","name":"treatment of waste rubber, unspecified, municipal incineration with fly ash extraction ","description":"This dataset represents the activity of waste disposal of waste rubber, unspecified in a municipal solid waste incinerator (MSWI)  //  Recommended use of this dataset: For small or large used rubber parts (can be as part of a larger contraption), which go to disposal as part of communal waste mixture.  //    //  Waste composition (wet, in ppm): upper heating value 29.3 MJ/kg; lower heating value 27.19 MJ/kg; H2O n.a.; O n.a.; H 106690; C 853530; S 3700; N n.a.; P n.a.; B n.a.; Cl 20000; Br n.a.; F n.a.; I n.a.; Ag n.a.; As n.a.; Ba n.a.; Cd 8; Co n.a.; Cr n.a.; Cu n.a.; Hg 0.001; Mn n.a.; Mo n.a.; Ni n.a.; Pb 70; Sb n.a.; Se n.a.; Sn n.a.; V n.a.; Zn 16000; Be n.a.; Sc n.a.; Sr n.a.; Ti n.a.; Tl n.a.; W n.a.; Si n.a.; Fe n.a.; Ca n.a.; Al n.a.; K n.a.; Mg n.a.; Na n.a.;   //  Share of carbon in waste that is biogenic 0%.  //  Share of metals in waste not oxidised and bulk-recyclable (exclude very small or thin parts) Iron: 0%; Alu: 0%; Copper: 0%.  //  Recovery of metal scrap from bottom ash to recycling: 0g iron scrap, 0g aluminium scrap, 0g copper scrap. From this waste, the FLUWA process in the technology mix recovers 0.00492kg (DM) of a hydroxide sludge to be recycled in zinc furnaces.  //  Ultimately one kg of this waste produces 0.03579 kg of bottom ash (can include some washed ash) and 0.0165 kg of residues, which are landfilled (technology mix). Additional solidification of residues with 0.006599 kg of cement.Net energy production: 3.25MJ/kg electric energy and 6.34MJ/kg thermal energy.   //    waste incineration from waste reception gate and delivery into waste bunker at incinerator plant site (without transports to the incinerator)  Waste-specific short-term emissions to water from leachate. Long-term emissions from landfill to ground water.  Dataset documentation: https://v391.ecoquery.ecoinvent.org/Details/UPR/caa02edc-fcdf-469d-bbec-c6ed365db8c5/dd7f13f5-0658-489c-a19c-f2ff8a00bdd9","category":"MSW/Current Management/USA/rubber management","version":"03.06.007","lastChange":"2024-02-24T12:35:14.533Z","processType":"UNIT_PROCESS","isInfrastructureProcess":false,"processDocumentation":{"timeDescription":"Waste composition as given in literature reference, theoretical data or other source. Transfer coefficients for modern MSWI. ","technologyDescription":"average Swiss MSWI plants in 2010 (grate incinerators) with electrostatic precipitator for fly ash (ESP), wet flue gas scrubber and 25%  SNCR , 42.77%  SCR-high dust , 32.68%  SCR-low dust -DeNOx facilities and 0% without Denox  (weighted according to mass of burnt waste, representing Swiss average). Efficiency of iron scrap separation from slag : 58%. Efficiency of non-ferrous scrap separation from slag : 31%. The technology mix for this dataset includes a filter ash treatment (FLUWA) of a share of 46.22%. Gross electric efficiency technology mix 15.84% and Gross thermal efficiency technology mix 28.51% ","isCopyrightProtected":true,"geographyDescription":"Specific to the technology mix encountered in Switzerland in 2012.","creationDate":"2011-11-25T17:38:24","validFrom":"2006-01-01","validUntil":"2022-12-31","dataDocumentor":{"@type":"Actor","@id":"e8d6ebac-c6d1-4f98-b4db-6613e1520289","name":"Gabor Doka"},"dataGenerator":{"@type":"Actor","@id":"e8d6ebac-c6d1-4f98-b4db-6613e1520289","name":"Gabor Doka"},"publication":{"@type":"Source","@id":"5bad2c37-96c1-45dd-85f2-abfa11d16aaf","name":"Doka G.2015"}},"lastInternalId":105,"exchangeDqSystem":{"@type":"DQSystem","@id":"e7ac7cf6-5457-453e-99f9-d889826fffe8","name":"Ecoinvent Data Quality System"},"parameters":[],"exchanges":[{"@type":"Exchange","isAvoidedProduct":false,"isInput":true,"amount":0.0011207,"dqEntry":"(1;1;4;1;1)","description":"Auxilliary oxidising agent for filter ash treatment (FLUWA).","internalId":12,"flow":{"@type":"Flow","@id":"26c92545-7995-491d-bcca-ee6d590ef194","name":"hydrogen peroxide, without water, in 50% solution state","category":"C:Manufacturing/20:Manufacture of chemicals and chemical products/201:Manufacture of basic chemicals, fertilizers and nitrogen compounds, plastics/2011:Manufacture of basic chemicals","flowType":"PRODUCT_FLOW","refUnit":"kg"},"unit":{"@type":"Unit","@id":"20aadc24-a391-41cf-b340-3e4529f44bde","name":"kg"},"flowProperty":{"@type":"FlowProperty","@id":"93a60a56-a3c8-11da-a746-0800200b9a66","name":"Mass","category":"Technical flow properties","refUnit":"kg"},"uncertainty":{"@type":"Uncertainty","distributionType":"LOG_NORMAL_DISTRIBUTION","geomMean":0.001121,"geomSd":1.4647440168191832},"defaultProvider":{"@type":"Process","@id":"475defef-bf6a-300c-b64c-22344ffb509f","name":"market for hydrogen peroxide, without water, in 50% solution state | hydrogen peroxide, without water, in 50% solution state | Consequential, U","category":"C:Manufacturing/20:Manufacture of chemicals and chemical products/201:Manufacture of basic chemicals, fertilizers and nitrogen compounds, plastics/2011:Manufacture of basic chemicals","processType":"UNIT_PROCESS","flowType":"PRODUCT_FLOW","location":"RER"}},{"@type":"Exchange","isAvoidedProduct":false,"isInput":false,"amount":6.0644E-8,"dqEntry":"(1;1;4;1;1)","description":"Long-term emissions from landfilling of incineration residues.","internalId":83,"flow":{"@type":"Flow","@id":"9f69cb8e-51fe-447b-a1ac-4da74de8ebe4","name":"Nickel II","category":"Elementary flows/Emission to water/ground water, long-term","flowType":"ELEMENTARY_FLOW","refUnit":"kg"},"unit":{"@type":"Unit","@id":"20aadc24-a391-41cf-b340-3e4529f44bde","name":"kg"},"flowProperty":{"@type":"FlowProperty","@id":"93a60a56-a3c8-11da-a746-0800200b9a66","name":"Mass","category":"Technical flow properties","refUnit":"kg"},"uncertainty":{"@type":"Uncertainty","distributionType":"LOG_NORMAL_DISTRIBUTION","geomMean":6.064E-8,"geomSd":1.661875605916193}},{"@type":"Exchange","isAvoidedProduct":false,"isInput":false,"amount":1.0138E-7,"dqEntry":"(1;1;4;1;1)","description":"Emissions to water from waste composition and transfer coefficients in incinerator and landfills.","internalId":51,"flow":{"@type":"Flow","@id":"97e498ec-f323-4ec6-bcc0-d8a4c853bae3","name":"Aluminium III","category":"Elementary flows/Emission to water/surface water","flowType":"ELEMENTARY_FLOW","refUnit":"kg"},"unit":{"@type":"Unit","@id":"20aadc24-a391-41cf-b340-3e4529f44bde","name":"kg"},"flowProperty":{"@type":"FlowProperty","@id":"93a60a56-a3c8-11da-a746-0800200b9a66","name":"Mass","category":"Technical flow properties","refUnit":"kg"},"uncertainty":{"@type":"Uncertainty","distributionType":"LOG_NORMAL_DISTRIBUTION","geomMean":1.014E-7,"geomSd":2.3697540761012483}},{"@type":"Exchange","isAvoidedProduct":false,"isInput":false,"amount":4.3894E-12,"dqEntry":"(1;1;4;1;1)","description":"Emissions to water from waste composition and transfer coefficients in incinerator and landfills.","internalId":71,"flow":{"@type":"Flow","@id":"6d9550e2-e670-44c1-bad8-c0c4975ffca7","name":"Copper ion","category":"Elementary flows/Emission to water/surface water","flowType":"ELEMENTARY_FLOW","refUnit":"kg"},"unit":{"@type":"Unit","@id":"20aadc24-a391-41cf-b340-3e4529f44bde","name":"kg"},"flowProperty":{"@type":"FlowProperty","@id":"93a60a56-a3c8-11da-a746-0800200b9a66","name":"Mass","category":"Technical flow properties","refUnit":"kg"},"uncertainty":{"@type":"Uncertainty","distributionType":"LOG_NORMAL_DISTRIBUTION","geomMean":4.389E-12,"geomSd":2.737445872713607}},{"@type":"Exchange","isAvoidedProduct":false,"isInput":false,"amount":4.0684E-8,"dqEntry":"(1;1;4;1;1)","description":"Long-term emissions from landfilling of incineration residues.","internalId":66,"flow":{"@type":"Flow","@id":"ef475b50-9cd0-4e7c-9c59-07868fe16e91","name":"Chromium VI","category":"Elementary flows/Emission to water/ground water, long-term","flowType":"ELEMENTARY_FLOW","refUnit":"kg"},"unit":{"@type":"Unit","@id":"20aadc24-a391-41cf-b340-3e4529f44bde","name":"kg"},"flowProperty":{"@type":"FlowProperty","@id":"93a60a56-a3c8-11da-a746-0800200b9a66","name":"Mass","category":"Technical flow properties","refUnit":"kg"},"uncertainty":{"@type":"Uncertainty","distributionType":"LOG_NORMAL_DISTRIBUTION","geomMean":4.068E-8,"geomSd":1.0848989063151855}},{"@type":"Exchange","isAvoidedProduct":false,"isInput":false,"amount":6.1893E-17,"dqEntry":"(1;1;4;1;1)","description":"Long-term emissions from landfilling of incineration residues.","internalId":54,"flow":{"@type":"Flow","@id":"e60edb16-3c74-415b-9aff-a22a6f49fecb","name":"Arsenic ion","category":"Elementary flows/Emission to water/ground water, long-term","flowType":"ELEMENTARY_FLOW","refUnit":"kg"},"unit":{"@type":"Unit","@id":"20aadc24-a391-41cf-b340-3e4529f44bde","name":"kg"},"flowProperty":{"@type":"FlowProperty","@id":"93a60a56-a3c8-11da-a746-0800200b9a66","name":"Mass","category":"Technical flow properties","refUnit":"kg"},"uncertainty":{"@type":"Uncertainty","distributionType":"LOG_NORMAL_DISTRIBUTION","geomMean":6.189E-17,"geomSd":1.1661914782936766}},{"@type":"Exchange","isAvoidedProduct":false,"isInput":false,"amount":1.0124E-10,"dqEntry":"(1;1;4;1;1)","description":"Emissions to water from waste composition and transfer coefficients in incinerator and landfills.","internalId":84,"flow":{"@type":"Flow","@id":"9798359e-a3ee-4362-a038-23a188582c6e","name":"Nickel II","category":"Elementary flows/Emission to water/surface water","flowType":"ELEMENTARY_FLOW","refUnit":"kg"},"unit":{"@type":"Unit","@id":"20aadc24-a391-41cf-b340-3e4529f44bde","name":"kg"},"flowProperty":{"@type":"FlowProperty","@id":"93a60a56-a3c8-11da-a746-0800200b9a66","name":"Mass","category":"Technical flow properties","refUnit":"kg"},"uncertainty":{"@type":"Uncertainty","distributionType":"LOG_NORMAL_DISTRIBUTION","geomMean":1.012E-10,"geomSd":2.3340305016107092}},{"@type":"Exchange","isAvoidedProduct":false,"isInput":false,"amount":1.2879E-8,"dqEntry":"(1;1;4;1;1)","description":"Emissions to water from waste composition and transfer coefficients in incinerator and landfills.","internalId":67,"flow":{"@type":"Flow","@id":"8216fc31-15a1-4d33-858f-e09650b14c63","name":"Chromium VI","category":"Elementary flows/Emission to water/surface water","flowType":"ELEMENTARY_FLOW","refUnit":"kg"},"unit":{"@type":"Unit","@id":"20aadc24-a391-41cf-b340-3e4529f44bde","name":"kg"},"flowProperty":{"@type":"FlowProperty","@id":"93a60a56-a3c8-11da-a746-0800200b9a66","name":"Mass","category":"Technical flow properties","refUnit":"kg"},"uncertainty":{"@type":"Uncertainty","distributionType":"LOG_NORMAL_DISTRIBUTION","geomMean":1.288E-8,"geomSd":1.5060824937272974}},{"@type":"Exchange","isAvoidedProduct":false,"isInput":false,"amount":1.0002E-7,"dqEntry":"(1;1;4;1;1)","description":"Incomplete combustion product emitted to air.","internalId":40,"flow":{"@type":"Flow","@id":"5f7aad3d-566c-4d0d-ad59-e765f971aa0f","name":"Methane, fossil","category":"Elementary flows/Emission to air/high population density","flowType":"ELEMENTARY_FLOW","refUnit":"kg"},"unit":{"@type":"Unit","@id":"20aadc24-a391-41cf-b340-3e4529f44bde","name":"kg"},"flowProperty":{"@type":"FlowProperty","@id":"93a60a56-a3c8-11da-a746-0800200b9a66","name":"Mass","category":"Technical flow properties","refUnit":"kg"},"uncertainty":{"@type":"Uncertainty","distributionType":"LOG_NORMAL_DISTRIBUTION","geomMean":1.0E-7,"geomSd":1.2851000820783778}},{"@type":"Exchange","isAvoidedProduct":false,"isInput":false,"amount":6.7819E-4,"dqEntry":"(1;1;4;1;1)","description":"Long-term emissions from landfilling of incineration residues.","internalId":85,"flow":{"@type":"Flow","@id":"ce88a9b6-0afa-4f68-9b32-8c3438bf4025","name":"Silicon","category":"Elementary flows/Emission to water/ground water, long-term","flowType":"ELEMENTARY_FLOW","refUnit":"kg"},"unit":{"@type":"Unit","@id":"20aadc24-a391-41cf-b340-3e4529f44bde","name":"kg"},"flowProperty":{"@type":"FlowProperty","@id":"93a60a56-a3c8-11da-a746-0800200b9a66","name":"Mass","category":"Technical flow properties","refUnit":"kg"},"uncertainty":{"@type":"Uncertainty","distributionType":"LOG_NORMAL_DISTRIBUTION","geomMean":6.782E-4,"geomSd":1.000870464837433}},{"@type":"Exchange","isAvoidedProduct":false,"isInput":true,"amount":6.3622E-11,"dqEntry":"(1;1;4;1;1)","description":"Landfill infrastructure required for landfilling of bottom ash.","internalId":20,"flow":{"@type":"Flow","@id":"1d32d9ef-8f9d-4b72-9d72-ab08b08fa52c","name":"slag landfill","category":"F:Construction/42:Civil engineering/429:Construction of other civil engineering projects/4290:Construction of other civil engineering projects","flowType":"PRODUCT_FLOW","refUnit":"Item(s)"},"unit":{"@type":"Unit","@id":"6dabe201-aaac-4509-92f0-d00c26cb72ab","name":"Item(s)"},"flowProperty":{"@type":"FlowProperty","@id":"01846770-4cfe-4a25-8ad9-919d8d378345","name":"Number of items","category":"Technical flow properties","refUnit":"Item(s)"},"uncertainty":{"@type":"Uncertainty","distributionType":"LOG_NORMAL_DISTRIBUTION","geomMean":6.362E-11,"geomSd":1.1897304834924816},"defaultProvider":{"@type":"Process","@id":"2f8ee8e9-bdbc-3b61-9d9b-86d5ecdd9364","name":"slag landfill construction | slag landfill | Consequential, U","category":"F:Construction/42:Civil engineering/429:Construction of other civil engineering projects/4290:Construction of other civil engineering projects","processType":"UNIT_PROCESS","flowType":"PRODUCT_FLOW","location":"CH"}},{"@type":"Exchange","isAvoidedProduct":false,"isInput":false,"amount":0.001512,"dqEntry":"(1;1;4;1;1)","description":"Emissions to water from waste composition and transfer coefficients in incinerator and landfills.","internalId":88,"flow":{"@type":"Flow","@id":"37d35fd0-7f07-4b9b-92eb-de3c27050172","name":"Sulfate","category":"Elementary flows/Emission to water/surface water","flowType":"ELEMENTARY_FLOW","refUnit":"kg"},"unit":{"@type":"Unit","@id":"20aadc24-a391-41cf-b340-3e4529f44bde","name":"kg"},"flowProperty":{"@type":"FlowProperty","@id":"93a60a56-a3c8-11da-a746-0800200b9a66","name":"Mass","category":"Technical flow properties","refUnit":"kg"},"uncertainty":{"@type":"Uncertainty","distributionType":"LOG_NORMAL_DISTRIBUTION","geomMean":0.001512,"geomSd":1.635660577593358}},{"@type":"Exchange","isAvoidedProduct":false,"isInput":false,"amount":1.0724E-5,"dqEntry":"(1;1;4;1;1)","description":"Emission to air from waste composition and transfer coefficients.","internalId":49,"flow":{"@type":"Flow","@id":"748f22a9-eba4-4726-bef5-92c7442ce189","name":"Zinc II","category":"Elementary flows/Emission to air/high population density","flowType":"ELEMENTARY_FLOW","refUnit":"kg"},"unit":{"@type":"Unit","@id":"20aadc24-a391-41cf-b340-3e4529f44bde","name":"kg"},"flowProperty":{"@type":"FlowProperty","@id":"93a60a56-a3c8-11da-a746-0800200b9a66","name":"Mass","category":"Technical flow properties","refUnit":"kg"},"uncertainty":{"@type":"Uncertainty","distributionType":"LOG_NORMAL_DISTRIBUTION","geomMean":1.072E-5,"geomSd":1.7799954128913762}},{"@type":"Exchange","isAvoidedProduct":false,"isInput":false,"amount":0.0025193,"dqEntry":"(1;1;4;1;1)","description":"Long-term emissions from landfilling of incineration residues.","internalId":64,"flow":{"@type":"Flow","@id":"ea70cc93-c68c-4228-8b8e-1b189b4c705c","name":"Chloride","category":"Elementary flows/Emission to water/ground water, long-term","flowType":"ELEMENTARY_FLOW","refUnit":"kg"},"unit":{"@type":"Unit","@id":"20aadc24-a391-41cf-b340-3e4529f44bde","name":"kg"},"flowProperty":{"@type":"FlowProperty","@id":"93a60a56-a3c8-11da-a746-0800200b9a66","name":"Mass","category":"Technical flow properties","refUnit":"kg"},"uncertainty":{"@type":"Uncertainty","distributionType":"LOG_NORMAL_DISTRIBUTION","geomMean":0.002519,"geomSd":1.7001660418434077}},{"@type":"Exchange","isAvoidedProduct":false,"isInput":true,"amount":1.1415E-6,"dqEntry":"(1;1;4;1;1)","description":"Auxilliary inputs for the wastewater treatment stage of the incinerator plant. Proxy for (pure) Trisodium-trimercapto-s-triazine (CAS 17766-26-6), used as 15% diluted solution, aka TMT15.","internalId":6,"flow":{"@type":"Flow","@id":"2be73167-58e8-4706-a68f-167c80df9f72","name":"chemical, organic","category":"C:Manufacturing/20:Manufacture of chemicals and chemical products/201:Manufacture of basic chemicals, fertilizers and nitrogen compounds, plastics","flowType":"PRODUCT_FLOW","refUnit":"kg"},"unit":{"@type":"Unit","@id":"20aadc24-a391-41cf-b340-3e4529f44bde","name":"kg"},"flowProperty":{"@type":"FlowProperty","@id":"93a60a56-a3c8-11da-a746-0800200b9a66","name":"Mass","category":"Technical flow properties","refUnit":"kg"},"uncertainty":{"@type":"Uncertainty","distributionType":"LOG_NORMAL_DISTRIBUTION","geomMean":1.142E-6,"geomSd":3.1008620914045557},"defaultProvider":{"@type":"Process","@id":"5162125b-c4ce-3d48-8577-8e8a3622f3fa","name":"market for chemical, organic | chemical, organic | Consequential, U","category":"C:Manufacturing/20:Manufacture of chemicals and chemical products/201:Manufacture of basic chemicals, fertilizers and nitrogen compounds, plastics","processType":"UNIT_PROCESS","flowType":"PRODUCT_FLOW","location":"GLO"}},{"@type":"Exchange","isAvoidedProduct":false,"isInput":true,"amount":0.010014,"dqEntry":"(1;1;4;1;1)","description":"Auxilliary inputs for the flue gas treatment stage of the incinerator plant.","internalId":18,"flow":{"@type":"Flow","@id":"2a478bad-9f24-4208-a86c-3683f9b69610","name":"quicklime, milled, packed","category":"C:Manufacturing/23:Manufacture of other non-metallic mineral products/239:Manufacture of non-metallic mineral products n.e.c./2394:Manufacture of cement, lime and plaster","flowType":"PRODUCT_FLOW","refUnit":"kg"},"unit":{"@type":"Unit","@id":"20aadc24-a391-41cf-b340-3e4529f44bde","name":"kg"},"flowProperty":{"@type":"FlowProperty","@id":"93a60a56-a3c8-11da-a746-0800200b9a66","name":"Mass","category":"Technical flow properties","refUnit":"kg"},"uncertainty":{"@type":"Uncertainty","distributionType":"LOG_NORMAL_DISTRIBUTION","geomMean":0.01001,"geomSd":1.756074308536498},"defaultProvider":{"@type":"Process","@id":"19289444-e83e-3d6c-b2bb-7a387ecd73d8","name":"market for quicklime, milled, packed | quicklime, milled, packed | Consequential, U","category":"C:Manufacturing/23:Manufacture of other non-metallic mineral products/239:Manufacture of non-metallic mineral products n.e.c./2394:Manufacture of cement, lime and plaster","processType":"UNIT_PROCESS","flowType":"PRODUCT_FLOW","location":"RER"}},{"@type":"Exchange","isAvoidedProduct":false,"isInput":false,"amount":6.4887E-4,"dqEntry":"(1;1;4;1;1)","description":"Emissions to water from waste composition and transfer coefficients in incinerator and landfills.","internalId":59,"flow":{"@type":"Flow","@id":"fc0b5c85-3b49-42c2-a3fd-db7e57b696e3","name":"COD, Chemical Oxygen Demand","category":"Elementary flows/Emission to water/surface water","flowType":"ELEMENTARY_FLOW","refUnit":"kg"},"unit":{"@type":"Unit","@id":"20aadc24-a391-41cf-b340-3e4529f44bde","name":"kg"},"flowProperty":{"@type":"FlowProperty","@id":"93a60a56-a3c8-11da-a746-0800200b9a66","name":"Mass","category":"Technical flow properties","refUnit":"kg"},"uncertainty":{"@type":"Uncertainty","distributionType":"LOG_NORMAL_DISTRIBUTION","geomMean":6.489E-4,"geomSd":1.140298141543446}},{"@type":"Exchange","isAvoidedProduct":false,"isInput":false,"amount":2.9039E-12,"dqEntry":"(1;1;4;1;1)","description":"Incomplete combustion product emitted to air.","internalId":45,"flow":{"@type":"Flow","@id":"08b928d8-1812-4e0b-b057-4bcaaba24865","name":"Phenol, pentachloro-","category":"Elementary flows/Emission to air/high population density","flowType":"ELEMENTARY_FLOW","refUnit":"kg"},"unit":{"@type":"Unit","@id":"20aadc24-a391-41cf-b340-3e4529f44bde","name":"kg"},"flowProperty":{"@type":"FlowProperty","@id":"93a60a56-a3c8-11da-a746-0800200b9a66","name":"Mass","category":"Technical flow properties","refUnit":"kg"},"uncertainty":{"@type":"Uncertainty","distributionType":"LOG_NORMAL_DISTRIBUTION","geomMean":2.904E-12,"geomSd":1.2851000820783778}},{"@type":"Exchange","isAvoidedProduct":false,"isInput":false,"amount":0.003600999,"dqEntry":"(1;1;4;1;1)","description":"Water vapour from waste humidity, hydrogen oxidation and part of the process water.","internalId":48,"flow":{"@type":"Flow","@id":"5d368100-b1bc-4456-8420-e469edccf349","name":"Water","category":"Elementary flows/Emission to air/high population density","flowType":"ELEMENTARY_FLOW","refUnit":"m3"},"unit":{"@type":"Unit","@id":"1c3a9695-398d-4b1f-b07e-a8715b610f70","name":"m3"},"flowProperty":{"@type":"FlowProperty","@id":"93a60a56-a3c8-22da-a746-0800200c9a66","name":"Volume","category":"Technical flow properties","refUnit":"m3"},"uncertainty":{"@type":"Uncertainty","distributionType":"LOG_NORMAL_DISTRIBUTION","geomMean":0.003600999,"geomSd":2.496222681204147}},{"@type":"Exchange","isAvoidedProduct":false,"isInput":false,"amount":3.523E-11,"dqEntry":"(1;1;4;1;1)","description":"Incomplete combustion product emitted to air.","internalId":30,"flow":{"@type":"Flow","@id":"c75dd699-08a5-4215-acf5-e618995e768f","name":"Benzene, pentachloro-","category":"Elementary flows/Emission to air/high population density","flowType":"ELEMENTARY_FLOW","refUnit":"kg"},"unit":{"@type":"Unit","@id":"20aadc24-a391-41cf-b340-3e4529f44bde","name":"kg"},"flowProperty":{"@type":"FlowProperty","@id":"93a60a56-a3c8-11da-a746-0800200b9a66","name":"Mass","category":"Technical flow properties","refUnit":"kg"},"uncertainty":{"@type":"Uncertainty","distributionType":"LOG_NORMAL_DISTRIBUTION","geomMean":3.523E-11,"geomSd":1.2851000820783778}},{"@type":"Exchange","isAvoidedProduct":false,"isInput":true,"amount":0.0036323,"dqEntry":"(1;1;4;1;1)","description":"Auxilliary inputs for the flue gas treatment stage of the incinerator plant, and partially in the filter ash treatment (FLUWA).","internalId":21,"flow":{"@type":"Flow","@id":"61396bcb-bf35-411a-a6a6-8543ccef83e8","name":"sodium hydroxide, without water, in 50% solution state","category":"C:Manufacturing/20:Manufacture of chemicals and chemical products/201:Manufacture of basic chemicals, fertilizers and nitrogen compounds, plastics/2011:Manufacture of basic chemicals","flowType":"PRODUCT_FLOW","refUnit":"kg"},"unit":{"@type":"Unit","@id":"20aadc24-a391-41cf-b340-3e4529f44bde","name":"kg"},"flowProperty":{"@type":"FlowProperty","@id":"93a60a56-a3c8-11da-a746-0800200b9a66","name":"Mass","category":"Technical flow properties","refUnit":"kg"},"uncertainty":{"@type":"Uncertainty","distributionType":"LOG_NORMAL_DISTRIBUTION","geomMean":0.003632,"geomSd":1.4496302110925288},"defaultProvider":{"@type":"Process","@id":"2b48d0de-5561-368d-821f-ce8e4bfe28d8","name":"market for sodium hydroxide, without water, in 50% solution state | sodium hydroxide, without water, in 50% solution state | Consequential, U","category":"C:Manufacturing/20:Manufacture of chemicals and chemical products/201:Manufacture of basic chemicals, fertilizers and nitrogen compounds, plastics/2011:Manufacture of basic chemicals","processType":"UNIT_PROCESS","flowType":"PRODUCT_FLOW","location":"GLO"}},{"@type":"Exchange","isAvoidedProduct":false,"isInput":false,"amount":3.0346E-7,"dqEntry":"(1;1;4;1;1)","description":"Incomplete combustion product emitted to air.","internalId":41,"flow":{"@type":"Flow","@id":"175baa64-d985-4c5e-84ef-67cc3a1cf952","name":"NMVOC, non-methane volatile organic compounds","category":"Elementary flows/Emission to air/high population density","flowType":"ELEMENTARY_FLOW","refUnit":"kg"},"unit":{"@type":"Unit","@id":"20aadc24-a391-41cf-b340-3e4529f44bde","name":"kg"},"flowProperty":{"@type":"FlowProperty","@id":"93a60a56-a3c8-11da-a746-0800200b9a66","name":"Mass","category":"Technical flow properties","refUnit":"kg"},"uncertainty":{"@type":"Uncertainty","distributionType":"LOG_NORMAL_DISTRIBUTION","geomMean":3.035E-7,"geomSd":1.2851000820783778}},{"@type":"Exchange","isAvoidedProduct":false,"isInput":false,"amount":1.4219E-9,"dqEntry":"(1;1;4;1;1)","description":"Emissions to water from waste composition and transfer coefficients in incinerator and landfills.","internalId":61,"flow":{"@type":"Flow","@id":"af83b42f-a4e6-4457-be74-46a87798f82a","name":"Cadmium II","category":"Elementary flows/Emission to water/surface water","flowType":"ELEMENTARY_FLOW","refUnit":"kg"},"unit":{"@type":"Unit","@id":"20aadc24-a391-41cf-b340-3e4529f44bde","name":"kg"},"flowProperty":{"@type":"FlowProperty","@id":"93a60a56-a3c8-11da-a746-0800200b9a66","name":"Mass","category":"Technical flow properties","refUnit":"kg"},"uncertainty":{"@type":"Uncertainty","distributionType":"LOG_NORMAL_DISTRIBUTION","geomMean":1.422E-9,"geomSd":3.0431073527253485}},{"@type":"Exchange","isAvoidedProduct":false,"isInput":false,"amount":6.1893E-8,"description":"Emissions to water from waste composition and transfer coefficients in incinerator and landfills.","internalId":55,"flow":{"@type":"Flow","@id":"8c8ffaa5-84ed-4668-ba7d-80fd0f47013f","name":"Arsenic ion","category":"Elementary flows/Emission to water/surface water","flowType":"ELEMENTARY_FLOW","refUnit":"kg"},"unit":{"@type":"Unit","@id":"20aadc24-a391-41cf-b340-3e4529f44bde","name":"kg"},"flowProperty":{"@type":"FlowProperty","@id":"93a60a56-a3c8-11da-a746-0800200b9a66","name":"Mass","category":"Technical flow properties","refUnit":"kg"}},{"@type":"Exchange","isAvoidedProduct":false,"isInput":false,"amount":2.6293E-9,"dqEntry":"(1;1;4;1;1)","description":"Long-term emissions from landfilling of incineration residues.","internalId":70,"flow":{"@type":"Flow","@id":"40229ebf-9346-4f20-910a-f8ea3bd88d44","name":"Copper ion","category":"Elementary flows/Emission to water/ground water, long-term","flowType":"ELEMENTARY_FLOW","refUnit":"kg"},"unit":{"@type":"Unit","@id":"20aadc24-a391-41cf-b340-3e4529f44bde","name":"kg"},"flowProperty":{"@type":"FlowProperty","@id":"93a60a56-a3c8-11da-a746-0800200b9a66","name":"Mass","category":"Technical flow properties","refUnit":"kg"},"uncertainty":{"@type":"Uncertainty","distributionType":"LOG_NORMAL_DISTRIBUTION","geomMean":2.629E-9,"geomSd":5.0968313714242015}},{"@type":"Exchange","isAvoidedProduct":false,"isInput":false,"amount":0.0020689,"dqEntry":"(1;1;4;1;1)","description":"Long-term emissions from landfilling of incineration residues.","internalId":56,"flow":{"@type":"Flow","@id":"aedea697-930a-4a0e-9e4f-b9c369aa9a33","name":"BOD5, Biological Oxygen Demand","category":"Elementary flows/Emission to water/ground water, long-term","flowType":"ELEMENTARY_FLOW","refUnit":"kg"},"unit":{"@type":"Unit","@id":"20aadc24-a391-41cf-b340-3e4529f44bde","name":"kg"},"flowProperty":{"@type":"FlowProperty","@id":"93a60a56-a3c8-11da-a746-0800200b9a66","name":"Mass","category":"Technical flow properties","refUnit":"kg"},"uncertainty":{"@type":"Uncertainty","distributionType":"LOG_NORMAL_DISTRIBUTION","geomMean":0.002069,"geomSd":1.112454934949583}},{"@type":"Exchange","isAvoidedProduct":false,"isInput":false,"amount":7.6072E-7,"dqEntry":"(1;1;4;1;1)","description":"Long-term emissions from landfilling of incineration residues.","internalId":75,"flow":{"@type":"Flow","@id":"9b6d6f07-ebc6-447d-a3c0-f2017d77d852","name":"Iron ion","category":"Elementary flows/Emission to water/ground water, long-term","flowType":"ELEMENTARY_FLOW","refUnit":"kg"},"unit":{"@type":"Unit","@id":"20aadc24-a391-41cf-b340-3e4529f44bde","name":"kg"},"flowProperty":{"@type":"FlowProperty","@id":"93a60a56-a3c8-11da-a746-0800200b9a66","name":"Mass","category":"Technical flow properties","refUnit":"kg"},"uncertainty":{"@type":"Uncertainty","distributionType":"LOG_NORMAL_DISTRIBUTION","geomMean":7.607E-7,"geomSd":14.125214744711691}},{"@type":"Exchange","isAvoidedProduct":false,"isInput":false,"amount":1.0088E-9,"dqEntry":"(1;1;4;1;1)","description":"Long-term emissions from landfilling of incineration residues.","internalId":52,"flow":{"@type":"Flow","@id":"83cf77ca-867b-4eef-b0f0-78d71b3d91d5","name":"Antimony ion","category":"Elementary flows/Emission to water/ground water, long-term","flowType":"ELEMENTARY_FLOW","refUnit":"kg"},"unit":{"@type":"Unit","@id":"20aadc24-a391-41cf-b340-3e4529f44bde","name":"kg"},"flowProperty":{"@type":"FlowProperty","@id":"93a60a56-a3c8-11da-a746-0800200b9a66","name":"Mass","category":"Technical flow properties","refUnit":"kg"},"uncertainty":{"@type":"Uncertainty","distributionType":"LOG_NORMAL_DISTRIBUTION","geomMean":1.009E-9,"geomSd":1.0763472071437579}},{"@type":"Exchange","isAvoidedProduct":false,"isInput":false,"amount":1.0042E-9,"dqEntry":"(1;1;4;1;1)","description":"Emissions to water from waste composition and transfer coefficients in incinerator and landfills.","internalId":96,"flow":{"@type":"Flow","@id":"a46a250e-297d-43e9-b1c4-052cdcfb79c5","name":"Vanadium V","category":"Elementary flows/Emission to water/surface water","flowType":"ELEMENTARY_FLOW","refUnit":"kg"},"unit":{"@type":"Unit","@id":"20aadc24-a391-41cf-b340-3e4529f44bde","name":"kg"},"flowProperty":{"@type":"FlowProperty","@id":"93a60a56-a3c8-11da-a746-0800200b9a66","name":"Mass","category":"Technical flow properties","refUnit":"kg"},"uncertainty":{"@type":"Uncertainty","distributionType":"LOG_NORMAL_DISTRIBUTION","geomMean":1.004E-9,"geomSd":2.0817851059921284}},{"@type":"Exchange","isAvoidedProduct":false,"isInput":true,"amount":0.032893,"dqEntry":"(1;1;4;1;1)","description":"Mass-specific expenditures required for landfilling of incineration residues.;activityLink introduced to establish a direct link to the corresponding regional supply of this product","internalId":16,"flow":{"@type":"Flow","@id":"0efdaa40-18e9-4c35-b443-7123307fb358","name":"process-specific burdens, residual material landfill","category":"E:Water supply; sewerage, waste management and remediation activities/38:Waste collection, treatment and disposal activities; materials recovery/382:Waste treatment and disposal/3822:Treatment and disposal of hazardous waste","flowType":"PRODUCT_FLOW","refUnit":"kg"},"unit":{"@type":"Unit","@id":"20aadc24-a391-41cf-b340-3e4529f44bde","name":"kg"},"flowProperty":{"@type":"FlowProperty","@id":"93a60a56-a3c8-11da-a746-0800200b9a66","name":"Mass","category":"Technical flow properties","refUnit":"kg"},"uncertainty":{"@type":"Uncertainty","distributionType":"LOG_NORMAL_DISTRIBUTION","geomMean":0.03289,"geomSd":1.2997819130533228},"defaultProvider":{"@type":"Process","@id":"81a6b76c-1219-3dc3-ac1b-87528c0f28f2","name":"process-specific burdens, residual material landfill | process-specific burdens, residual material landfill | Consequential, U","category":"E:Water supply; sewerage, waste management and remediation activities/38:Waste collection, treatment and disposal activities; materials recovery/382:Waste treatment and disposal/3822:Treatment and disposal of hazardous waste","processType":"UNIT_PROCESS","flowType":"PRODUCT_FLOW","location":"CH"}},{"@type":"Exchange","isAvoidedProduct":false,"isInput":false,"amount":3.145E-7,"dqEntry":"(1;1;4;1;1)","description":"Long-term emissions from landfilling of incineration residues.","internalId":95,"flow":{"@type":"Flow","@id":"41dbbe1f-06e1-4a34-8497-5986be8f9e51","name":"Vanadium V","category":"Elementary flows/Emission to water/ground water, long-term","flowType":"ELEMENTARY_FLOW","refUnit":"kg"},"unit":{"@type":"Unit","@id":"20aadc24-a391-41cf-b340-3e4529f44bde","name":"kg"},"flowProperty":{"@type":"FlowProperty","@id":"93a60a56-a3c8-11da-a746-0800200b9a66","name":"Mass","category":"Technical flow properties","refUnit":"kg"},"uncertainty":{"@type":"Uncertainty","distributionType":"LOG_NORMAL_DISTRIBUTION","geomMean":3.145E-7,"geomSd":1.140311169083593}},{"@type":"Exchange","isAvoidedProduct":false,"isInput":false,"amount":1.27E-9,"dqEntry":"(1;1;4;1;1)","description":"Emissions to water from waste composition and transfer coefficients in incinerator and landfills.","internalId":76,"flow":{"@type":"Flow","@id":"7c335b9c-a403-47a8-bb6d-2e7d3c3a230e","name":"Iron ion","category":"Elementary flows/Emission to water/surface water","flowType":"ELEMENTARY_FLOW","refUnit":"kg"},"unit":{"@type":"Unit","@id":"20aadc24-a391-41cf-b340-3e4529f44bde","name":"kg"},"flowProperty":{"@type":"FlowProperty","@id":"93a60a56-a3c8-11da-a746-0800200b9a66","name":"Mass","category":"Technical flow properties","refUnit":"kg"},"uncertainty":{"@type":"Uncertainty","distributionType":"LOG_NORMAL_DISTRIBUTION","geomMean":1.27E-9,"geomSd":3.104424397132225}},{"@type":"Exchange","isAvoidedProduct":false,"isInput":false,"amount":0.016987,"dqEntry":"(1;1;4;1;1)","description":"Emissions to water from waste composition and transfer coefficients in incinerator and landfills.","internalId":65,"flow":{"@type":"Flow","@id":"5e050fab-1837-4c42-b597-ed2f376f768f","name":"Chloride","category":"Elementary flows/Emission to water/surface water","flowType":"ELEMENTARY_FLOW","refUnit":"kg"},"unit":{"@type":"Unit","@id":"20aadc24-a391-41cf-b340-3e4529f44bde","name":"kg"},"flowProperty":{"@type":"FlowProperty","@id":"93a60a56-a3c8-11da-a746-0800200b9a66","name":"Mass","category":"Technical flow properties","refUnit":"kg"},"uncertainty":{"@type":"Uncertainty","distributionType":"LOG_NORMAL_DISTRIBUTION","geomMean":0.01699,"geomSd":1.3766757365816944}},{"@type":"Exchange","isAvoidedProduct":false,"isInput":false,"amount":1.5286E-6,"dqEntry":"(1;1;4;1;1)","description":"Emissions to water from waste composition and transfer coefficients in incinerator and landfills.","internalId":86,"flow":{"@type":"Flow","@id":"fc2371dc-5bff-41f6-a155-697fbf727b56","name":"Silicon","category":"Elementary flows/Emission to water/surface water","flowType":"ELEMENTARY_FLOW","refUnit":"kg"},"unit":{"@type":"Unit","@id":"20aadc24-a391-41cf-b340-3e4529f44bde","name":"kg"},"flowProperty":{"@type":"FlowProperty","@id":"93a60a56-a3c8-11da-a746-0800200b9a66","name":"Mass","category":"Technical flow properties","refUnit":"kg"},"uncertainty":{"@type":"Uncertainty","distributionType":"LOG_NORMAL_DISTRIBUTION","geomMean":1.529E-6,"geomSd":2.097507259371809}},{"@type":"Exchange","isAvoidedProduct":false,"isInput":false,"amount":1.1413E-5,"dqEntry":"(1;1;4;1;1)","description":"Emission to air from waste composition and transfer coefficients.","internalId":37,"flow":{"@type":"Flow","@id":"afcbd980-14c2-4e1d-a0aa-5f6464e5c76b","name":"Hydrochloric acid","category":"Elementary flows/Emission to air/high population density","flowType":"ELEMENTARY_FLOW","refUnit":"kg"},"unit":{"@type":"Unit","@id":"20aadc24-a391-41cf-b340-3e4529f44bde","name":"kg"},"flowProperty":{"@type":"FlowProperty","@id":"93a60a56-a3c8-11da-a746-0800200b9a66","name":"Mass","category":"Technical flow properties","refUnit":"kg"},"uncertainty":{"@type":"Uncertainty","distributionType":"LOG_NORMAL_DISTRIBUTION","geomMean":1.141E-5,"geomSd":1.7447404146817547}},{"@type":"Exchange","isAvoidedProduct":false,"isInput":false,"amount":22.068,"dqEntry":"(1;1;4;1;1)","description":"Waste heat generated from heating value of this waste plus any electricity required to process it.","internalId":36,"flow":{"@type":"Flow","@id":"b411ec8b-c60a-4235-a3b2-8bf8443cbc55","name":"Heat, waste","category":"Elementary flows/Emission to air/high population density","flowType":"ELEMENTARY_FLOW","refUnit":"MJ"},"unit":{"@type":"Unit","@id":"52765a6c-3896-43c2-b2f4-c679acf13efe","name":"MJ"},"flowProperty":{"@type":"FlowProperty","@id":"f6811440-ee37-11de-8a39-0800200c9a66","name":"Energy","category":"Technical flow properties","refUnit":"MJ"},"uncertainty":{"@type":"Uncertainty","distributionType":"LOG_NORMAL_DISTRIBUTION","geomMean":22.07,"geomSd":1.132266726594107}},{"@type":"Exchange","isAvoidedProduct":false,"isInput":false,"amount":1.4839E-13,"dqEntry":"(1;1;4;1;1)","description":"Incomplete combustion product emitted to air.","internalId":31,"flow":{"@type":"Flow","@id":"2cbb504a-ce2f-40e9-9d38-e130e95a1242","name":"Benzo(a)pyrene","category":"Elementary flows/Emission to air/high population density","flowType":"ELEMENTARY_FLOW","refUnit":"kg"},"unit":{"@type":"Unit","@id":"20aadc24-a391-41cf-b340-3e4529f44bde","name":"kg"},"flowProperty":{"@type":"FlowProperty","@id":"93a60a56-a3c8-11da-a746-0800200b9a66","name":"Mass","category":"Technical flow properties","refUnit":"kg"},"uncertainty":{"@type":"Uncertainty","distributionType":"LOG_NORMAL_DISTRIBUTION","geomMean":1.484E-13,"geomSd":1.8174075839726727}},{"@type":"Exchange","isAvoidedProduct":false,"isInput":false,"amount":5.3088E-9,"dqEntry":"(1;1;4;1;1)","description":"Long-term emissions from landfilling of incineration residues.","internalId":68,"flow":{"@type":"Flow","@id":"1e904267-caa3-40e6-a3a0-fc104489770b","name":"Cobalt II","category":"Elementary flows/Emission to water/ground water, long-term","flowType":"ELEMENTARY_FLOW","refUnit":"kg"},"unit":{"@type":"Unit","@id":"20aadc24-a391-41cf-b340-3e4529f44bde","name":"kg"},"flowProperty":{"@type":"FlowProperty","@id":"93a60a56-a3c8-11da-a746-0800200b9a66","name":"Mass","category":"Technical flow properties","refUnit":"kg"},"uncertainty":{"@type":"Uncertainty","distributionType":"LOG_NORMAL_DISTRIBUTION","geomMean":5.309E-9,"geomSd":2.4184595657004855}},{"@type":"Exchange","isAvoidedProduct":false,"isInput":true,"amount":4.183,"dqEntry":"(1;1;4;1;1)","description":"Incinerator process water used in flue gas scrubber stage.","internalId":26,"flow":{"@type":"Flow","@id":"6ab2abde-801d-45a3-8ea3-455d0f01c3f4","name":"water, decarbonised","category":"E:Water supply; sewerage, waste management and remediation activities/36:Water collection, treatment and supply/360:Water collection, treatment and supply/3600:Water collection, treatment and supply","flowType":"PRODUCT_FLOW","refUnit":"kg"},"unit":{"@type":"Unit","@id":"20aadc24-a391-41cf-b340-3e4529f44bde","name":"kg"},"flowProperty":{"@type":"FlowProperty","@id":"93a60a56-a3c8-11da-a746-0800200b9a66","name":"Mass","category":"Technical flow properties","refUnit":"kg"},"uncertainty":{"@type":"Uncertainty","distributionType":"LOG_NORMAL_DISTRIBUTION","geomMean":4.183,"geomSd":1.7517195317968028},"defaultProvider":{"@type":"Process","@id":"c332a79f-0601-3095-94ba-be0033d3102a","name":"market for water, decarbonised | water, decarbonised | Consequential, U","category":"E:Water supply; sewerage, waste management and remediation activities/36:Water collection, treatment and supply/360:Water collection, treatment and supply/3600:Water collection, treatment and supply","processType":"UNIT_PROCESS","flowType":"PRODUCT_FLOW","location":"CH"}},{"@type":"Exchange","isAvoidedProduct":false,"isInput":false,"amount":1.2332E-9,"dqEntry":"(1;1;4;1;1)","description":"Long-term emissions from landfilling of incineration residues.","internalId":91,"flow":{"@type":"Flow","@id":"7e9baf19-8fa4-49c6-a3c2-2e875217e60b","name":"Thallium I","category":"Elementary flows/Emission to water/ground water, long-term","flowType":"ELEMENTARY_FLOW","refUnit":"kg"},"unit":{"@type":"Unit","@id":"20aadc24-a391-41cf-b340-3e4529f44bde","name":"kg"},"flowProperty":{"@type":"FlowProperty","@id":"93a60a56-a3c8-11da-a746-0800200b9a66","name":"Mass","category":"Technical flow properties","refUnit":"kg"},"uncertainty":{"@type":"Uncertainty","distributionType":"LOG_NORMAL_DISTRIBUTION","geomMean":1.233E-9,"geomSd":1.661875605916193}},{"@type":"Exchange","isAvoidedProduct":false,"isInput":false,"amount":0.0025028,"dqEntry":"(1;1;4;1;1)","description":"Long-term emissions from landfilling of incineration residues.","internalId":72,"flow":{"@type":"Flow","@id":"725c7923-0ed8-43e5-b485-fad7e34bef08","name":"DOC, Dissolved Organic Carbon","category":"Elementary flows/Emission to water/ground water, long-term","flowType":"ELEMENTARY_FLOW","refUnit":"kg"},"unit":{"@type":"Unit","@id":"20aadc24-a391-41cf-b340-3e4529f44bde","name":"kg"},"flowProperty":{"@type":"FlowProperty","@id":"93a60a56-a3c8-11da-a746-0800200b9a66","name":"Mass","category":"Technical flow properties","refUnit":"kg"},"uncertainty":{"@type":"Uncertainty","distributionType":"LOG_NORMAL_DISTRIBUTION","geomMean":0.002503,"geomSd":1.112454934949583}},{"@type":"Exchange","isAvoidedProduct":false,"isInput":false,"amount":4.0006E-9,"dqEntry":"(1;1;4;1;1)","description":"Incomplete combustion product emitted to air.","internalId":44,"flow":{"@type":"Flow","@id":"ccb169c3-8aae-4727-89bb-a7dd122946f3","name":"Particulate Matter, \u003e 2.5 um and \u003c 10um","category":"Elementary flows/Emission to air/high population density","flowType":"ELEMENTARY_FLOW","refUnit":"kg"},"unit":{"@type":"Unit","@id":"20aadc24-a391-41cf-b340-3e4529f44bde","name":"kg"},"flowProperty":{"@type":"FlowProperty","@id":"93a60a56-a3c8-11da-a746-0800200b9a66","name":"Mass","category":"Technical flow properties","refUnit":"kg"},"uncertainty":{"@type":"Uncertainty","distributionType":"LOG_NORMAL_DISTRIBUTION","geomMean":4.001E-9,"geomSd":1.4839049357058272}},{"@type":"Exchange","isAvoidedProduct":false,"isInput":false,"amount":9.7736E-7,"dqEntry":"(1;1;4;1;1)","description":"Emissions to water from waste composition and transfer coefficients in incinerator and landfills.","internalId":99,"flow":{"@type":"Flow","@id":"541b633c-17a3-4047-bce6-0c0e4fdb7c10","name":"Zinc II","category":"Elementary flows/Emission to water/surface water","flowType":"ELEMENTARY_FLOW","refUnit":"kg"},"unit":{"@type":"Unit","@id":"20aadc24-a391-41cf-b340-3e4529f44bde","name":"kg"},"flowProperty":{"@type":"FlowProperty","@id":"93a60a56-a3c8-11da-a746-0800200b9a66","name":"Mass","category":"Technical flow properties","refUnit":"kg"},"uncertainty":{"@type":"Uncertainty","distributionType":"LOG_NORMAL_DISTRIBUTION","geomMean":9.774E-7,"geomSd":1.8797705932213034}},{"@type":"Exchange","isAvoidedProduct":false,"isInput":false,"amount":1.3335E-14,"dqEntry":"(1;1;4;1;1)","description":"Incomplete combustion product emitted to air.","internalId":35,"flow":{"@type":"Flow","@id":"237a5f15-8119-472a-8988-88b7ecb42405","name":"Dioxins, measured as 2,3,7,8-tetrachlorodibenzo-p-dioxin","category":"Elementary flows/Emission to air/high population density","flowType":"ELEMENTARY_FLOW","refUnit":"kg"},"unit":{"@type":"Unit","@id":"20aadc24-a391-41cf-b340-3e4529f44bde","name":"kg"},"flowProperty":{"@type":"FlowProperty","@id":"93a60a56-a3c8-11da-a746-0800200b9a66","name":"Mass","category":"Technical flow properties","refUnit":"kg"},"uncertainty":{"@type":"Uncertainty","distributionType":"LOG_NORMAL_DISTRIBUTION","geomMean":1.334E-14,"geomSd":1.8174075839726727}},{"@type":"Exchange","isAvoidedProduct":false,"isInput":false,"amount":3.1108,"dqEntry":"(1;1;4;1;1)","description":"Emission to air from waste composition and transfer coefficients.","internalId":33,"flow":{"@type":"Flow","@id":"f9749677-9c9f-4678-ab55-c607dfdc2cb9","name":"Carbon dioxide, fossil","category":"Elementary flows/Emission to air/high population density","flowType":"ELEMENTARY_FLOW","refUnit":"kg"},"unit":{"@type":"Unit","@id":"20aadc24-a391-41cf-b340-3e4529f44bde","name":"kg"},"flowProperty":{"@type":"FlowProperty","@id":"93a60a56-a3c8-11da-a746-0800200b9a66","name":"Mass","category":"Technical flow properties","refUnit":"kg"},"uncertainty":{"@type":"Uncertainty","distributionType":"LOG_NORMAL_DISTRIBUTION","geomMean":3.111,"geomSd":1.0286589594589484}},{"@type":"Exchange","isAvoidedProduct":false,"isInput":true,"amount":6.3872E-5,"dqEntry":"(1;1;4;1;1)","description":"Input to DeNOx stage (TiO2 catalyst carrier)","internalId":23,"flow":{"@type":"Flow","@id":"b419e26a-249f-4286-a6f8-188e7dfba951","name":"titanium dioxide","category":"C:Manufacturing/20:Manufacture of chemicals and chemical products/201:Manufacture of basic chemicals, fertilizers and nitrogen compounds, plastics/2011:Manufacture of basic chemicals","flowType":"PRODUCT_FLOW","refUnit":"kg"},"unit":{"@type":"Unit","@id":"20aadc24-a391-41cf-b340-3e4529f44bde","name":"kg"},"flowProperty":{"@type":"FlowProperty","@id":"93a60a56-a3c8-11da-a746-0800200b9a66","name":"Mass","category":"Technical flow properties","refUnit":"kg"},"uncertainty":{"@type":"Uncertainty","distributionType":"LOG_NORMAL_DISTRIBUTION","geomMean":6.387E-5,"geomSd":2.047694911468348},"defaultProvider":{"@type":"Process","@id":"6e0f29bb-f6a6-3a24-9d47-57c7b28d87b4","name":"market for titanium dioxide | titanium dioxide | Consequential, U","category":"C:Manufacturing/20:Manufacture of chemicals and chemical products/201:Manufacture of basic chemicals, fertilizers and nitrogen compounds, plastics/2011:Manufacture of basic chemicals","processType":"UNIT_PROCESS","flowType":"PRODUCT_FLOW","location":"RER"}},{"@type":"Exchange","isAvoidedProduct":false,"isInput":false,"amount":3.7957E-4,"dqEntry":"(1;1;4;1;1)","description":"Sum of fuel-Nox and thermal-NOx emitted to air after DeNOx stage.","internalId":42,"flow":{"@type":"Flow","@id":"88114041-7299-3af5-b17e-f79649c03cad","name":"Nitrogen oxides, CH","category":"Elementary flows/Emission to air/high population density","flowType":"ELEMENTARY_FLOW","refUnit":"kg"},"unit":{"@type":"Unit","@id":"20aadc24-a391-41cf-b340-3e4529f44bde","name":"kg"},"flowProperty":{"@type":"FlowProperty","@id":"93a60a56-a3c8-11da-a746-0800200b9a66","name":"Mass","category":"Technical flow properties","refUnit":"kg"},"uncertainty":{"@type":"Uncertainty","distributionType":"LOG_NORMAL_DISTRIBUTION","geomMean":3.796E-4,"geomSd":1.5718968851791246}},{"@type":"Exchange","isAvoidedProduct":false,"isInput":false,"amount":7.4383E-13,"dqEntry":"(1;1;4;1;1)","description":"Emissions to water from waste composition and transfer coefficients in incinerator and landfills.","internalId":94,"flow":{"@type":"Flow","@id":"3ddb2e36-bc1b-43a5-8ef4-cbcdbeeeea70","name":"Tin ion","category":"Elementary flows/Emission to water/surface water","flowType":"ELEMENTARY_FLOW","refUnit":"kg"},"unit":{"@type":"Unit","@id":"20aadc24-a391-41cf-b340-3e4529f44bde","name":"kg"},"flowProperty":{"@type":"FlowProperty","@id":"93a60a56-a3c8-11da-a746-0800200b9a66","name":"Mass","category":"Technical flow properties","refUnit":"kg"},"uncertainty":{"@type":"Uncertainty","distributionType":"LOG_NORMAL_DISTRIBUTION","geomMean":7.438E-13,"geomSd":2.8649998206631166}},{"@type":"Exchange","isAvoidedProduct":false,"isInput":false,"amount":0.001433462,"dqEntry":"(1;1;4;1;1)","description":"Process water released to surface water.","internalId":97,"flow":{"@type":"Flow","@id":"842824f6-b139-4f06-ae9c-81cce8d99e81","name":"Water, CH","category":"Elementary flows/Emission to water/surface water","flowType":"ELEMENTARY_FLOW","refUnit":"m3"},"unit":{"@type":"Unit","@id":"1c3a9695-398d-4b1f-b07e-a8715b610f70","name":"m3"},"flowProperty":{"@type":"FlowProperty","@id":"93a60a56-a3c8-22da-a746-0800200c9a66","name":"Volume","category":"Technical flow properties","refUnit":"m3"},"uncertainty":{"@type":"Uncertainty","distributionType":"LOG_NORMAL_DISTRIBUTION","geomMean":0.001433462,"geomSd":3.202173776940714}},{"@type":"Exchange","isAvoidedProduct":false,"isInput":false,"amount":0.0071844,"dqEntry":"(1;1;4;1;1)","description":"Long-term emissions from landfilling of incineration residues.","internalId":98,"flow":{"@type":"Flow","@id":"bdce3a7c-e008-4391-be26-285f71a02453","name":"Zinc II","category":"Elementary flows/Emission to water/ground water, long-term","flowType":"ELEMENTARY_FLOW","refUnit":"kg"},"unit":{"@type":"Unit","@id":"20aadc24-a391-41cf-b340-3e4529f44bde","name":"kg"},"flowProperty":{"@type":"FlowProperty","@id":"93a60a56-a3c8-11da-a746-0800200b9a66","name":"Mass","category":"Technical flow properties","refUnit":"kg"},"uncertainty":{"@type":"Uncertainty","distributionType":"LOG_NORMAL_DISTRIBUTION","geomMean":0.007184,"geomSd":2.9339110979978673}},{"@type":"Exchange","isAvoidedProduct":false,"isInput":false,"amount":2.0587E-12,"dqEntry":"(1;1;4;1;1)","description":"Emissions to water from waste composition and transfer coefficients in incinerator and landfills.","internalId":92,"flow":{"@type":"Flow","@id":"d9008a06-991c-4acc-a33e-5483ffd2491e","name":"Thallium I","category":"Elementary flows/Emission to water/surface water","flowType":"ELEMENTARY_FLOW","refUnit":"kg"},"unit":{"@type":"Unit","@id":"20aadc24-a391-41cf-b340-3e4529f44bde","name":"kg"},"flowProperty":{"@type":"FlowProperty","@id":"93a60a56-a3c8-11da-a746-0800200b9a66","name":"Mass","category":"Technical flow properties","refUnit":"kg"},"uncertainty":{"@type":"Uncertainty","distributionType":"LOG_NORMAL_DISTRIBUTION","geomMean":2.059E-12,"geomSd":2.3340305016107092}},{"@type":"Exchange","isAvoidedProduct":false,"isInput":false,"amount":1.3943E-11,"dqEntry":"(1;1;4;1;1)","description":"Incomplete combustion product emitted to air.","internalId":29,"flow":{"@type":"Flow","@id":"1af44724-172c-462b-b277-bb4b2fd32c33","name":"Benzene, hexachloro-","category":"Elementary flows/Emission to air/high population density","flowType":"ELEMENTARY_FLOW","refUnit":"kg"},"unit":{"@type":"Unit","@id":"20aadc24-a391-41cf-b340-3e4529f44bde","name":"kg"},"flowProperty":{"@type":"FlowProperty","@id":"93a60a56-a3c8-11da-a746-0800200b9a66","name":"Mass","category":"Technical flow properties","refUnit":"kg"},"uncertainty":{"@type":"Uncertainty","distributionType":"LOG_NORMAL_DISTRIBUTION","geomMean":1.394E-11,"geomSd":1.2851000820783778}},{"@type":"Exchange","isAvoidedProduct":false,"isInput":false,"amount":2.1796E-10,"dqEntry":"(1;1;4;1;1)","description":"Long-term emissions from landfilling of incineration residues.","internalId":81,"flow":{"@type":"Flow","@id":"40f89b03-64f8-466d-9480-bca47d8a435c","name":"Mercury II","category":"Elementary flows/Emission to water/ground water, long-term","flowType":"ELEMENTARY_FLOW","refUnit":"kg"},"unit":{"@type":"Unit","@id":"20aadc24-a391-41cf-b340-3e4529f44bde","name":"kg"},"flowProperty":{"@type":"FlowProperty","@id":"93a60a56-a3c8-11da-a746-0800200b9a66","name":"Mass","category":"Technical flow properties","refUnit":"kg"},"uncertainty":{"@type":"Uncertainty","distributionType":"LOG_NORMAL_DISTRIBUTION","geomMean":2.18E-10,"geomSd":4.1350811633298745}},{"@type":"Exchange","isAvoidedProduct":false,"isInput":false,"amount":5.767E-9,"dqEntry":"(1;1;4;1;1)","description":"Emission to air from waste composition and transfer coefficients.","internalId":38,"flow":{"@type":"Flow","@id":"6a903634-c97f-4c49-a7c0-88f0e6ac7a23","name":"Lead II","category":"Elementary flows/Emission to air/high population density","flowType":"ELEMENTARY_FLOW","refUnit":"kg"},"unit":{"@type":"Unit","@id":"20aadc24-a391-41cf-b340-3e4529f44bde","name":"kg"},"flowProperty":{"@type":"FlowProperty","@id":"93a60a56-a3c8-11da-a746-0800200b9a66","name":"Mass","category":"Technical flow properties","refUnit":"kg"},"uncertainty":{"@type":"Uncertainty","distributionType":"LOG_NORMAL_DISTRIBUTION","geomMean":5.767E-9,"geomSd":2.7799919796758603}},{"@type":"Exchange","isAvoidedProduct":false,"isInput":true,"amount":3.5285E-4,"dqEntry":"(1;1;4;1;1)","description":"Auxilliary inputs for the wastewater treatment stage of the incinerator plant. Proxy for Polyelectrolyte.","internalId":5,"flow":{"@type":"Flow","@id":"73b452c8-3ac4-4993-86e4-fe0653467988","name":"chemical, inorganic","category":"C:Manufacturing/20:Manufacture of chemicals and chemical products/201:Manufacture of basic chemicals, fertilizers and nitrogen compounds, plastics/2011:Manufacture of basic chemicals","flowType":"PRODUCT_FLOW","refUnit":"kg"},"unit":{"@type":"Unit","@id":"20aadc24-a391-41cf-b340-3e4529f44bde","name":"kg"},"flowProperty":{"@type":"FlowProperty","@id":"93a60a56-a3c8-11da-a746-0800200b9a66","name":"Mass","category":"Technical flow properties","refUnit":"kg"},"uncertainty":{"@type":"Uncertainty","distributionType":"LOG_NORMAL_DISTRIBUTION","geomMean":3.529E-4,"geomSd":1.6334151502854521},"defaultProvider":{"@type":"Process","@id":"89c88337-991c-346d-824b-adb1f235917f","name":"market for chemical, inorganic | chemical, inorganic | Consequential, U","category":"C:Manufacturing/20:Manufacture of chemicals and chemical products/201:Manufacture of basic chemicals, fertilizers and nitrogen compounds, plastics/2011:Manufacture of basic chemicals","processType":"UNIT_PROCESS","flowType":"PRODUCT_FLOW","location":"GLO"}},{"@type":"Exchange","isAvoidedProduct":false,"isInput":false,"amount":4.6986E-7,"dqEntry":"(1;1;4;1;1)","description":"Emissions to water from waste composition and transfer coefficients in incinerator and landfills.","internalId":63,"flow":{"@type":"Flow","@id":"ac066c02-b403-407b-a1f0-b29ad0f8188f","name":"Calcium II","category":"Elementary flows/Emission to water/surface water","flowType":"ELEMENTARY_FLOW","refUnit":"kg"},"unit":{"@type":"Unit","@id":"20aadc24-a391-41cf-b340-3e4529f44bde","name":"kg"},"flowProperty":{"@type":"FlowProperty","@id":"93a60a56-a3c8-11da-a746-0800200b9a66","name":"Mass","category":"Technical flow properties","refUnit":"kg"},"uncertainty":{"@type":"Uncertainty","distributionType":"LOG_NORMAL_DISTRIBUTION","geomMean":4.699E-7,"geomSd":2.5838588005120524}},{"@type":"Exchange","isAvoidedProduct":false,"isInput":true,"amount":5.0682E-9,"dqEntry":"(1;1;4;1;1)","description":"Auxilliary input for mercury removal in filter ash treatment (FLUWA).","internalId":3,"flow":{"@type":"Flow","@id":"1fe6463a-08c8-406e-b05c-d5ad845da6be","name":"cationic resin","category":"C:Manufacturing/20:Manufacture of chemicals and chemical products/201:Manufacture of basic chemicals, fertilizers and nitrogen compounds, plastics/2013:Manufacture of plastics and synthetic rubber in primary forms","flowType":"PRODUCT_FLOW","refUnit":"kg"},"unit":{"@type":"Unit","@id":"20aadc24-a391-41cf-b340-3e4529f44bde","name":"kg"},"flowProperty":{"@type":"FlowProperty","@id":"93a60a56-a3c8-11da-a746-0800200b9a66","name":"Mass","category":"Technical flow properties","refUnit":"kg"},"uncertainty":{"@type":"Uncertainty","distributionType":"LOG_NORMAL_DISTRIBUTION","geomMean":5.068E-9,"geomSd":3.9979629788009228},"defaultProvider":{"@type":"Process","@id":"b3533597-593a-3b09-9ed1-6304adfb0998","name":"market for cationic resin | cationic resin | Consequential, U","category":"C:Manufacturing/20:Manufacture of chemicals and chemical products/201:Manufacture of basic chemicals, fertilizers and nitrogen compounds, plastics/2013:Manufacture of plastics and synthetic rubber in primary forms","processType":"UNIT_PROCESS","flowType":"PRODUCT_FLOW","location":"RER"}},{"@type":"Exchange","isAvoidedProduct":false,"isInput":false,"amount":2.8145E-4,"dqEntry":"(1;1;4;1;1)","description":"Long-term emissions from landfilling of incineration residues.","internalId":62,"flow":{"@type":"Flow","@id":"ae28c923-a4a3-4f00-b862-1ae6e748efb9","name":"Calcium II","category":"Elementary flows/Emission to water/ground water, long-term","flowType":"ELEMENTARY_FLOW","refUnit":"kg"},"unit":{"@type":"Unit","@id":"20aadc24-a391-41cf-b340-3e4529f44bde","name":"kg"},"flowProperty":{"@type":"FlowProperty","@id":"93a60a56-a3c8-11da-a746-0800200b9a66","name":"Mass","category":"Technical flow properties","refUnit":"kg"},"uncertainty":{"@type":"Uncertainty","distributionType":"LOG_NORMAL_DISTRIBUTION","geomMean":2.815E-4,"geomSd":3.3266198818698163}},{"@type":"Exchange","isAvoidedProduct":false,"isInput":false,"amount":0.0025028,"dqEntry":"(1;1;4;1;1)","description":"Long-term emissions from landfilling of incineration residues.","internalId":89,"flow":{"@type":"Flow","@id":"8734eb08-50cf-4f5a-8d1a-db76d38efe3c","name":"TOC, Total Organic Carbon","category":"Elementary flows/Emission to water/ground water, long-term","flowType":"ELEMENTARY_FLOW","refUnit":"kg"},"unit":{"@type":"Unit","@id":"20aadc24-a391-41cf-b340-3e4529f44bde","name":"kg"},"flowProperty":{"@type":"FlowProperty","@id":"93a60a56-a3c8-11da-a746-0800200b9a66","name":"Mass","category":"Technical flow properties","refUnit":"kg"},"uncertainty":{"@type":"Uncertainty","distributionType":"LOG_NORMAL_DISTRIBUTION","geomMean":0.002503,"geomSd":1.112454934949583}},{"@type":"Exchange","isAvoidedProduct":false,"isInput":true,"amount":0.0010195,"dqEntry":"(1;1;4;1;1)","description":"Input to DeNOx stage (100% NH3).","internalId":2,"flow":{"@type":"Flow","@id":"06b8d05b-e1e6-427b-929c-bb55e84e7c08","name":"ammonia, anhydrous, liquid","category":"C:Manufacturing/20:Manufacture of chemicals and chemical products/201:Manufacture of basic chemicals, fertilizers and nitrogen compounds, plastics/2012:Manufacture of fertilizers and nitrogen compounds","flowType":"PRODUCT_FLOW","refUnit":"kg"},"unit":{"@type":"Unit","@id":"20aadc24-a391-41cf-b340-3e4529f44bde","name":"kg"},"flowProperty":{"@type":"FlowProperty","@id":"93a60a56-a3c8-11da-a746-0800200b9a66","name":"Mass","category":"Technical flow properties","refUnit":"kg"},"uncertainty":{"@type":"Uncertainty","distributionType":"LOG_NORMAL_DISTRIBUTION","geomMean":0.00102,"geomSd":1.48593310278249},"defaultProvider":{"@type":"Process","@id":"8b5a1fa7-fd51-3a36-a67e-4d664173b7d0","name":"market for ammonia, anhydrous, liquid | ammonia, anhydrous, liquid | Consequential, U","category":"C:Manufacturing/20:Manufacture of chemicals and chemical products/201:Manufacture of basic chemicals, fertilizers and nitrogen compounds, plastics/2012:Manufacture of fertilizers and nitrogen compounds","processType":"UNIT_PROCESS","flowType":"PRODUCT_FLOW","location":"RER"}},{"@type":"Exchange","isAvoidedProduct":false,"isInput":false,"amount":5.4957E-10,"dqEntry":"(1;1;4;1;1)","description":"Emissions to water from waste composition and transfer coefficients in incinerator and landfills.","internalId":53,"flow":{"@type":"Flow","@id":"34b96163-a3df-4bc1-8224-e2a9fe01b23f","name":"Antimony ion","category":"Elementary flows/Emission to water/surface water","flowType":"ELEMENTARY_FLOW","refUnit":"kg"},"unit":{"@type":"Unit","@id":"20aadc24-a391-41cf-b340-3e4529f44bde","name":"kg"},"flowProperty":{"@type":"FlowProperty","@id":"93a60a56-a3c8-11da-a746-0800200b9a66","name":"Mass","category":"Technical flow properties","refUnit":"kg"},"uncertainty":{"@type":"Uncertainty","distributionType":"LOG_NORMAL_DISTRIBUTION","geomMean":5.496E-10,"geomSd":1.187605318967924}},{"@type":"Exchange","isAvoidedProduct":false,"isInput":true,"amount":3.1374,"dqEntry":"(1;1;4;1;1)","description":"Oxygen from ambient air needed to combust and oxidise this waste. Net demand, i.e. without O2 leaving the plant in flue gas uncombusted.","internalId":100,"flow":{"@type":"Flow","@id":"af01e564-f816-4906-bd4f-b7c932f926b9","name":"Oxygen","category":"Elementary flows/Resource/in air","flowType":"ELEMENTARY_FLOW","refUnit":"kg"},"unit":{"@type":"Unit","@id":"20aadc24-a391-41cf-b340-3e4529f44bde","name":"kg"},"flowProperty":{"@type":"FlowProperty","@id":"93a60a56-a3c8-11da-a746-0800200b9a66","name":"Mass","category":"Technical flow properties","refUnit":"kg"},"uncertainty":{"@type":"Uncertainty","distributionType":"LOG_NORMAL_DISTRIBUTION","geomMean":3.137,"geomSd":1.1063532907685505}},{"@type":"Exchange","isAvoidedProduct":false,"isInput":false,"amount":5.3343E-12,"dqEntry":"(1;1;4;1;1)","description":"Emissions to water from waste composition and transfer coefficients in incinerator and landfills.","internalId":82,"flow":{"@type":"Flow","@id":"66bfb434-78ab-4183-b1a7-7f87d08974fa","name":"Mercury II","category":"Elementary flows/Emission to water/surface water","flowType":"ELEMENTARY_FLOW","refUnit":"kg"},"unit":{"@type":"Unit","@id":"20aadc24-a391-41cf-b340-3e4529f44bde","name":"kg"},"flowProperty":{"@type":"FlowProperty","@id":"93a60a56-a3c8-11da-a746-0800200b9a66","name":"Mass","category":"Technical flow properties","refUnit":"kg"},"uncertainty":{"@type":"Uncertainty","distributionType":"LOG_NORMAL_DISTRIBUTION","geomMean":5.334E-12,"geomSd":4.231544921931481}},{"@type":"Exchange","isAvoidedProduct":false,"isInput":true,"amount":6.8526E-11,"dqEntry":"(1;1;4;1;1)","description":"Landfill infrastructure required for landfilling of incineration residues.","internalId":19,"flow":{"@type":"Flow","@id":"3cc30fa4-8564-443b-9849-8c7b98c60ec8","name":"residual material landfill","category":"F:Construction/42:Civil engineering/429:Construction of other civil engineering projects/4290:Construction of other civil engineering projects","flowType":"PRODUCT_FLOW","refUnit":"Item(s)"},"unit":{"@type":"Unit","@id":"6dabe201-aaac-4509-92f0-d00c26cb72ab","name":"Item(s)"},"flowProperty":{"@type":"FlowProperty","@id":"01846770-4cfe-4a25-8ad9-919d8d378345","name":"Number of items","category":"Technical flow properties","refUnit":"Item(s)"},"uncertainty":{"@type":"Uncertainty","distributionType":"LOG_NORMAL_DISTRIBUTION","geomMean":6.853E-11,"geomSd":1.2997819130533228},"defaultProvider":{"@type":"Process","@id":"87648f63-7f11-36fe-89c2-f5f02a7077a2","name":"residual material landfill construction | residual material landfill | Consequential, U","category":"F:Construction/42:Civil engineering/429:Construction of other civil engineering projects/4290:Construction of other civil engineering projects","processType":"UNIT_PROCESS","flowType":"PRODUCT_FLOW","location":"CH"}},{"@type":"Exchange","isAvoidedProduct":false,"isInput":false,"amount":0.0088464,"dqEntry":"(1;1;4;1;1)","description":"Long-term emissions from landfilling of incineration residues.","internalId":87,"flow":{"@type":"Flow","@id":"bfc0bf1c-e5e2-4702-a502-08c892031837","name":"Sulfate","category":"Elementary flows/Emission to water/ground water, long-term","flowType":"ELEMENTARY_FLOW","refUnit":"kg"},"unit":{"@type":"Unit","@id":"20aadc24-a391-41cf-b340-3e4529f44bde","name":"kg"},"flowProperty":{"@type":"FlowProperty","@id":"93a60a56-a3c8-11da-a746-0800200b9a66","name":"Mass","category":"Technical flow properties","refUnit":"kg"},"uncertainty":{"@type":"Uncertainty","distributionType":"LOG_NORMAL_DISTRIBUTION","geomMean":0.008846,"geomSd":1.801556476042108}},{"@type":"Exchange","isAvoidedProduct":false,"isInput":true,"amount":0.035787,"dqEntry":"(1;1;4;1;1)","description":"Mass-specific expenditures required for landfilling of bottom ash.;activityLink introduced to establish a direct link to the corresponding regional supply of this product","internalId":17,"flow":{"@type":"Flow","@id":"092689fc-3f10-47fe-abbd-9ffaf77f3013","name":"process-specific burdens, slag landfill","category":"E:Water supply; sewerage, waste management and remediation activities/38:Waste collection, treatment and disposal activities; materials recovery/382:Waste treatment and disposal/3821:Treatment and disposal of non-hazardous waste","flowType":"PRODUCT_FLOW","refUnit":"kg"},"unit":{"@type":"Unit","@id":"20aadc24-a391-41cf-b340-3e4529f44bde","name":"kg"},"flowProperty":{"@type":"FlowProperty","@id":"93a60a56-a3c8-11da-a746-0800200b9a66","name":"Mass","category":"Technical flow properties","refUnit":"kg"},"uncertainty":{"@type":"Uncertainty","distributionType":"LOG_NORMAL_DISTRIBUTION","geomMean":0.03579,"geomSd":1.1897304834924816},"defaultProvider":{"@type":"Process","@id":"c98343e5-10ed-35c1-941f-72e5057fafec","name":"process-specific burdens, slag landfill | process-specific burdens, slag landfill | Consequential, U","category":"E:Water supply; sewerage, waste management and remediation activities/38:Waste collection, treatment and disposal activities; materials recovery/382:Waste treatment and disposal/3821:Treatment and disposal of non-hazardous waste","processType":"UNIT_PROCESS","flowType":"PRODUCT_FLOW","location":"CH"}},{"@type":"Exchange","isAvoidedProduct":false,"isInput":false,"amount":6.6681E-9,"dqEntry":"(1;1;4;1;1)","description":"Incomplete combustion product emitted to air.","internalId":28,"flow":{"@type":"Flow","@id":"1bb6a502-3ff9-4a79-835c-5588b855f1f5","name":"Benzene","category":"Elementary flows/Emission to air/high population density","flowType":"ELEMENTARY_FLOW","refUnit":"kg"},"unit":{"@type":"Unit","@id":"20aadc24-a391-41cf-b340-3e4529f44bde","name":"kg"},"flowProperty":{"@type":"FlowProperty","@id":"93a60a56-a3c8-11da-a746-0800200b9a66","name":"Mass","category":"Technical flow properties","refUnit":"kg"},"uncertainty":{"@type":"Uncertainty","distributionType":"LOG_NORMAL_DISTRIBUTION","geomMean":6.668E-9,"geomSd":1.2851000820783778}},{"@type":"Exchange","isAvoidedProduct":false,"isInput":false,"amount":3.9348E-5,"dqEntry":"(1;1;4;1;1)","description":"Emission to air from waste composition and transfer coefficients.","internalId":46,"flow":{"@type":"Flow","@id":"cf9f6cf8-9a1a-3a22-b742-c9f1e15d7b61","name":"Sulfur dioxide, CH","category":"Elementary flows/Emission to air/high population density","flowType":"ELEMENTARY_FLOW","refUnit":"kg"},"unit":{"@type":"Unit","@id":"20aadc24-a391-41cf-b340-3e4529f44bde","name":"kg"},"flowProperty":{"@type":"FlowProperty","@id":"93a60a56-a3c8-11da-a746-0800200b9a66","name":"Mass","category":"Technical flow properties","refUnit":"kg"},"uncertainty":{"@type":"Uncertainty","distributionType":"LOG_NORMAL_DISTRIBUTION","geomMean":3.935E-5,"geomSd":2.0303229893085906}},{"@type":"Exchange","isAvoidedProduct":false,"isInput":false,"amount":4.4555E-10,"dqEntry":"(1;1;4;1;1)","description":"Long-term emissions from landfilling of incineration residues.","internalId":93,"flow":{"@type":"Flow","@id":"60a6702f-20ad-444f-a6df-f6374f1e3183","name":"Tin ion","category":"Elementary flows/Emission to water/ground water, long-term","flowType":"ELEMENTARY_FLOW","refUnit":"kg"},"unit":{"@type":"Unit","@id":"20aadc24-a391-41cf-b340-3e4529f44bde","name":"kg"},"flowProperty":{"@type":"FlowProperty","@id":"93a60a56-a3c8-11da-a746-0800200b9a66","name":"Mass","category":"Technical flow properties","refUnit":"kg"},"uncertainty":{"@type":"Uncertainty","distributionType":"LOG_NORMAL_DISTRIBUTION","geomMean":4.456E-10,"geomSd":7.264523987739657}},{"@type":"Exchange","isAvoidedProduct":false,"isInput":false,"amount":1.3336E-8,"dqEntry":"(1;1;4;1;1)","description":"Incomplete combustion product emitted to air.","internalId":47,"flow":{"@type":"Flow","@id":"39946c56-cdf6-4a22-9ac9-1cd333b65533","name":"Toluene","category":"Elementary flows/Emission to air/high population density","flowType":"ELEMENTARY_FLOW","refUnit":"kg"},"unit":{"@type":"Unit","@id":"20aadc24-a391-41cf-b340-3e4529f44bde","name":"kg"},"flowProperty":{"@type":"FlowProperty","@id":"93a60a56-a3c8-11da-a746-0800200b9a66","name":"Mass","category":"Technical flow properties","refUnit":"kg"},"uncertainty":{"@type":"Uncertainty","distributionType":"LOG_NORMAL_DISTRIBUTION","geomMean":1.334E-8,"geomSd":1.2851000820783778}},{"@type":"Exchange","isAvoidedProduct":false,"isInput":false,"amount":4.7675E-9,"dqEntry":"(1;1;4;1;1)","description":"Emissions to water from waste composition and transfer coefficients in incinerator and landfills.","internalId":78,"flow":{"@type":"Flow","@id":"b3ebdcc3-c588-4997-95d2-9785b26b34e1","name":"Lead II","category":"Elementary flows/Emission to water/surface water","flowType":"ELEMENTARY_FLOW","refUnit":"kg"},"unit":{"@type":"Unit","@id":"20aadc24-a391-41cf-b340-3e4529f44bde","name":"kg"},"flowProperty":{"@type":"FlowProperty","@id":"93a60a56-a3c8-11da-a746-0800200b9a66","name":"Mass","category":"Technical flow properties","refUnit":"kg"},"uncertainty":{"@type":"Uncertainty","distributionType":"LOG_NORMAL_DISTRIBUTION","geomMean":4.768E-9,"geomSd":2.4932617987674}},{"@type":"Exchange","isAvoidedProduct":false,"isInput":true,"amount":2.5E-10,"description":"Demands per kilogram waste.","internalId":15,"flow":{"@type":"Flow","@id":"a0e53510-b90b-43ba-80cc-7600f5da004f","name":"municipal waste incineration facility","category":"F:Construction/42:Civil engineering/429:Construction of other civil engineering projects/4290:Construction of other civil engineering projects","flowType":"PRODUCT_FLOW","refUnit":"Item(s)"},"unit":{"@type":"Unit","@id":"6dabe201-aaac-4509-92f0-d00c26cb72ab","name":"Item(s)"},"flowProperty":{"@type":"FlowProperty","@id":"01846770-4cfe-4a25-8ad9-919d8d378345","name":"Number of items","category":"Technical flow properties","refUnit":"Item(s)"},"defaultProvider":{"@type":"Process","@id":"92cdb2e2-c5f8-3f90-be73-6a5109379e84","name":"municipal waste incineration facility construction | municipal waste incineration facility | Consequential, U","category":"F:Construction/42:Civil engineering/429:Construction of other civil engineering projects/4290:Construction of other civil engineering projects","processType":"UNIT_PROCESS","flowType":"PRODUCT_FLOW","location":"CH"}},{"@type":"Exchange","isAvoidedProduct":false,"isInput":false,"amount":4.0777E-9,"dqEntry":"(1;1;4;1;1)","description":"Emission to air from waste composition and transfer coefficients.","internalId":32,"flow":{"@type":"Flow","@id":"36e53653-1338-42c7-816c-f6667809e0b1","name":"Cadmium II","category":"Elementary flows/Emission to air/high population density","flowType":"ELEMENTARY_FLOW","refUnit":"kg"},"unit":{"@type":"Unit","@id":"20aadc24-a391-41cf-b340-3e4529f44bde","name":"kg"},"flowProperty":{"@type":"FlowProperty","@id":"93a60a56-a3c8-11da-a746-0800200b9a66","name":"Mass","category":"Technical flow properties","refUnit":"kg"},"uncertainty":{"@type":"Uncertainty","distributionType":"LOG_NORMAL_DISTRIBUTION","geomMean":4.078E-9,"geomSd":3.1599780411111804}},{"@type":"Exchange","isAvoidedProduct":false,"isInput":false,"amount":1.1986E-6,"dqEntry":"(1;1;4;1;1)","description":"Nitrogen species emitted to air after DeNOx stage.","internalId":27,"flow":{"@type":"Flow","@id":"0405367e-b450-3279-a323-74110bfb61e4","name":"Ammonia, CH","category":"Elementary flows/Emission to air/high population density","flowType":"ELEMENTARY_FLOW","refUnit":"kg"},"unit":{"@type":"Unit","@id":"20aadc24-a391-41cf-b340-3e4529f44bde","name":"kg"},"flowProperty":{"@type":"FlowProperty","@id":"93a60a56-a3c8-11da-a746-0800200b9a66","name":"Mass","category":"Technical flow properties","refUnit":"kg"},"uncertainty":{"@type":"Uncertainty","distributionType":"LOG_NORMAL_DISTRIBUTION","geomMean":1.199E-6,"geomSd":1.5718968851791246}},{"@type":"Exchange","isAvoidedProduct":false,"isInput":true,"amount":5.3306E-4,"dqEntry":"(1;1;4;1;1)","description":"Auxilliary inputs for the wastewater treatment stage of the incinerator plant.","internalId":11,"flow":{"@type":"Flow","@id":"3ab60559-40d3-42e4-9cac-476a519098fa","name":"hydrochloric acid, without water, in 30% solution state","category":"C:Manufacturing/24:Manufacture of basic metals/242:Manufacture of basic precious and other non-ferrous metals/2420:Manufacture of basic precious and other non-ferrous metals","flowType":"PRODUCT_FLOW","refUnit":"kg"},"unit":{"@type":"Unit","@id":"20aadc24-a391-41cf-b340-3e4529f44bde","name":"kg"},"flowProperty":{"@type":"FlowProperty","@id":"93a60a56-a3c8-11da-a746-0800200b9a66","name":"Mass","category":"Technical flow properties","refUnit":"kg"},"uncertainty":{"@type":"Uncertainty","distributionType":"LOG_NORMAL_DISTRIBUTION","geomMean":5.331E-4,"geomSd":1.3892166385092901},"defaultProvider":{"@type":"Process","@id":"dafa581b-3559-3697-b0b3-203690912c09","name":"market for hydrochloric acid, without water, in 30% solution state | hydrochloric acid, without water, in 30% solution state | Consequential, U","category":"C:Manufacturing/20:Manufacture of chemicals and chemical products/201:Manufacture of basic chemicals, fertilizers and nitrogen compounds, plastics/2011:Manufacture of basic chemicals","processType":"UNIT_PROCESS","flowType":"PRODUCT_FLOW","location":"RER"}},{"@type":"Exchange","isAvoidedProduct":false,"isInput":true,"amount":0.0065992,"dqEntry":"(1;1;4;1;1)","description":"Cement required for solidification of landfilled residual material.","internalId":4,"flow":{"@type":"Flow","@id":"ec23da1b-e5fa-4f01-bd2c-3233fece2175","name":"cement, unspecified","category":"C:Manufacturing/23:Manufacture of other non-metallic mineral products/239:Manufacture of non-metallic mineral products n.e.c./2394:Manufacture of cement, lime and plaster","flowType":"PRODUCT_FLOW","refUnit":"kg"},"unit":{"@type":"Unit","@id":"20aadc24-a391-41cf-b340-3e4529f44bde","name":"kg"},"flowProperty":{"@type":"FlowProperty","@id":"93a60a56-a3c8-11da-a746-0800200b9a66","name":"Mass","category":"Technical flow properties","refUnit":"kg"},"uncertainty":{"@type":"Uncertainty","distributionType":"LOG_NORMAL_DISTRIBUTION","geomMean":0.006599,"geomSd":1.3217836550173185},"defaultProvider":{"@type":"Process","@id":"e9ca4eef-a1cc-35d7-a03c-6e15baa86f46","name":"market for cement, unspecified | cement, unspecified | Consequential, U","category":"C:Manufacturing/23:Manufacture of other non-metallic mineral products/239:Manufacture of non-metallic mineral products n.e.c./2394:Manufacture of cement, lime and plaster","processType":"UNIT_PROCESS","flowType":"PRODUCT_FLOW","location":"CH"}},{"@type":"Exchange","isAvoidedProduct":false,"isInput":true,"amount":1.3035E-6,"dqEntry":"(1;1;4;1;1)","description":"Input to DeNOx stage. Active component in SCR catalyst (vanadium pentoxide, V2O5), here approximated with the available chromium trioxide.","internalId":7,"flow":{"@type":"Flow","@id":"45fdcba1-32e8-462e-b7a3-932ad3dd761b","name":"chromium oxide, flakes","category":"C:Manufacturing/20:Manufacture of chemicals and chemical products/201:Manufacture of basic chemicals, fertilizers and nitrogen compounds, plastics/2011:Manufacture of basic chemicals","flowType":"PRODUCT_FLOW","refUnit":"kg"},"unit":{"@type":"Unit","@id":"20aadc24-a391-41cf-b340-3e4529f44bde","name":"kg"},"flowProperty":{"@type":"FlowProperty","@id":"93a60a56-a3c8-11da-a746-0800200b9a66","name":"Mass","category":"Technical flow properties","refUnit":"kg"},"uncertainty":{"@type":"Uncertainty","distributionType":"LOG_NORMAL_DISTRIBUTION","geomMean":1.304E-6,"geomSd":2.047694911468348},"defaultProvider":{"@type":"Process","@id":"4e644527-c1f5-305c-aa41-f529320e27d4","name":"market for chromium oxide, flakes | chromium oxide, flakes | Consequential, U","category":"C:Manufacturing/20:Manufacture of chemicals and chemical products/201:Manufacture of basic chemicals, fertilizers and nitrogen compounds, plastics/2011:Manufacture of basic chemicals","processType":"UNIT_PROCESS","flowType":"PRODUCT_FLOW","location":"GLO"}},{"@type":"Exchange","isAvoidedProduct":false,"isInput":false,"amount":0.006325,"dqEntry":"(1;1;4;1;1)","description":"Long-term emissions from landfilling of incineration residues.","internalId":58,"flow":{"@type":"Flow","@id":"a8fea8cf-9b09-49fc-aa58-5a732494a2a0","name":"COD, Chemical Oxygen Demand","category":"Elementary flows/Emission to water/ground water, long-term","flowType":"ELEMENTARY_FLOW","refUnit":"kg"},"unit":{"@type":"Unit","@id":"20aadc24-a391-41cf-b340-3e4529f44bde","name":"kg"},"flowProperty":{"@type":"FlowProperty","@id":"93a60a56-a3c8-11da-a746-0800200b9a66","name":"Mass","category":"Technical flow properties","refUnit":"kg"},"uncertainty":{"@type":"Uncertainty","distributionType":"LOG_NORMAL_DISTRIBUTION","geomMean":0.006325,"geomSd":1.112454934949583}},{"@type":"Exchange","isAvoidedProduct":false,"isInput":false,"amount":1.2826E-6,"dqEntry":"(1;1;4;1;1)","description":"Long-term emissions from landfilling of incineration residues.","internalId":60,"flow":{"@type":"Flow","@id":"4ce23896-a82f-49f1-a8e3-8848734805a3","name":"Cadmium II","category":"Elementary flows/Emission to water/ground water, long-term","flowType":"ELEMENTARY_FLOW","refUnit":"kg"},"unit":{"@type":"Unit","@id":"20aadc24-a391-41cf-b340-3e4529f44bde","name":"kg"},"flowProperty":{"@type":"FlowProperty","@id":"93a60a56-a3c8-11da-a746-0800200b9a66","name":"Mass","category":"Technical flow properties","refUnit":"kg"},"uncertainty":{"@type":"Uncertainty","distributionType":"LOG_NORMAL_DISTRIBUTION","geomMean":1.283E-6,"geomSd":9.99153738702451}},{"@type":"Exchange","isAvoidedProduct":false,"isInput":false,"amount":4.9287E-5,"dqEntry":"(1;1;4;1;1)","description":"Long-term emissions from landfilling of incineration residues.","internalId":77,"flow":{"@type":"Flow","@id":"0ff15165-d761-48c9-9814-2d1dcdd56857","name":"Lead II","category":"Elementary flows/Emission to water/ground water, long-term","flowType":"ELEMENTARY_FLOW","refUnit":"kg"},"unit":{"@type":"Unit","@id":"20aadc24-a391-41cf-b340-3e4529f44bde","name":"kg"},"flowProperty":{"@type":"FlowProperty","@id":"93a60a56-a3c8-11da-a746-0800200b9a66","name":"Mass","category":"Technical flow properties","refUnit":"kg"},"uncertainty":{"@type":"Uncertainty","distributionType":"LOG_NORMAL_DISTRIBUTION","geomMean":4.929E-5,"geomSd":4.93261695071155}},{"@type":"Exchange","isAvoidedProduct":false,"isInput":false,"amount":1.4811E-11,"dqEntry":"(1;1;4;1;1)","description":"Emissions to water from waste composition and transfer coefficients in incinerator and landfills.","internalId":80,"flow":{"@type":"Flow","@id":"f532985c-90b7-46fc-aac9-b039b40e22f1","name":"Manganese II","category":"Elementary flows/Emission to water/surface water","flowType":"ELEMENTARY_FLOW","refUnit":"kg"},"unit":{"@type":"Unit","@id":"20aadc24-a391-41cf-b340-3e4529f44bde","name":"kg"},"flowProperty":{"@type":"FlowProperty","@id":"93a60a56-a3c8-11da-a746-0800200b9a66","name":"Mass","category":"Technical flow properties","refUnit":"kg"},"uncertainty":{"@type":"Uncertainty","distributionType":"LOG_NORMAL_DISTRIBUTION","geomMean":1.481E-11,"geomSd":3.014545697101742}},{"@type":"Exchange","isAvoidedProduct":false,"isInput":false,"amount":6.3498E-4,"dqEntry":"(1;1;4;1;1)","description":"Emissions to water from waste composition and transfer coefficients in incinerator and landfills.","internalId":57,"flow":{"@type":"Flow","@id":"70d467b6-115e-43c5-add2-441de9411348","name":"BOD5, Biological Oxygen Demand","category":"Elementary flows/Emission to water/surface water","flowType":"ELEMENTARY_FLOW","refUnit":"kg"},"unit":{"@type":"Unit","@id":"20aadc24-a391-41cf-b340-3e4529f44bde","name":"kg"},"flowProperty":{"@type":"FlowProperty","@id":"93a60a56-a3c8-11da-a746-0800200b9a66","name":"Mass","category":"Technical flow properties","refUnit":"kg"},"uncertainty":{"@type":"Uncertainty","distributionType":"LOG_NORMAL_DISTRIBUTION","geomMean":6.35E-4,"geomSd":1.140935337837608}},{"@type":"Exchange","isAvoidedProduct":false,"isInput":false,"amount":2.8302E-4,"dqEntry":"(1;1;4;1;1)","description":"Emissions to water from waste composition and transfer coefficients in incinerator and landfills.","internalId":73,"flow":{"@type":"Flow","@id":"960c0f37-f34c-4fc1-b77c-22d8b35fd8d5","name":"DOC, Dissolved Organic Carbon","category":"Elementary flows/Emission to water/surface water","flowType":"ELEMENTARY_FLOW","refUnit":"kg"},"unit":{"@type":"Unit","@id":"20aadc24-a391-41cf-b340-3e4529f44bde","name":"kg"},"flowProperty":{"@type":"FlowProperty","@id":"93a60a56-a3c8-11da-a746-0800200b9a66","name":"Mass","category":"Technical flow properties","refUnit":"kg"},"uncertainty":{"@type":"Uncertainty","distributionType":"LOG_NORMAL_DISTRIBUTION","geomMean":2.83E-4,"geomSd":1.1401808493314316}},{"@type":"Exchange","isAvoidedProduct":false,"isInput":true,"amount":1.2934E-4,"dqEntry":"(1;1;4;1;1)","description":"Auxilliary inputs for the wastewater treatment stage of the incinerator plant.","internalId":13,"flow":{"@type":"Flow","@id":"51202bed-5f41-4b96-a788-9f6649dcb3c8","name":"iron (III) chloride, without water, in 40% solution state","category":"C:Manufacturing/20:Manufacture of chemicals and chemical products/201:Manufacture of basic chemicals, fertilizers and nitrogen compounds, plastics/2011:Manufacture of basic chemicals","flowType":"PRODUCT_FLOW","refUnit":"kg"},"unit":{"@type":"Unit","@id":"20aadc24-a391-41cf-b340-3e4529f44bde","name":"kg"},"flowProperty":{"@type":"FlowProperty","@id":"93a60a56-a3c8-11da-a746-0800200b9a66","name":"Mass","category":"Technical flow properties","refUnit":"kg"},"uncertainty":{"@type":"Uncertainty","distributionType":"LOG_NORMAL_DISTRIBUTION","geomMean":1.293E-4,"geomSd":1.7517195317968028},"defaultProvider":{"@type":"Process","@id":"4bf7c69f-4897-3dad-82f8-0bd2da453aa9","name":"market for iron(III) chloride, without water, in 40% solution state | iron (III) chloride, without water, in 40% solution state | Consequential, U","category":"C:Manufacturing/20:Manufacture of chemicals and chemical products/201:Manufacture of basic chemicals, fertilizers and nitrogen compounds, plastics/2011:Manufacture of basic chemicals","processType":"UNIT_PROCESS","flowType":"PRODUCT_FLOW","location":"GLO"}},{"@type":"Exchange","isAvoidedProduct":false,"isInput":false,"amount":8.8628E-12,"dqEntry":"(1;1;4;1;1)","description":"Emissions to water from waste composition and transfer coefficients in incinerator and landfills.","internalId":69,"flow":{"@type":"Flow","@id":"d4291dd5-dae8-47fa-bf06-466fcecbc210","name":"Cobalt II","category":"Elementary flows/Emission to water/surface water","flowType":"ELEMENTARY_FLOW","refUnit":"kg"},"unit":{"@type":"Unit","@id":"20aadc24-a391-41cf-b340-3e4529f44bde","name":"kg"},"flowProperty":{"@type":"FlowProperty","@id":"93a60a56-a3c8-11da-a746-0800200b9a66","name":"Mass","category":"Technical flow properties","refUnit":"kg"},"uncertainty":{"@type":"Uncertainty","distributionType":"LOG_NORMAL_DISTRIBUTION","geomMean":8.863E-12,"geomSd":2.469084248355155}},{"@type":"Exchange","isAvoidedProduct":false,"isInput":false,"amount":8.872E-9,"dqEntry":"(1;1;4;1;1)","description":"Long-term emissions from landfilling of incineration residues.","internalId":79,"flow":{"@type":"Flow","@id":"835d0907-a668-4d92-b6b6-7b56fa343713","name":"Manganese II","category":"Elementary flows/Emission to water/ground water, long-term","flowType":"ELEMENTARY_FLOW","refUnit":"kg"},"unit":{"@type":"Unit","@id":"20aadc24-a391-41cf-b340-3e4529f44bde","name":"kg"},"flowProperty":{"@type":"FlowProperty","@id":"93a60a56-a3c8-11da-a746-0800200b9a66","name":"Mass","category":"Technical flow properties","refUnit":"kg"},"uncertainty":{"@type":"Uncertainty","distributionType":"LOG_NORMAL_DISTRIBUTION","geomMean":8.872E-9,"geomSd":11.002748624542155}},{"@type":"Exchange","isAvoidedProduct":false,"isInput":false,"amount":6.0728E-5,"dqEntry":"(1;1;4;1;1)","description":"Long-term emissions from landfilling of incineration residues.","internalId":50,"flow":{"@type":"Flow","@id":"01056d4b-f9b0-4dfc-b8d9-8407c8376efb","name":"Aluminium III","category":"Elementary flows/Emission to water/ground water, long-term","flowType":"ELEMENTARY_FLOW","refUnit":"kg"},"unit":{"@type":"Unit","@id":"20aadc24-a391-41cf-b340-3e4529f44bde","name":"kg"},"flowProperty":{"@type":"FlowProperty","@id":"93a60a56-a3c8-11da-a746-0800200b9a66","name":"Mass","category":"Technical flow properties","refUnit":"kg"},"uncertainty":{"@type":"Uncertainty","distributionType":"LOG_NORMAL_DISTRIBUTION","geomMean":6.073E-5,"geomSd":1.8353128431444765}},{"@type":"Exchange","isAvoidedProduct":false,"isInput":false,"amount":2.8302E-4,"dqEntry":"(1;1;4;1;1)","description":"Emissions to water from waste composition and transfer coefficients in incinerator and landfills.","internalId":90,"flow":{"@type":"Flow","@id":"f65558fb-61a1-4e48-b4f2-60d62f14b085","name":"TOC, Total Organic Carbon","category":"Elementary flows/Emission to water/surface water","flowType":"ELEMENTARY_FLOW","refUnit":"kg"},"unit":{"@type":"Unit","@id":"20aadc24-a391-41cf-b340-3e4529f44bde","name":"kg"},"flowProperty":{"@type":"FlowProperty","@id":"93a60a56-a3c8-11da-a746-0800200b9a66","name":"Mass","category":"Technical flow properties","refUnit":"kg"},"uncertainty":{"@type":"Uncertainty","distributionType":"LOG_NORMAL_DISTRIBUTION","geomMean":2.83E-4,"geomSd":1.1401808493314316}},{"@type":"Exchange","isAvoidedProduct":false,"isInput":false,"amount":5.0456,"dqEntry":"(1;1;4;1;1)","description":"Waste heat generated from heating value of this waste plus any electricity required to process it.","internalId":74,"flow":{"@type":"Flow","@id":"152e5a83-96e8-4f54-af42-4f0925a771ac","name":"Heat, waste","category":"Elementary flows/Emission to water/surface water","flowType":"ELEMENTARY_FLOW","refUnit":"MJ"},"unit":{"@type":"Unit","@id":"52765a6c-3896-43c2-b2f4-c679acf13efe","name":"MJ"},"flowProperty":{"@type":"FlowProperty","@id":"f6811440-ee37-11de-8a39-0800200c9a66","name":"Energy","category":"Technical flow properties","refUnit":"MJ"},"uncertainty":{"@type":"Uncertainty","distributionType":"LOG_NORMAL_DISTRIBUTION","geomMean":5.046,"geomSd":1.132266726594107}},{"@type":"Exchange","isAvoidedProduct":false,"isInput":false,"amount":7.9612E-7,"dqEntry":"(1;1;4;1;1)","description":"Incomplete combustion product emitted to air.","internalId":43,"flow":{"@type":"Flow","@id":"230d8a0a-517c-43fe-8357-1818dd12997a","name":"Particulate Matter, \u003c 2.5 um","category":"Elementary flows/Emission to air/high population density","flowType":"ELEMENTARY_FLOW","refUnit":"kg"},"unit":{"@type":"Unit","@id":"20aadc24-a391-41cf-b340-3e4529f44bde","name":"kg"},"flowProperty":{"@type":"FlowProperty","@id":"93a60a56-a3c8-11da-a746-0800200b9a66","name":"Mass","category":"Technical flow properties","refUnit":"kg"},"uncertainty":{"@type":"Uncertainty","distributionType":"LOG_NORMAL_DISTRIBUTION","geomMean":7.961E-7,"geomSd":1.8174075839726727}},{"@type":"Exchange","isAvoidedProduct":false,"isInput":false,"amount":1.1335E-5,"dqEntry":"(1;1;4;1;1)","description":"Incomplete combustion product emitted to air.","internalId":34,"flow":{"@type":"Flow","@id":"6edcc2df-88a3-48e1-83d8-ffc38d31c35b","name":"Carbon monoxide, fossil","category":"Elementary flows/Emission to air/high population density","flowType":"ELEMENTARY_FLOW","refUnit":"kg"},"unit":{"@type":"Unit","@id":"20aadc24-a391-41cf-b340-3e4529f44bde","name":"kg"},"flowProperty":{"@type":"FlowProperty","@id":"93a60a56-a3c8-11da-a746-0800200b9a66","name":"Mass","category":"Technical flow properties","refUnit":"kg"},"uncertainty":{"@type":"Uncertainty","distributionType":"LOG_NORMAL_DISTRIBUTION","geomMean":1.134E-5,"geomSd":2.3462650378619845}},{"@type":"Exchange","isAvoidedProduct":false,"isInput":false,"amount":2.8354E-11,"dqEntry":"(1;1;4;1;1)","description":"Emission to air from waste composition and transfer coefficients.","internalId":39,"flow":{"@type":"Flow","@id":"a850e6de-a007-432f-be7f-ce6e2cf1f2ae","name":"Mercury II","category":"Elementary flows/Emission to air/high population density","flowType":"ELEMENTARY_FLOW","refUnit":"kg"},"unit":{"@type":"Unit","@id":"20aadc24-a391-41cf-b340-3e4529f44bde","name":"kg"},"flowProperty":{"@type":"FlowProperty","@id":"93a60a56-a3c8-11da-a746-0800200b9a66","name":"Mass","category":"Technical flow properties","refUnit":"kg"},"uncertainty":{"@type":"Uncertainty","distributionType":"LOG_NORMAL_DISTRIBUTION","geomMean":2.835E-11,"geomSd":4.009940646720384}},{"@type":"Exchange","isAvoidedProduct":false,"isInput":true,"amount":0.001,"internalId":101,"flow":{"@type":"Flow","@id":"0d9be31d-92b1-4825-a493-aebfea919775","name":"Controlled Combustion（rubber）","category":"MSW/rubber","flowType":"WASTE_FLOW","refUnit":"kg"},"unit":{"@type":"Unit","@id":"83192ffa-5990-490b-a23a-b45ca072db6f","name":"t"},"flowProperty":{"@type":"FlowProperty","@id":"93a60a56-a3c8-11da-a746-0800200b9a66","name":"Mass","category":"Technical flow properties","refUnit":"kg"},"isQuantitativeReference":true},{"@type":"Exchange","isAvoidedProduct":false,"isInput":false,"amount":0.90184,"costValue":0.090184,"currency":{"@type":"Currency","@id":"7de74e65-ff97-404f-bf57-5d2a9134fb43","name":"Euro","refUnit":"EUR"},"internalId":104,"flow":{"@type":"Flow","@id":"08fa5790-4764-47a6-85c4-9711298d4e8e","name":"electricity","category":"MSW/energy","flowType":"ELEMENTARY_FLOW","refUnit":"MJ"},"unit":{"@type":"Unit","@id":"86ad2244-1f0e-4912-af53-7865283103e4","name":"kWh"},"flowProperty":{"@type":"FlowProperty","@id":"f6811440-ee37-11de-8a39-0800200c9a66","name":"Energy","category":"Technical flow properties","refUnit":"MJ"}},{"@type":"Exchange","isAvoidedProduct":false,"isInput":false,"amount":6.3358,"costValue":0.06715948,"currency":{"@type":"Currency","@id":"7de74e65-ff97-404f-bf57-5d2a9134fb43","name":"Euro","refUnit":"EUR"},"internalId":105,"flow":{"@type":"Flow","@id":"71991916-9ac0-4769-8446-299bc6195d49","name":"heat","category":"MSW/energy","flowType":"ELEMENTARY_FLOW","refUnit":"MJ"},"unit":{"@type":"Unit","@id":"52765a6c-3896-43c2-b2f4-c679acf13efe","name":"MJ"},"flowProperty":{"@type":"FlowProperty","@id":"f6811440-ee37-11de-8a39-0800200c9a66","name":"Energy","category":"Technical flow properties","refUnit":"MJ"}}],"socialAspects":[],"allocationFactors":[]}