{"@type":"Flow","@id":"06b8d05b-e1e6-427b-929c-bb55e84e7c08","name":"ammonia, anhydrous, liquid","description":"EcoSpold 2 intermediate exchange, ID \u003d 06b8d05b-e1e6-427b-929c-bb55e84e7c08","category":"C:Manufacturing/20:Manufacture of chemicals and chemical products/201:Manufacture of basic chemicals, fertilizers and nitrogen compounds, plastics/2012:Manufacture of fertilizers and nitrogen compounds","version":"00.00.003","lastChange":"2022-12-15T18:23:24.093Z","flowType":"PRODUCT_FLOW","isInfrastructureFlow":false,"flowProperties":[{"@type":"FlowPropertyFactor","isRefFlowProperty":true,"flowProperty":{"@type":"FlowProperty","@id":"93a60a56-a3c8-11da-a746-0800200b9a66","name":"Mass","category":"Technical flow properties","refUnit":"kg"},"conversionFactor":1.0}]}