{"@type":"Flow","@id":"0a5e8a67-f9ae-48b3-bfa7-e9d37c30a191","name":"Copper ion","description":"EcoSpold 2 elementary exchange, ID \u003d 0a5e8a67-f9ae-48b3-bfa7-e9d37c30a191","category":"Elementary flows/Emission to soil/industrial","version":"00.00.000","flowType":"ELEMENTARY_FLOW","isInfrastructureFlow":false,"flowProperties":[{"@type":"FlowPropertyFactor","isRefFlowProperty":true,"flowProperty":{"@type":"FlowProperty","@id":"93a60a56-a3c8-11da-a746-0800200b9a66","name":"Mass","category":"Technical flow properties","refUnit":"kg"},"conversionFactor":1.0}]}