{"@type":"Flow","@id":"0c826417-e870-4c43-95c4-b38ff2ff47d2","name":"excavation, hydraulic digger","description":"EcoSpold 2 intermediate exchange, ID \u003d 0c826417-e870-4c43-95c4-b38ff2ff47d2","category":"F:Construction/43:Specialized construction activities/431:Demolition and site preparation/4312:Site preparation","version":"00.00.003","lastChange":"2022-12-15T18:23:28.868Z","flowType":"PRODUCT_FLOW","isInfrastructureFlow":false,"flowProperties":[{"@type":"FlowPropertyFactor","isRefFlowProperty":true,"flowProperty":{"@type":"FlowProperty","@id":"93a60a56-a3c8-22da-a746-0800200c9a66","name":"Volume","category":"Technical flow properties","refUnit":"m3"},"conversionFactor":1.0}]}