{"@type":"Flow","@id":"0d978369-c529-46f1-97b8-bdb539bf31ba","name":"wastewater treatment facility, capacity 5E9l/year","description":"EcoSpold 2 intermediate exchange, ID \u003d 0d978369-c529-46f1-97b8-bdb539bf31ba","category":"F:Construction/42:Civil engineering/422:Construction of utility projects/4220:Construction of utility projects","version":"00.00.003","lastChange":"2022-12-15T18:23:28.611Z","flowType":"PRODUCT_FLOW","isInfrastructureFlow":false,"flowProperties":[{"@type":"FlowPropertyFactor","isRefFlowProperty":true,"flowProperty":{"@type":"FlowProperty","@id":"01846770-4cfe-4a25-8ad9-919d8d378345","name":"Number of items","category":"Technical flow properties","refUnit":"Item(s)"},"conversionFactor":1.0}]}