{"@type":"Flow","@id":"0da5307e-df93-4bc2-b5bc-6cda3cb55e8c","name":"synthetic rubber","description":"EcoSpold 2 intermediate exchange, ID \u003d 0da5307e-df93-4bc2-b5bc-6cda3cb55e8c","category":"C:Manufacturing/20:Manufacture of chemicals and chemical products/201:Manufacture of basic chemicals, fertilizers and nitrogen compounds, plastics/2013:Manufacture of plastics and synthetic rubber in primary forms","version":"00.00.003","lastChange":"2022-12-15T18:23:24.121Z","flowType":"PRODUCT_FLOW","isInfrastructureFlow":false,"flowProperties":[{"@type":"FlowPropertyFactor","isRefFlowProperty":true,"flowProperty":{"@type":"FlowProperty","@id":"93a60a56-a3c8-11da-a746-0800200b9a66","name":"Mass","category":"Technical flow properties","refUnit":"kg"},"conversionFactor":1.0}]}