{"@type":"Flow","@id":"11d33922-e53f-41c8-b614-688b4a3188d9","name":"donations and animal feed","description":"","category":"MSW/food","version":"00.00.000","lastChange":"2024-02-19T06:46:35.366Z","flowType":"WASTE_FLOW","isInfrastructureFlow":false,"flowProperties":[{"@type":"FlowPropertyFactor","isRefFlowProperty":true,"flowProperty":{"@type":"FlowProperty","@id":"93a60a56-a3c8-11da-a746-0800200b9a66","name":"Mass","category":"Technical flow properties","refUnit":"kg"},"conversionFactor":1.0}]}