{"@type":"Flow","@id":"1a5850a0-0069-4b73-bb91-7a61e8d45ae5","name":"Vanadium V","description":"EcoSpold 2 elementary exchange, ID \u003d 1a5850a0-0069-4b73-bb91-7a61e8d45ae5","category":"Elementary flows/Emission to soil/industrial","version":"00.00.000","flowType":"ELEMENTARY_FLOW","isInfrastructureFlow":false,"flowProperties":[{"@type":"FlowPropertyFactor","isRefFlowProperty":true,"flowProperty":{"@type":"FlowProperty","@id":"93a60a56-a3c8-11da-a746-0800200b9a66","name":"Mass","category":"Technical flow properties","refUnit":"kg"},"conversionFactor":1.0}]}