{"@type":"Flow","@id":"1e904267-caa3-40e6-a3a0-fc104489770b","name":"Cobalt II","description":"EcoSpold 2 elementary exchange, ID \u003d 1e904267-caa3-40e6-a3a0-fc104489770b","category":"Elementary flows/Emission to water/ground water, long-term","version":"00.00.000","flowType":"ELEMENTARY_FLOW","isInfrastructureFlow":false,"flowProperties":[{"@type":"FlowPropertyFactor","isRefFlowProperty":true,"flowProperty":{"@type":"FlowProperty","@id":"93a60a56-a3c8-11da-a746-0800200b9a66","name":"Mass","category":"Technical flow properties","refUnit":"kg"},"conversionFactor":1.0}]}