{"@type":"Flow","@id":"1eaa9ea4-40b8-414a-b198-5626400372e1","name":"Occupation, dump site","description":"EcoSpold 2 elementary exchange, ID \u003d 1eaa9ea4-40b8-414a-b198-5626400372e1","category":"Elementary flows/Resource/land","version":"00.00.000","flowType":"ELEMENTARY_FLOW","isInfrastructureFlow":false,"flowProperties":[{"@type":"FlowPropertyFactor","isRefFlowProperty":true,"flowProperty":{"@type":"FlowProperty","@id":"93a60a56-a3c8-21da-a746-0800200c9a66","name":"Area*time","category":"Technical flow properties","refUnit":"m2*a"},"conversionFactor":1.0}]}