{"@type":"Flow","@id":"242b4a08-f6ff-496d-ae0f-bf8f8bc77692","name":"Boron","description":"EcoSpold 2 elementary exchange, ID \u003d 242b4a08-f6ff-496d-ae0f-bf8f8bc77692","category":"Elementary flows/Emission to water/ground water","version":"00.00.000","flowType":"ELEMENTARY_FLOW","isInfrastructureFlow":false,"flowProperties":[{"@type":"FlowPropertyFactor","isRefFlowProperty":true,"flowProperty":{"@type":"FlowProperty","@id":"93a60a56-a3c8-11da-a746-0800200b9a66","name":"Mass","category":"Technical flow properties","refUnit":"kg"},"conversionFactor":1.0}]}