{"@type":"Flow","@id":"2b2369a4-26bb-4b18-8479-752fdf7a5e7f","name":"Antimony ion","description":"EcoSpold 2 elementary exchange, ID \u003d 2b2369a4-26bb-4b18-8479-752fdf7a5e7f","category":"Elementary flows/Emission to soil/industrial","version":"00.00.000","flowType":"ELEMENTARY_FLOW","isInfrastructureFlow":false,"flowProperties":[{"@type":"FlowPropertyFactor","isRefFlowProperty":true,"flowProperty":{"@type":"FlowProperty","@id":"93a60a56-a3c8-11da-a746-0800200b9a66","name":"Mass","category":"Technical flow properties","refUnit":"kg"},"conversionFactor":1.0}]}