{"@type":"Flow","@id":"2be73167-58e8-4706-a68f-167c80df9f72","name":"chemical, organic","description":"EcoSpold 2 intermediate exchange, ID \u003d 2be73167-58e8-4706-a68f-167c80df9f72","category":"C:Manufacturing/20:Manufacture of chemicals and chemical products/201:Manufacture of basic chemicals, fertilizers and nitrogen compounds, plastics","version":"00.00.002","lastChange":"2022-12-15T18:23:24.182Z","flowType":"PRODUCT_FLOW","isInfrastructureFlow":false,"flowProperties":[{"@type":"FlowPropertyFactor","isRefFlowProperty":true,"flowProperty":{"@type":"FlowProperty","@id":"93a60a56-a3c8-11da-a746-0800200b9a66","name":"Mass","category":"Technical flow properties","refUnit":"kg"},"conversionFactor":1.0}]}