{"@type":"Flow","@id":"2cbb504a-ce2f-40e9-9d38-e130e95a1242","name":"Benzo(a)pyrene","description":"EcoSpold 2 elementary exchange, ID \u003d 2cbb504a-ce2f-40e9-9d38-e130e95a1242","category":"Elementary flows/Emission to air/high population density","version":"00.00.000","flowType":"ELEMENTARY_FLOW","isInfrastructureFlow":false,"flowProperties":[{"@type":"FlowPropertyFactor","isRefFlowProperty":true,"flowProperty":{"@type":"FlowProperty","@id":"93a60a56-a3c8-11da-a746-0800200b9a66","name":"Mass","category":"Technical flow properties","refUnit":"kg"},"conversionFactor":1.0}]}