{"@type":"Flow","@id":"2d4b8ec1-8d53-4e62-8a11-ebc45909b02e","name":"Phosphorus","description":"EcoSpold 2 elementary exchange, ID \u003d 2d4b8ec1-8d53-4e62-8a11-ebc45909b02e","category":"Elementary flows/Emission to water/unspecified","version":"00.00.000","flowType":"ELEMENTARY_FLOW","isInfrastructureFlow":false,"flowProperties":[{"@type":"FlowPropertyFactor","isRefFlowProperty":true,"flowProperty":{"@type":"FlowProperty","@id":"93a60a56-a3c8-11da-a746-0800200b9a66","name":"Mass","category":"Technical flow properties","refUnit":"kg"},"conversionFactor":1.0}]}