{"@type":"Flow","@id":"32cd0492-c0cb-4898-a2b1-675eedc5b688","name":"Iron ion","description":"EcoSpold 2 elementary exchange, ID \u003d 32cd0492-c0cb-4898-a2b1-675eedc5b688","category":"Elementary flows/Emission to air/high population density","version":"00.00.000","flowType":"ELEMENTARY_FLOW","isInfrastructureFlow":false,"flowProperties":[{"@type":"FlowPropertyFactor","isRefFlowProperty":true,"flowProperty":{"@type":"FlowProperty","@id":"93a60a56-a3c8-11da-a746-0800200b9a66","name":"Mass","category":"Technical flow properties","refUnit":"kg"},"conversionFactor":1.0}]}