{"@type":"Flow","@id":"3e5d7d91-67d7-4afb-91dd-36fab58e4685","name":"PAH, polycyclic aromatic hydrocarbons","description":"EcoSpold 2 elementary exchange, ID \u003d 3e5d7d91-67d7-4afb-91dd-36fab58e4685","category":"Elementary flows/Emission to air/unspecified","version":"00.00.000","flowType":"ELEMENTARY_FLOW","isInfrastructureFlow":false,"flowProperties":[{"@type":"FlowPropertyFactor","isRefFlowProperty":true,"flowProperty":{"@type":"FlowProperty","@id":"93a60a56-a3c8-11da-a746-0800200b9a66","name":"Mass","category":"Technical flow properties","refUnit":"kg"},"conversionFactor":1.0}]}