{"@type":"Flow","@id":"48f6b7c9-093b-4dd0-bf0d-9ba54b4c2d22","name":"waste concrete, not reinforced","description":"EcoSpold 2 intermediate exchange, ID \u003d 48f6b7c9-093b-4dd0-bf0d-9ba54b4c2d22","category":"E:Water supply; sewerage, waste management and remediation activities/38:Waste collection, treatment and disposal activities; materials recovery/382:Waste treatment and disposal/3821:Treatment and disposal of non-hazardous waste","version":"00.00.003","lastChange":"2022-12-15T18:23:27.090Z","flowType":"WASTE_FLOW","isInfrastructureFlow":false,"flowProperties":[{"@type":"FlowPropertyFactor","isRefFlowProperty":true,"flowProperty":{"@type":"FlowProperty","@id":"93a60a56-a3c8-11da-a746-0800200b9a66","name":"Mass","category":"Technical flow properties","refUnit":"kg"},"conversionFactor":1.0}]}