{"@type":"Flow","@id":"50deb561-3de9-4b25-9b61-1695ad2dd136","name":"Thallium I","description":"EcoSpold 2 elementary exchange, ID \u003d 50deb561-3de9-4b25-9b61-1695ad2dd136","category":"Elementary flows/Emission to air/high population density","version":"00.00.000","flowType":"ELEMENTARY_FLOW","isInfrastructureFlow":false,"flowProperties":[{"@type":"FlowPropertyFactor","isRefFlowProperty":true,"flowProperty":{"@type":"FlowProperty","@id":"93a60a56-a3c8-11da-a746-0800200b9a66","name":"Mass","category":"Technical flow properties","refUnit":"kg"},"conversionFactor":1.0}]}