{"@type":"Flow","@id":"5d4b497b-d265-42d1-a41a-113785a6d694","name":"Beryllium II","description":"EcoSpold 2 elementary exchange, ID \u003d 5d4b497b-d265-42d1-a41a-113785a6d694","category":"Elementary flows/Emission to air/low population density","version":"00.00.000","flowType":"ELEMENTARY_FLOW","isInfrastructureFlow":false,"flowProperties":[{"@type":"FlowPropertyFactor","isRefFlowProperty":true,"flowProperty":{"@type":"FlowProperty","@id":"93a60a56-a3c8-11da-a746-0800200b9a66","name":"Mass","category":"Technical flow properties","refUnit":"kg"},"conversionFactor":1.0}]}