{"@type":"Flow","@id":"5e13c2ab-5466-4ff5-816d-702dfdf25f76","name":"Benzo(a)pyrene","description":"EcoSpold 2 elementary exchange, ID \u003d 5e13c2ab-5466-4ff5-816d-702dfdf25f76","category":"Elementary flows/Emission to air/unspecified","version":"00.00.000","flowType":"ELEMENTARY_FLOW","isInfrastructureFlow":false,"flowProperties":[{"@type":"FlowPropertyFactor","isRefFlowProperty":true,"flowProperty":{"@type":"FlowProperty","@id":"93a60a56-a3c8-11da-a746-0800200b9a66","name":"Mass","category":"Technical flow properties","refUnit":"kg"},"conversionFactor":1.0}]}