{"@type":"Flow","@id":"620d1185-3ab6-4722-b558-f6901210c5a0","name":"Controlled Combustion（paper）","description":"","category":"MSW/paper","version":"00.00.003","lastChange":"2024-02-21T12:07:15.933Z","flowType":"WASTE_FLOW","isInfrastructureFlow":false,"flowProperties":[{"@type":"FlowPropertyFactor","isRefFlowProperty":true,"flowProperty":{"@type":"FlowProperty","@id":"93a60a56-a3c8-11da-a746-0800200b9a66","name":"Mass","category":"Technical flow properties","refUnit":"kg"},"conversionFactor":1.0}]}