{"@type":"Flow","@id":"66bfb434-78ab-4183-b1a7-7f87d08974fa","name":"Mercury II","description":"EcoSpold 2 elementary exchange, ID \u003d 66bfb434-78ab-4183-b1a7-7f87d08974fa","category":"Elementary flows/Emission to water/surface water","version":"00.00.000","flowType":"ELEMENTARY_FLOW","isInfrastructureFlow":false,"flowProperties":[{"@type":"FlowPropertyFactor","isRefFlowProperty":true,"flowProperty":{"@type":"FlowProperty","@id":"93a60a56-a3c8-11da-a746-0800200b9a66","name":"Mass","category":"Technical flow properties","refUnit":"kg"},"conversionFactor":1.0}]}