{"@type":"Flow","@id":"736f52e8-9703-4076-8909-7ae80a7f8005","name":"Ammonium","description":"EcoSpold 2 elementary exchange, ID \u003d 736f52e8-9703-4076-8909-7ae80a7f8005","category":"Elementary flows/Emission to water/ground water","version":"00.00.000","flowType":"ELEMENTARY_FLOW","isInfrastructureFlow":false,"flowProperties":[{"@type":"FlowPropertyFactor","isRefFlowProperty":true,"flowProperty":{"@type":"FlowProperty","@id":"93a60a56-a3c8-11da-a746-0800200b9a66","name":"Mass","category":"Technical flow properties","refUnit":"kg"},"conversionFactor":1.0}]}