{"@type":"Flow","@id":"73eed463-4986-4d81-8bae-60dae5be49d0","name":"DOC, Dissolved Organic Carbon","description":"EcoSpold 2 elementary exchange, ID \u003d 73eed463-4986-4d81-8bae-60dae5be49d0","category":"Elementary flows/Emission to water/ground water","version":"00.00.000","flowType":"ELEMENTARY_FLOW","isInfrastructureFlow":false,"flowProperties":[{"@type":"FlowPropertyFactor","isRefFlowProperty":true,"flowProperty":{"@type":"FlowProperty","@id":"93a60a56-a3c8-11da-a746-0800200b9a66","name":"Mass","category":"Technical flow properties","refUnit":"kg"},"conversionFactor":1.0}]}