{"@type":"Flow","@id":"7ae3e6e8-75e6-4566-b18f-6d848086c4e5","name":"Fluoride","description":"EcoSpold 2 elementary exchange, ID \u003d 7ae3e6e8-75e6-4566-b18f-6d848086c4e5","category":"Elementary flows/Emission to water/ground water, long-term","version":"00.00.000","flowType":"ELEMENTARY_FLOW","isInfrastructureFlow":false,"flowProperties":[{"@type":"FlowPropertyFactor","isRefFlowProperty":true,"flowProperty":{"@type":"FlowProperty","@id":"93a60a56-a3c8-11da-a746-0800200b9a66","name":"Mass","category":"Technical flow properties","refUnit":"kg"},"conversionFactor":1.0}]}