{"@type":"Flow","@id":"7f8fd1ca-0412-4b2e-90fd-a9d294d947a3","name":"Carbon","description":"EcoSpold 2 elementary exchange, ID \u003d 7f8fd1ca-0412-4b2e-90fd-a9d294d947a3","category":"Elementary flows/Emission to soil/industrial","version":"00.00.000","flowType":"ELEMENTARY_FLOW","isInfrastructureFlow":false,"flowProperties":[{"@type":"FlowPropertyFactor","isRefFlowProperty":true,"flowProperty":{"@type":"FlowProperty","@id":"93a60a56-a3c8-11da-a746-0800200b9a66","name":"Mass","category":"Technical flow properties","refUnit":"kg"},"conversionFactor":1.0}]}