{"@type":"Flow","@id":"9597c1a2-ecda-4a89-97c5-efcdc679058d","name":"Potassium I","description":"EcoSpold 2 elementary exchange, ID \u003d 9597c1a2-ecda-4a89-97c5-efcdc679058d","category":"Elementary flows/Emission to air/low population density","version":"00.00.000","flowType":"ELEMENTARY_FLOW","isInfrastructureFlow":false,"flowProperties":[{"@type":"FlowPropertyFactor","isRefFlowProperty":true,"flowProperty":{"@type":"FlowProperty","@id":"93a60a56-a3c8-11da-a746-0800200b9a66","name":"Mass","category":"Technical flow properties","refUnit":"kg"},"conversionFactor":1.0}]}