{"@type":"Flow","@id":"9bbae55a-35de-4eff-a219-814a9fec5ac2","name":"Chromium VI","description":"EcoSpold 2 elementary exchange, ID \u003d 9bbae55a-35de-4eff-a219-814a9fec5ac2","category":"Elementary flows/Emission to water/ground water","version":"00.00.000","flowType":"ELEMENTARY_FLOW","isInfrastructureFlow":false,"flowProperties":[{"@type":"FlowPropertyFactor","isRefFlowProperty":true,"flowProperty":{"@type":"FlowProperty","@id":"93a60a56-a3c8-11da-a746-0800200b9a66","name":"Mass","category":"Technical flow properties","refUnit":"kg"},"conversionFactor":1.0}]}