{"@type":"Flow","@id":"a57cb19d-f436-4c0c-a2ab-097c544bd95f","name":"Silicon","description":"EcoSpold 2 elementary exchange, ID \u003d a57cb19d-f436-4c0c-a2ab-097c544bd95f","category":"Elementary flows/Emission to soil/industrial","version":"00.00.000","flowType":"ELEMENTARY_FLOW","isInfrastructureFlow":false,"flowProperties":[{"@type":"FlowPropertyFactor","isRefFlowProperty":true,"flowProperty":{"@type":"FlowProperty","@id":"93a60a56-a3c8-11da-a746-0800200b9a66","name":"Mass","category":"Technical flow properties","refUnit":"kg"},"conversionFactor":1.0}]}