{"@type":"Flow","@id":"ae70ca6c-807a-482b-9ddc-e449b4893fe3","name":"Nitrogen","description":"EcoSpold 2 elementary exchange, ID \u003d ae70ca6c-807a-482b-9ddc-e449b4893fe3","category":"Elementary flows/Emission to water/surface water","version":"00.00.000","flowType":"ELEMENTARY_FLOW","isInfrastructureFlow":false,"flowProperties":[{"@type":"FlowPropertyFactor","isRefFlowProperty":true,"flowProperty":{"@type":"FlowProperty","@id":"93a60a56-a3c8-11da-a746-0800200b9a66","name":"Mass","category":"Technical flow properties","refUnit":"kg"},"conversionFactor":1.0}]}