{"@type":"Flow","@id":"b10faa87-2c1d-4f6e-aa65-9f80b376939a","name":"Cobalt II","description":"EcoSpold 2 elementary exchange, ID \u003d b10faa87-2c1d-4f6e-aa65-9f80b376939a","category":"Elementary flows/Emission to air/low population density","version":"00.00.000","flowType":"ELEMENTARY_FLOW","isInfrastructureFlow":false,"flowProperties":[{"@type":"FlowPropertyFactor","isRefFlowProperty":true,"flowProperty":{"@type":"FlowProperty","@id":"93a60a56-a3c8-11da-a746-0800200b9a66","name":"Mass","category":"Technical flow properties","refUnit":"kg"},"conversionFactor":1.0}]}