{"@type":"Flow","@id":"b311427f-0de3-4190-84a5-05c8460c62d1","name":"Bromine","description":"EcoSpold 2 elementary exchange, ID \u003d b311427f-0de3-4190-84a5-05c8460c62d1","category":"Elementary flows/Emission to water/ground water","version":"00.00.000","flowType":"ELEMENTARY_FLOW","isInfrastructureFlow":false,"flowProperties":[{"@type":"FlowPropertyFactor","isRefFlowProperty":true,"flowProperty":{"@type":"FlowProperty","@id":"93a60a56-a3c8-11da-a746-0800200b9a66","name":"Mass","category":"Technical flow properties","refUnit":"kg"},"conversionFactor":1.0}]}