{"@type":"Flow","@id":"b646bb3e-65e2-4f85-8376-9408e94e4b59","name":"Nitrogen, organic bound","description":"EcoSpold 2 elementary exchange, ID \u003d b646bb3e-65e2-4f85-8376-9408e94e4b59","category":"Elementary flows/Emission to water/ground water","version":"00.00.000","flowType":"ELEMENTARY_FLOW","isInfrastructureFlow":false,"flowProperties":[{"@type":"FlowPropertyFactor","isRefFlowProperty":true,"flowProperty":{"@type":"FlowProperty","@id":"93a60a56-a3c8-11da-a746-0800200b9a66","name":"Mass","category":"Technical flow properties","refUnit":"kg"},"conversionFactor":1.0}]}