{"@type":"Flow","@id":"c75dd699-08a5-4215-acf5-e618995e768f","name":"Benzene, pentachloro-","description":"EcoSpold 2 elementary exchange, ID \u003d c75dd699-08a5-4215-acf5-e618995e768f","category":"Elementary flows/Emission to air/high population density","version":"00.00.000","flowType":"ELEMENTARY_FLOW","isInfrastructureFlow":false,"flowProperties":[{"@type":"FlowPropertyFactor","isRefFlowProperty":true,"flowProperty":{"@type":"FlowProperty","@id":"93a60a56-a3c8-11da-a746-0800200b9a66","name":"Mass","category":"Technical flow properties","refUnit":"kg"},"conversionFactor":1.0}]}