{"@type":"Flow","@id":"ccb169c3-8aae-4727-89bb-a7dd122946f3","name":"Particulate Matter, \u003e 2.5 um and \u003c 10um","description":"EcoSpold 2 elementary exchange, ID \u003d ccb169c3-8aae-4727-89bb-a7dd122946f3","category":"Elementary flows/Emission to air/high population density","version":"00.00.000","flowType":"ELEMENTARY_FLOW","isInfrastructureFlow":false,"flowProperties":[{"@type":"FlowPropertyFactor","isRefFlowProperty":true,"flowProperty":{"@type":"FlowProperty","@id":"93a60a56-a3c8-11da-a746-0800200b9a66","name":"Mass","category":"Technical flow properties","refUnit":"kg"},"conversionFactor":1.0}]}