{"@type":"Flow","@id":"d72638dc-71b8-4c4f-b5c7-72cbe6bdd145","name":"building, hall","description":"EcoSpold 2 intermediate exchange, ID \u003d d72638dc-71b8-4c4f-b5c7-72cbe6bdd145","category":"F:Construction/41:Construction of buildings/410:Construction of buildings/4100:Construction of buildings","version":"00.00.003","lastChange":"2022-12-15T18:23:28.509Z","flowType":"PRODUCT_FLOW","isInfrastructureFlow":false,"flowProperties":[{"@type":"FlowPropertyFactor","isRefFlowProperty":true,"flowProperty":{"@type":"FlowProperty","@id":"93a60a56-a3c8-19da-a746-0800200c9a66","name":"Area","category":"Technical flow properties","refUnit":"m2"},"conversionFactor":1.0}]}