{"@type":"Flow","@id":"d9008a06-991c-4acc-a33e-5483ffd2491e","name":"Thallium I","description":"EcoSpold 2 elementary exchange, ID \u003d d9008a06-991c-4acc-a33e-5483ffd2491e","category":"Elementary flows/Emission to water/surface water","version":"00.00.000","flowType":"ELEMENTARY_FLOW","isInfrastructureFlow":false,"flowProperties":[{"@type":"FlowPropertyFactor","isRefFlowProperty":true,"flowProperty":{"@type":"FlowProperty","@id":"93a60a56-a3c8-11da-a746-0800200b9a66","name":"Mass","category":"Technical flow properties","refUnit":"kg"},"conversionFactor":1.0}]}