{"@type":"Flow","@id":"dab33577-e9d4-4f6d-b141-a456521d4c1b","name":"Heat, waste","description":"EcoSpold 2 elementary exchange, ID \u003d dab33577-e9d4-4f6d-b141-a456521d4c1b","category":"Elementary flows/Emission to soil/industrial","version":"00.00.000","flowType":"ELEMENTARY_FLOW","isInfrastructureFlow":false,"flowProperties":[{"@type":"FlowPropertyFactor","isRefFlowProperty":true,"flowProperty":{"@type":"FlowProperty","@id":"f6811440-ee37-11de-8a39-0800200c9a66","name":"Energy","category":"Technical flow properties","refUnit":"MJ"},"conversionFactor":1.0}]}