{"@type":"Flow","@id":"e2128dc4-e065-4030-81b3-c978d7bc48ec","name":"Mercury II","description":"EcoSpold 2 elementary exchange, ID \u003d e2128dc4-e065-4030-81b3-c978d7bc48ec","category":"Elementary flows/Emission to soil/industrial","version":"00.00.000","flowType":"ELEMENTARY_FLOW","isInfrastructureFlow":false,"flowProperties":[{"@type":"FlowPropertyFactor","isRefFlowProperty":true,"flowProperty":{"@type":"FlowProperty","@id":"93a60a56-a3c8-11da-a746-0800200b9a66","name":"Mass","category":"Technical flow properties","refUnit":"kg"},"conversionFactor":1.0}]}