{"@type":"Flow","@id":"ea70cc93-c68c-4228-8b8e-1b189b4c705c","name":"Chloride","description":"EcoSpold 2 elementary exchange, ID \u003d ea70cc93-c68c-4228-8b8e-1b189b4c705c","category":"Elementary flows/Emission to water/ground water, long-term","version":"00.00.000","flowType":"ELEMENTARY_FLOW","isInfrastructureFlow":false,"flowProperties":[{"@type":"FlowPropertyFactor","isRefFlowProperty":true,"flowProperty":{"@type":"FlowProperty","@id":"93a60a56-a3c8-11da-a746-0800200b9a66","name":"Mass","category":"Technical flow properties","refUnit":"kg"},"conversionFactor":1.0}]}