{"@type":"Flow","@id":"eadc37a4-8b1e-4dd2-8f4a-39d89d5f39ba","name":"Nitrogen","description":"EcoSpold 2 elementary exchange, ID \u003d eadc37a4-8b1e-4dd2-8f4a-39d89d5f39ba","category":"Elementary flows/Emission to soil/industrial","version":"00.00.000","flowType":"ELEMENTARY_FLOW","isInfrastructureFlow":false,"flowProperties":[{"@type":"FlowPropertyFactor","isRefFlowProperty":true,"flowProperty":{"@type":"FlowProperty","@id":"93a60a56-a3c8-11da-a746-0800200b9a66","name":"Mass","category":"Technical flow properties","refUnit":"kg"},"conversionFactor":1.0}]}