{"@type":"Flow","@id":"f21fbb3a-be85-486d-8c07-65052b7ad160","name":"Landfill（unsorted）","description":"","category":"MSW/unsorted","version":"00.00.007","lastChange":"2024-02-22T08:20:13.787Z","flowType":"WASTE_FLOW","isInfrastructureFlow":false,"flowProperties":[{"@type":"FlowPropertyFactor","isRefFlowProperty":true,"flowProperty":{"@type":"FlowProperty","@id":"93a60a56-a3c8-11da-a746-0800200b9a66","name":"Mass","category":"Technical flow properties","refUnit":"kg"},"conversionFactor":1.0}]}