{"@type":"Flow","@id":"fb005c47-7b90-41f3-a5ca-f0eb11db354a","name":"Ammonium","description":"EcoSpold 2 elementary exchange, ID \u003d fb005c47-7b90-41f3-a5ca-f0eb11db354a","category":"Elementary flows/Emission to water/unspecified","version":"00.00.000","flowType":"ELEMENTARY_FLOW","isInfrastructureFlow":false,"flowProperties":[{"@type":"FlowPropertyFactor","isRefFlowProperty":true,"flowProperty":{"@type":"FlowProperty","@id":"93a60a56-a3c8-11da-a746-0800200b9a66","name":"Mass","category":"Technical flow properties","refUnit":"kg"},"conversionFactor":1.0}]}