{"@type":"Flow","@id":"fb83d61e-6fe3-4da7-8eb2-b0e2dc85a76d","name":"Sodium I","description":"EcoSpold 2 elementary exchange, ID \u003d fb83d61e-6fe3-4da7-8eb2-b0e2dc85a76d","category":"Elementary flows/Emission to water/ground water, long-term","version":"00.00.000","flowType":"ELEMENTARY_FLOW","isInfrastructureFlow":false,"flowProperties":[{"@type":"FlowPropertyFactor","isRefFlowProperty":true,"flowProperty":{"@type":"FlowProperty","@id":"93a60a56-a3c8-11da-a746-0800200b9a66","name":"Mass","category":"Technical flow properties","refUnit":"kg"},"conversionFactor":1.0}]}