{"@type":"Flow","@id":"fc0b5c85-3b49-42c2-a3fd-db7e57b696e3","name":"COD, Chemical Oxygen Demand","description":"EcoSpold 2 elementary exchange, ID \u003d fc0b5c85-3b49-42c2-a3fd-db7e57b696e3","category":"Elementary flows/Emission to water/surface water","version":"00.00.000","flowType":"ELEMENTARY_FLOW","isInfrastructureFlow":false,"flowProperties":[{"@type":"FlowPropertyFactor","isRefFlowProperty":true,"flowProperty":{"@type":"FlowProperty","@id":"93a60a56-a3c8-11da-a746-0800200b9a66","name":"Mass","category":"Technical flow properties","refUnit":"kg"},"conversionFactor":1.0}]}