{"@type":"Flow","@id":"19b6e569-85a4-4ea9-a590-d61a21e3c846","name":"Tin ion","description":"EcoSpold 2 elementary exchange, ID \u003d 19b6e569-85a4-4ea9-a590-d61a21e3c846","category":"Elementary flows/Emission to air/high population density","version":"00.00.000","flowType":"ELEMENTARY_FLOW","isInfrastructureFlow":false,"flowProperties":[{"@type":"FlowPropertyFactor","isRefFlowProperty":true,"flowProperty":{"@type":"FlowProperty","@id":"93a60a56-a3c8-11da-a746-0800200b9a66","name":"Mass","category":"Technical flow properties","refUnit":"kg"},"conversionFactor":1.0}]}