{"@type":"Flow","@id":"1be475e0-ccef-4145-98e0-0d47c570a71b","name":"Selenium IV","description":"EcoSpold 2 elementary exchange, ID \u003d 1be475e0-ccef-4145-98e0-0d47c570a71b","category":"Elementary flows/Emission to water/ground water","version":"00.00.000","flowType":"ELEMENTARY_FLOW","isInfrastructureFlow":false,"flowProperties":[{"@type":"FlowPropertyFactor","isRefFlowProperty":true,"flowProperty":{"@type":"FlowProperty","@id":"93a60a56-a3c8-11da-a746-0800200b9a66","name":"Mass","category":"Technical flow properties","refUnit":"kg"},"conversionFactor":1.0}]}