{"@type":"Flow","@id":"1d0f4392-8c91-4d01-8a5d-f8fe1f5b05c9","name":"Calcium II","description":"EcoSpold 2 elementary exchange, ID \u003d 1d0f4392-8c91-4d01-8a5d-f8fe1f5b05c9","category":"Elementary flows/Emission to water/ground water","version":"00.00.000","flowType":"ELEMENTARY_FLOW","isInfrastructureFlow":false,"flowProperties":[{"@type":"FlowPropertyFactor","isRefFlowProperty":true,"flowProperty":{"@type":"FlowProperty","@id":"93a60a56-a3c8-11da-a746-0800200b9a66","name":"Mass","category":"Technical flow properties","refUnit":"kg"},"conversionFactor":1.0}]}