{"@type":"Flow","@id":"1eb1b94c-e9d8-47ab-969b-9cca920157d8","name":"Particulate Matter, \u003e 10 um","description":"EcoSpold 2 elementary exchange, ID \u003d 1eb1b94c-e9d8-47ab-969b-9cca920157d8","category":"Elementary flows/Emission to air/high population density","version":"00.00.000","flowType":"ELEMENTARY_FLOW","isInfrastructureFlow":false,"flowProperties":[{"@type":"FlowPropertyFactor","isRefFlowProperty":true,"flowProperty":{"@type":"FlowProperty","@id":"93a60a56-a3c8-11da-a746-0800200b9a66","name":"Mass","category":"Technical flow properties","refUnit":"kg"},"conversionFactor":1.0}]}