{"@type":"Flow","@id":"230d8a0a-517c-43fe-8357-1818dd12997a","name":"Particulate Matter, \u003c 2.5 um","description":"EcoSpold 2 elementary exchange, ID \u003d 230d8a0a-517c-43fe-8357-1818dd12997a","category":"Elementary flows/Emission to air/high population density","version":"00.00.000","flowType":"ELEMENTARY_FLOW","isInfrastructureFlow":false,"flowProperties":[{"@type":"FlowPropertyFactor","isRefFlowProperty":true,"flowProperty":{"@type":"FlowProperty","@id":"93a60a56-a3c8-11da-a746-0800200b9a66","name":"Mass","category":"Technical flow properties","refUnit":"kg"},"conversionFactor":1.0}]}