{"@type":"Flow","@id":"2cba713d-ab0b-44cb-babb-f8cac262554f","name":"Vanadium V","description":"EcoSpold 2 elementary exchange, ID \u003d 2cba713d-ab0b-44cb-babb-f8cac262554f","category":"Elementary flows/Emission to air/high population density","version":"00.00.000","flowType":"ELEMENTARY_FLOW","isInfrastructureFlow":false,"flowProperties":[{"@type":"FlowPropertyFactor","isRefFlowProperty":true,"flowProperty":{"@type":"FlowProperty","@id":"93a60a56-a3c8-11da-a746-0800200b9a66","name":"Mass","category":"Technical flow properties","refUnit":"kg"},"conversionFactor":1.0}]}