{"@type":"Flow","@id":"2e0c9efa-d55c-49db-8be3-0376d5921ff4","name":"Aluminium III","description":"EcoSpold 2 elementary exchange, ID \u003d 2e0c9efa-d55c-49db-8be3-0376d5921ff4","category":"Elementary flows/Emission to water/ground water","version":"00.00.000","flowType":"ELEMENTARY_FLOW","isInfrastructureFlow":false,"flowProperties":[{"@type":"FlowPropertyFactor","isRefFlowProperty":true,"flowProperty":{"@type":"FlowProperty","@id":"93a60a56-a3c8-11da-a746-0800200b9a66","name":"Mass","category":"Technical flow properties","refUnit":"kg"},"conversionFactor":1.0}]}