{"@type":"Flow","@id":"33fd8342-58e7-45c9-ad92-0951c002c403","name":"Iron ion","description":"EcoSpold 2 elementary exchange, ID \u003d 33fd8342-58e7-45c9-ad92-0951c002c403","category":"Elementary flows/Emission to water/ground water","version":"00.00.000","flowType":"ELEMENTARY_FLOW","isInfrastructureFlow":false,"flowProperties":[{"@type":"FlowPropertyFactor","isRefFlowProperty":true,"flowProperty":{"@type":"FlowProperty","@id":"93a60a56-a3c8-11da-a746-0800200b9a66","name":"Mass","category":"Technical flow properties","refUnit":"kg"},"conversionFactor":1.0}]}