{"@type":"Flow","@id":"4ce23896-a82f-49f1-a8e3-8848734805a3","name":"Cadmium II","description":"EcoSpold 2 elementary exchange, ID \u003d 4ce23896-a82f-49f1-a8e3-8848734805a3","category":"Elementary flows/Emission to water/ground water, long-term","version":"00.00.000","flowType":"ELEMENTARY_FLOW","isInfrastructureFlow":false,"flowProperties":[{"@type":"FlowPropertyFactor","isRefFlowProperty":true,"flowProperty":{"@type":"FlowProperty","@id":"93a60a56-a3c8-11da-a746-0800200b9a66","name":"Mass","category":"Technical flow properties","refUnit":"kg"},"conversionFactor":1.0}]}