{"@type":"Flow","@id":"4d54a415-82d7-49ac-88e1-712bd0009363","name":"Selenium IV","description":"EcoSpold 2 elementary exchange, ID \u003d 4d54a415-82d7-49ac-88e1-712bd0009363","category":"Elementary flows/Emission to water/ground water, long-term","version":"00.00.000","flowType":"ELEMENTARY_FLOW","isInfrastructureFlow":false,"flowProperties":[{"@type":"FlowPropertyFactor","isRefFlowProperty":true,"flowProperty":{"@type":"FlowProperty","@id":"93a60a56-a3c8-11da-a746-0800200b9a66","name":"Mass","category":"Technical flow properties","refUnit":"kg"},"conversionFactor":1.0}]}