{"@type":"Flow","@id":"56a24912-2d66-4124-87d8-f760c2fe3973","name":"Selenium IV","description":"EcoSpold 2 elementary exchange, ID \u003d 56a24912-2d66-4124-87d8-f760c2fe3973","category":"Elementary flows/Emission to soil/industrial","version":"00.00.000","flowType":"ELEMENTARY_FLOW","isInfrastructureFlow":false,"flowProperties":[{"@type":"FlowPropertyFactor","isRefFlowProperty":true,"flowProperty":{"@type":"FlowProperty","@id":"93a60a56-a3c8-11da-a746-0800200b9a66","name":"Mass","category":"Technical flow properties","refUnit":"kg"},"conversionFactor":1.0}]}