{"@type":"Flow","@id":"57117e3c-15aa-4b4d-b953-6d33986aa5aa","name":"Calcium","description":"EcoSpold 2 elementary exchange, ID \u003d 57117e3c-15aa-4b4d-b953-6d33986aa5aa","category":"Elementary flows/Emission to soil/industrial","version":"00.00.000","flowType":"ELEMENTARY_FLOW","isInfrastructureFlow":false,"flowProperties":[{"@type":"FlowPropertyFactor","isRefFlowProperty":true,"flowProperty":{"@type":"FlowProperty","@id":"93a60a56-a3c8-11da-a746-0800200b9a66","name":"Mass","category":"Technical flow properties","refUnit":"kg"},"conversionFactor":1.0}]}