{"@type":"Flow","@id":"57c27ba7-a61a-4932-8cd5-095c88ff0245","name":"BOD5, Biological Oxygen Demand","description":"EcoSpold 2 elementary exchange, ID \u003d 57c27ba7-a61a-4932-8cd5-095c88ff0245","category":"Elementary flows/Emission to water/ground water","version":"00.00.000","flowType":"ELEMENTARY_FLOW","isInfrastructureFlow":false,"flowProperties":[{"@type":"FlowPropertyFactor","isRefFlowProperty":true,"flowProperty":{"@type":"FlowProperty","@id":"93a60a56-a3c8-11da-a746-0800200b9a66","name":"Mass","category":"Technical flow properties","refUnit":"kg"},"conversionFactor":1.0}]}