{"@type":"Flow","@id":"5d368100-b1bc-4456-8420-e469edccf349","name":"Water","description":"EcoSpold 2 elementary exchange, ID \u003d 5d368100-b1bc-4456-8420-e469edccf349","category":"Elementary flows/Emission to air/high population density","version":"00.00.000","flowType":"ELEMENTARY_FLOW","isInfrastructureFlow":false,"flowProperties":[{"@type":"FlowPropertyFactor","isRefFlowProperty":true,"flowProperty":{"@type":"FlowProperty","@id":"93a60a56-a3c8-22da-a746-0800200c9a66","name":"Volume","category":"Technical flow properties","refUnit":"m3"},"conversionFactor":1.0}]}