{"@type":"Flow","@id":"5ffb3576-740f-41ba-814f-8538d83a4b3b","name":"Barium II","description":"EcoSpold 2 elementary exchange, ID \u003d 5ffb3576-740f-41ba-814f-8538d83a4b3b","category":"Elementary flows/Emission to air/high population density","version":"00.00.000","flowType":"ELEMENTARY_FLOW","isInfrastructureFlow":false,"flowProperties":[{"@type":"FlowPropertyFactor","isRefFlowProperty":true,"flowProperty":{"@type":"FlowProperty","@id":"93a60a56-a3c8-11da-a746-0800200b9a66","name":"Mass","category":"Technical flow properties","refUnit":"kg"},"conversionFactor":1.0}]}