{"@type":"Flow","@id":"748f22a9-eba4-4726-bef5-92c7442ce189","name":"Zinc II","description":"EcoSpold 2 elementary exchange, ID \u003d 748f22a9-eba4-4726-bef5-92c7442ce189","category":"Elementary flows/Emission to air/high population density","version":"00.00.000","flowType":"ELEMENTARY_FLOW","isInfrastructureFlow":false,"flowProperties":[{"@type":"FlowPropertyFactor","isRefFlowProperty":true,"flowProperty":{"@type":"FlowProperty","@id":"93a60a56-a3c8-11da-a746-0800200b9a66","name":"Mass","category":"Technical flow properties","refUnit":"kg"},"conversionFactor":1.0}]}