{"@type":"Flow","@id":"7533d11b-e96e-4a99-80f2-91400a62d650","name":"Dioxins, measured as 2,3,7,8-tetrachlorodibenzo-p-dioxin","description":"EcoSpold 2 elementary exchange, ID \u003d 7533d11b-e96e-4a99-80f2-91400a62d650","category":"Elementary flows/Emission to soil/industrial","version":"00.00.000","flowType":"ELEMENTARY_FLOW","isInfrastructureFlow":false,"flowProperties":[{"@type":"FlowPropertyFactor","isRefFlowProperty":true,"flowProperty":{"@type":"FlowProperty","@id":"93a60a56-a3c8-11da-a746-0800200b9a66","name":"Mass","category":"Technical flow properties","refUnit":"kg"},"conversionFactor":1.0}]}