{"@type":"Flow","@id":"7c09916a-b6b5-47f5-bdf6-30d2511beb82","name":"Benzene, ethyl-","description":"EcoSpold 2 elementary exchange, ID \u003d 7c09916a-b6b5-47f5-bdf6-30d2511beb82","category":"Elementary flows/Emission to air/high population density","version":"00.00.000","flowType":"ELEMENTARY_FLOW","isInfrastructureFlow":false,"flowProperties":[{"@type":"FlowPropertyFactor","isRefFlowProperty":true,"flowProperty":{"@type":"FlowProperty","@id":"93a60a56-a3c8-11da-a746-0800200b9a66","name":"Mass","category":"Technical flow properties","refUnit":"kg"},"conversionFactor":1.0}]}