{"@type":"Flow","@id":"9c3bd678-1b2f-4b95-a245-d5c8a3fe326b","name":"Aluminium III","description":"EcoSpold 2 elementary exchange, ID \u003d 9c3bd678-1b2f-4b95-a245-d5c8a3fe326b","category":"Elementary flows/Emission to air/low population density","version":"00.00.000","flowType":"ELEMENTARY_FLOW","isInfrastructureFlow":false,"flowProperties":[{"@type":"FlowPropertyFactor","isRefFlowProperty":true,"flowProperty":{"@type":"FlowProperty","@id":"93a60a56-a3c8-11da-a746-0800200b9a66","name":"Mass","category":"Technical flow properties","refUnit":"kg"},"conversionFactor":1.0}]}