{"@type":"Flow","@id":"a72a45ee-395a-4d25-b893-9d183e43e76e","name":"Nickel II","description":"EcoSpold 2 elementary exchange, ID \u003d a72a45ee-395a-4d25-b893-9d183e43e76e","category":"Elementary flows/Emission to soil/industrial","version":"00.00.000","flowType":"ELEMENTARY_FLOW","isInfrastructureFlow":false,"flowProperties":[{"@type":"FlowPropertyFactor","isRefFlowProperty":true,"flowProperty":{"@type":"FlowProperty","@id":"93a60a56-a3c8-11da-a746-0800200b9a66","name":"Mass","category":"Technical flow properties","refUnit":"kg"},"conversionFactor":1.0}]}