{"@type":"Flow","@id":"a768b3a4-dce7-48f2-bb44-89c8a4ba00d1","name":"Fluoride","description":"EcoSpold 2 elementary exchange, ID \u003d a768b3a4-dce7-48f2-bb44-89c8a4ba00d1","category":"Elementary flows/Emission to soil/industrial","version":"00.00.000","flowType":"ELEMENTARY_FLOW","isInfrastructureFlow":false,"flowProperties":[{"@type":"FlowPropertyFactor","isRefFlowProperty":true,"flowProperty":{"@type":"FlowProperty","@id":"93a60a56-a3c8-11da-a746-0800200b9a66","name":"Mass","category":"Technical flow properties","refUnit":"kg"},"conversionFactor":1.0}]}