{"@type":"Flow","@id":"b84e31d0-cf7b-4c3f-bc8a-3cc93bdb30d9","name":"Fluoride","description":"EcoSpold 2 elementary exchange, ID \u003d b84e31d0-cf7b-4c3f-bc8a-3cc93bdb30d9","category":"Elementary flows/Emission to water/ground water","version":"00.00.000","flowType":"ELEMENTARY_FLOW","isInfrastructureFlow":false,"flowProperties":[{"@type":"FlowPropertyFactor","isRefFlowProperty":true,"flowProperty":{"@type":"FlowProperty","@id":"93a60a56-a3c8-11da-a746-0800200b9a66","name":"Mass","category":"Technical flow properties","refUnit":"kg"},"conversionFactor":1.0}]}