{"@type":"Flow","@id":"bfc0bf1c-e5e2-4702-a502-08c892031837","name":"Sulfate","description":"EcoSpold 2 elementary exchange, ID \u003d bfc0bf1c-e5e2-4702-a502-08c892031837","category":"Elementary flows/Emission to water/ground water, long-term","version":"00.00.000","flowType":"ELEMENTARY_FLOW","isInfrastructureFlow":false,"flowProperties":[{"@type":"FlowPropertyFactor","isRefFlowProperty":true,"flowProperty":{"@type":"FlowProperty","@id":"93a60a56-a3c8-11da-a746-0800200b9a66","name":"Mass","category":"Technical flow properties","refUnit":"kg"},"conversionFactor":1.0}]}