{"@type":"Flow","@id":"c126f8a0-6bc4-42e6-9220-d6ccfef3f2ed","name":"Molybdenum VI","description":"EcoSpold 2 elementary exchange, ID \u003d c126f8a0-6bc4-42e6-9220-d6ccfef3f2ed","category":"Elementary flows/Emission to soil/industrial","version":"00.00.000","flowType":"ELEMENTARY_FLOW","isInfrastructureFlow":false,"flowProperties":[{"@type":"FlowPropertyFactor","isRefFlowProperty":true,"flowProperty":{"@type":"FlowProperty","@id":"93a60a56-a3c8-11da-a746-0800200b9a66","name":"Mass","category":"Technical flow properties","refUnit":"kg"},"conversionFactor":1.0}]}