{"@type":"Flow","@id":"c21a1397-82dc-427a-a6cb-c790ba2626f4","name":"Potassium I","description":"EcoSpold 2 elementary exchange, ID \u003d c21a1397-82dc-427a-a6cb-c790ba2626f4","category":"Elementary flows/Emission to water/ground water","version":"00.00.000","flowType":"ELEMENTARY_FLOW","isInfrastructureFlow":false,"flowProperties":[{"@type":"FlowPropertyFactor","isRefFlowProperty":true,"flowProperty":{"@type":"FlowProperty","@id":"93a60a56-a3c8-11da-a746-0800200b9a66","name":"Mass","category":"Technical flow properties","refUnit":"kg"},"conversionFactor":1.0}]}