{"@type":"Flow","@id":"c26d4716-ce1e-43da-a662-cd9498b1e8bc","name":"Molybdenum VI","description":"EcoSpold 2 elementary exchange, ID \u003d c26d4716-ce1e-43da-a662-cd9498b1e8bc","category":"Elementary flows/Emission to air/high population density","version":"00.00.000","flowType":"ELEMENTARY_FLOW","isInfrastructureFlow":false,"flowProperties":[{"@type":"FlowPropertyFactor","isRefFlowProperty":true,"flowProperty":{"@type":"FlowProperty","@id":"93a60a56-a3c8-11da-a746-0800200b9a66","name":"Mass","category":"Technical flow properties","refUnit":"kg"},"conversionFactor":1.0}]}