{"@type":"Flow","@id":"c3b659e5-35f1-408c-8cb5-b5f9b295c76e","name":"Copper ion","description":"EcoSpold 2 elementary exchange, ID \u003d c3b659e5-35f1-408c-8cb5-b5f9b295c76e","category":"Elementary flows/Emission to water/ground water","version":"00.00.000","flowType":"ELEMENTARY_FLOW","isInfrastructureFlow":false,"flowProperties":[{"@type":"FlowPropertyFactor","isRefFlowProperty":true,"flowProperty":{"@type":"FlowProperty","@id":"93a60a56-a3c8-11da-a746-0800200b9a66","name":"Mass","category":"Technical flow properties","refUnit":"kg"},"conversionFactor":1.0}]}