{"@type":"Flow","@id":"c864aa15-0abc-41ad-9889-348106e485d8","name":"Lead II","description":"EcoSpold 2 elementary exchange, ID \u003d c864aa15-0abc-41ad-9889-348106e485d8","category":"Elementary flows/Emission to water/ground water","version":"00.00.000","flowType":"ELEMENTARY_FLOW","isInfrastructureFlow":false,"flowProperties":[{"@type":"FlowPropertyFactor","isRefFlowProperty":true,"flowProperty":{"@type":"FlowProperty","@id":"93a60a56-a3c8-11da-a746-0800200b9a66","name":"Mass","category":"Technical flow properties","refUnit":"kg"},"conversionFactor":1.0}]}