{"@type":"Flow","@id":"cc0d4252-6207-41d6-8567-bcbad58a7bef","name":"copper scrap, sorted, pressed","description":"EcoSpold 2 intermediate exchange, ID \u003d cc0d4252-6207-41d6-8567-bcbad58a7bef","category":"E:Water supply; sewerage, waste management and remediation activities/38:Waste collection, treatment and disposal activities; materials recovery/381:Waste collection/3811:Collection of non-hazardous waste","version":"00.00.003","lastChange":"2022-12-15T18:23:24.589Z","flowType":"PRODUCT_FLOW","isInfrastructureFlow":false,"flowProperties":[{"@type":"FlowPropertyFactor","isRefFlowProperty":true,"flowProperty":{"@type":"FlowProperty","@id":"93a60a56-a3c8-11da-a746-0800200b9a66","name":"Mass","category":"Technical flow properties","refUnit":"kg"},"conversionFactor":1.0}]}