{"@type":"Flow","@id":"d32f9dd8-9514-4c22-8c99-2e108609731f","name":"Bromine","description":"EcoSpold 2 elementary exchange, ID \u003d d32f9dd8-9514-4c22-8c99-2e108609731f","category":"Elementary flows/Emission to air/low population density","version":"00.00.000","flowType":"ELEMENTARY_FLOW","isInfrastructureFlow":false,"flowProperties":[{"@type":"FlowPropertyFactor","isRefFlowProperty":true,"flowProperty":{"@type":"FlowProperty","@id":"93a60a56-a3c8-11da-a746-0800200b9a66","name":"Mass","category":"Technical flow properties","refUnit":"kg"},"conversionFactor":1.0}]}