{"@type":"Flow","@id":"d68f41b3-6887-49a8-8efa-96812f8ec9f6","name":"Barium II","description":"EcoSpold 2 elementary exchange, ID \u003d d68f41b3-6887-49a8-8efa-96812f8ec9f6","category":"Elementary flows/Emission to water/ground water","version":"00.00.000","flowType":"ELEMENTARY_FLOW","isInfrastructureFlow":false,"flowProperties":[{"@type":"FlowPropertyFactor","isRefFlowProperty":true,"flowProperty":{"@type":"FlowProperty","@id":"93a60a56-a3c8-11da-a746-0800200b9a66","name":"Mass","category":"Technical flow properties","refUnit":"kg"},"conversionFactor":1.0}]}