{"@type":"Flow","@id":"d85a44cb-8407-4997-a146-581e4f35f39d","name":"Styrene","description":"EcoSpold 2 elementary exchange, ID \u003d d85a44cb-8407-4997-a146-581e4f35f39d","category":"Elementary flows/Emission to air/high population density","version":"00.00.000","flowType":"ELEMENTARY_FLOW","isInfrastructureFlow":false,"flowProperties":[{"@type":"FlowPropertyFactor","isRefFlowProperty":true,"flowProperty":{"@type":"FlowProperty","@id":"93a60a56-a3c8-11da-a746-0800200b9a66","name":"Mass","category":"Technical flow properties","refUnit":"kg"},"conversionFactor":1.0}]}