{"@type":"Flow","@id":"e60edb16-3c74-415b-9aff-a22a6f49fecb","name":"Arsenic ion","description":"EcoSpold 2 elementary exchange, ID \u003d e60edb16-3c74-415b-9aff-a22a6f49fecb","category":"Elementary flows/Emission to water/ground water, long-term","version":"00.00.000","flowType":"ELEMENTARY_FLOW","isInfrastructureFlow":false,"flowProperties":[{"@type":"FlowPropertyFactor","isRefFlowProperty":true,"flowProperty":{"@type":"FlowProperty","@id":"93a60a56-a3c8-11da-a746-0800200b9a66","name":"Mass","category":"Technical flow properties","refUnit":"kg"},"conversionFactor":1.0}]}