{"@type":"Flow","@id":"ed1fd27e-014a-41cf-842f-7b2022b0be79","name":"Vanadium V","description":"EcoSpold 2 elementary exchange, ID \u003d ed1fd27e-014a-41cf-842f-7b2022b0be79","category":"Elementary flows/Emission to water/ground water","version":"00.00.000","flowType":"ELEMENTARY_FLOW","isInfrastructureFlow":false,"flowProperties":[{"@type":"FlowPropertyFactor","isRefFlowProperty":true,"flowProperty":{"@type":"FlowProperty","@id":"93a60a56-a3c8-11da-a746-0800200b9a66","name":"Mass","category":"Technical flow properties","refUnit":"kg"},"conversionFactor":1.0}]}