{"@type":"Flow","@id":"ee9fdd7c-5e29-4bdb-852a-3258f06ec2ab","name":"Sodium I","description":"EcoSpold 2 elementary exchange, ID \u003d ee9fdd7c-5e29-4bdb-852a-3258f06ec2ab","category":"Elementary flows/Emission to water/ground water","version":"00.00.000","flowType":"ELEMENTARY_FLOW","isInfrastructureFlow":false,"flowProperties":[{"@type":"FlowPropertyFactor","isRefFlowProperty":true,"flowProperty":{"@type":"FlowProperty","@id":"93a60a56-a3c8-11da-a746-0800200b9a66","name":"Mass","category":"Technical flow properties","refUnit":"kg"},"conversionFactor":1.0}]}