{"@type":"Flow","@id":"f0d1c319-249f-4a89-b0e7-3a5a90a54036","name":"Cobalt II","description":"EcoSpold 2 elementary exchange, ID \u003d f0d1c319-249f-4a89-b0e7-3a5a90a54036","category":"Elementary flows/Emission to water/ground water","version":"00.00.000","flowType":"ELEMENTARY_FLOW","isInfrastructureFlow":false,"flowProperties":[{"@type":"FlowPropertyFactor","isRefFlowProperty":true,"flowProperty":{"@type":"FlowProperty","@id":"93a60a56-a3c8-11da-a746-0800200b9a66","name":"Mass","category":"Technical flow properties","refUnit":"kg"},"conversionFactor":1.0}]}