{"@type":"Process","@id":"5b59240c-31d5-3610-b28e-101576770bb5","name":"process-specific burdens, sanitary landfill | process-specific burdens, sanitary landfill | Cutoff, U","description":"landfill for untreated municipal solid waste;[This dataset was already contained in the ecoinvent database version 2. It was not individually updated during the transfer to ecoinvent version 3. Life Cycle Impact Assessment results may still have changed, as they are affected by changes in the supply chain, i.e. in other datasets. This dataset was generated following the ecoinvent quality guidelines for version 2. It may have been subject to central changes described in the ecoinvent version 3 change report (http://www.ecoinvent.org/database/ecoinvent-version-3/reports-of-changes/), and the results of the central updates were reviewed extensively. The changes added e.g. consistent water flows and other information throughout the database. The documentation of this dataset can be found in the ecoinvent reports of version 2, which are still available via the ecoinvent website. The change report linked above covers all central changes that were made during the conversion process.]  process-specific (i.e. independent of waste composition) energy demand and land use of landfill Dataset documentation: https://v391.ecoquery.ecoinvent.org/Details/UPR/c20016fc-4a19-4189-8f85-964f91c112e2/290c1f85-4cc4-4fa1-b0c8-2cb7f4276dce","category":"D:Electricity, gas, steam and air conditioning supply/E:Water supply; sewerage, waste management and remediation activities/38:Waste collection, treatment and disposal activities; materials recovery/382:Waste treatment and disposal/3821:Treatment and disposal of non-hazardous waste","version":"03.133.004","lastChange":"2024-01-30T11:03:14.848Z","tags":["ConvertedDataset"],"processType":"UNIT_PROCESS","isInfrastructureProcess":false,"location":{"@type":"Location","@id":"d88fc6ed-f21e-3464-935f-f76288b84103","name":"Switzerland"},"processDocumentation":{"technologyDescription":"Swiss municipal landfill for biogenic or untreated municipal waste (\u0027reactive organic landfill\u0027). Landfill gas and leachate collection system. Recultivation and monitoring for 150 years after closure.","samplingDescription":"data from one literature source","isCopyrightProtected":true,"geographyDescription":"Specific to the technology encountered in Switzerland in 2000. Well applicable to modern landfilling practices in Europe, North America or Japan.","creationDate":"2010-07-28T18:32:15","validFrom":"1995-01-01","validUntil":"2022-12-31","dataDocumentor":{"@type":"Actor","@id":"89ae408f-f095-4276-96ca-c871888cf632","name":"Roland Hischier"},"dataGenerator":{"@type":"Actor","@id":"b05f6f5a-d4f6-48e5-88bc-38c98a05048d","name":"Gabor Doka (obsolete)"},"publication":{"@type":"Source","@id":"a3ba5207-5834-4d67-b417-38951b3ead65","name":"Doka G.2007"}},"lastInternalId":14,"exchangeDqSystem":{"@type":"DQSystem","@id":"e7ac7cf6-5457-453e-99f9-d889826fffe8","name":"Ecoinvent Data Quality System"},"parameters":[],"exchanges":[{"@type":"Exchange","isAvoidedProduct":false,"isInput":false,"amount":1.0,"description":"EcoSpold01Location\u003dCH","costValue":0.00103060704,"currency":{"@type":"Currency","@id":"7de74e65-ff97-404f-bf57-5d2a9134fb43","name":"Euro","refUnit":"EUR"},"internalId":1,"flow":{"@type":"Flow","@id":"4a2aeb6d-125d-4473-8df7-310d98da3e2d","name":"process-specific burdens, sanitary landfill","category":"E:Water supply; sewerage, waste management and remediation activities/38:Waste collection, treatment and disposal activities; materials recovery/382:Waste treatment and disposal/3821:Treatment and disposal of non-hazardous waste","flowType":"PRODUCT_FLOW","refUnit":"kg"},"unit":{"@type":"Unit","@id":"20aadc24-a391-41cf-b340-3e4529f44bde","name":"kg"},"flowProperty":{"@type":"FlowProperty","@id":"93a60a56-a3c8-11da-a746-0800200b9a66","name":"Mass","category":"Technical flow properties","refUnit":"kg"},"isQuantitativeReference":true},{"@type":"Exchange","isAvoidedProduct":false,"isInput":true,"amount":1.5E-5,"dqEntry":"(2;3;5;1;1)","description":"EcoSpold01Location\u003dCH","internalId":3,"flow":{"@type":"Flow","@id":"d69294d7-8d64-4915-a896-9996a014c410","name":"electricity, low voltage","category":"D:Electricity, gas, steam and air conditioning supply/35:Electricity, gas, steam and air conditioning supply/351:Electric power generation, transmission and distribution/3510:Electric power generation, transmission and distribution","flowType":"PRODUCT_FLOW","refUnit":"MJ"},"unit":{"@type":"Unit","@id":"86ad2244-1f0e-4912-af53-7865283103e4","name":"kWh"},"flowProperty":{"@type":"FlowProperty","@id":"f6811440-ee37-11de-8a39-0800200c9a66","name":"Energy","category":"Technical flow properties","refUnit":"MJ"},"uncertainty":{"@type":"Uncertainty","distributionType":"LOG_NORMAL_DISTRIBUTION","geomMean":1.5E-5,"geomSd":1.151909910168909},"defaultProvider":{"@type":"Process","@id":"7b692a9d-c336-3c2e-a74a-2a1a3a5e8625","name":"market for electricity, low voltage | electricity, low voltage | Cutoff, U","category":"D:Electricity, gas, steam and air conditioning supply/35:Electricity, gas, steam and air conditioning supply/351:Electric power generation, transmission and distribution/3510:Electric power generation, transmission and distribution","processType":"UNIT_PROCESS","flowType":"PRODUCT_FLOW","location":"CH"}},{"@type":"Exchange","isAvoidedProduct":false,"isInput":true,"amount":5.0E-5,"dqEntry":"(2;3;5;1;1)","internalId":11,"flow":{"@type":"Flow","@id":"17a5a406-333f-4b9e-8852-c2de50bc9585","name":"Transformation, from shrub land, sclerophyllous","category":"Elementary flows/Resource/land","flowType":"ELEMENTARY_FLOW","refUnit":"m2"},"unit":{"@type":"Unit","@id":"3ce61faa-5716-41c1-aef6-b5920054acc9","name":"m2"},"flowProperty":{"@type":"FlowProperty","@id":"93a60a56-a3c8-19da-a746-0800200c9a66","name":"Area","category":"Technical flow properties","refUnit":"m2"},"uncertainty":{"@type":"Uncertainty","distributionType":"LOG_NORMAL_DISTRIBUTION","geomMean":5.0E-5,"geomSd":1.4537780777466462}},{"@type":"Exchange","isAvoidedProduct":false,"isInput":true,"amount":5.0E-5,"dqEntry":"(2;3;5;1;1)","internalId":13,"flow":{"@type":"Flow","@id":"bba9f623-5919-4ef3-b98d-c94af1553179","name":"Transformation, to forest, unspecified","category":"Elementary flows/Resource/land","flowType":"ELEMENTARY_FLOW","refUnit":"m2"},"unit":{"@type":"Unit","@id":"3ce61faa-5716-41c1-aef6-b5920054acc9","name":"m2"},"flowProperty":{"@type":"FlowProperty","@id":"93a60a56-a3c8-19da-a746-0800200c9a66","name":"Area","category":"Technical flow properties","refUnit":"m2"},"uncertainty":{"@type":"Uncertainty","distributionType":"LOG_NORMAL_DISTRIBUTION","geomMean":5.0E-5,"geomSd":1.4537780777466462}},{"@type":"Exchange","isAvoidedProduct":false,"isInput":true,"amount":5.0E-5,"dqEntry":"(2;3;5;1;1)","internalId":14,"flow":{"@type":"Flow","@id":"9089d7ad-09b1-4174-a188-8844ebde2d5d","name":"Transformation, to shrub land, sclerophyllous","category":"Elementary flows/Resource/land","flowType":"ELEMENTARY_FLOW","refUnit":"m2"},"unit":{"@type":"Unit","@id":"3ce61faa-5716-41c1-aef6-b5920054acc9","name":"m2"},"flowProperty":{"@type":"FlowProperty","@id":"93a60a56-a3c8-19da-a746-0800200c9a66","name":"Area","category":"Technical flow properties","refUnit":"m2"},"uncertainty":{"@type":"Uncertainty","distributionType":"LOG_NORMAL_DISTRIBUTION","geomMean":5.0E-5,"geomSd":1.4537780777466462}},{"@type":"Exchange","isAvoidedProduct":false,"isInput":true,"amount":0.00135,"dqEntry":"(2;3;5;1;1)","description":"EcoSpold01Location\u003dCH","internalId":4,"flow":{"@type":"Flow","@id":"759b89bd-3aa6-42ad-b767-5bb9ef5d331d","name":"electricity, medium voltage","category":"D:Electricity, gas, steam and air conditioning supply/35:Electricity, gas, steam and air conditioning supply/351:Electric power generation, transmission and distribution/3510:Electric power generation, transmission and distribution","flowType":"PRODUCT_FLOW","refUnit":"MJ"},"unit":{"@type":"Unit","@id":"86ad2244-1f0e-4912-af53-7865283103e4","name":"kWh"},"flowProperty":{"@type":"FlowProperty","@id":"f6811440-ee37-11de-8a39-0800200c9a66","name":"Energy","category":"Technical flow properties","refUnit":"MJ"},"uncertainty":{"@type":"Uncertainty","distributionType":"LOG_NORMAL_DISTRIBUTION","geomMean":0.00135,"geomSd":1.151909910168909},"defaultProvider":{"@type":"Process","@id":"9a3a2f07-c918-3e95-b2a4-de75acdef7f0","name":"market for electricity, medium voltage | electricity, medium voltage | Cutoff, U","category":"D:Electricity, gas, steam and air conditioning supply/35:Electricity, gas, steam and air conditioning supply/351:Electric power generation, transmission and distribution/3510:Electric power generation, transmission and distribution","processType":"UNIT_PROCESS","flowType":"PRODUCT_FLOW","location":"CH"}},{"@type":"Exchange","isAvoidedProduct":false,"isInput":true,"amount":2.5E-4,"dqEntry":"(2;3;5;1;1)","internalId":8,"flow":{"@type":"Flow","@id":"c199261c-8234-43c5-b906-5b67707e4395","name":"Occupation, shrub land, sclerophyllous","category":"Elementary flows/Resource/land","flowType":"ELEMENTARY_FLOW","refUnit":"m2*a"},"unit":{"@type":"Unit","@id":"c7266b67-4ea2-457f-b391-9b94e26e195a","name":"m2*a"},"flowProperty":{"@type":"FlowProperty","@id":"93a60a56-a3c8-21da-a746-0800200c9a66","name":"Area*time","category":"Technical flow properties","refUnit":"m2*a"},"uncertainty":{"@type":"Uncertainty","distributionType":"LOG_NORMAL_DISTRIBUTION","geomMean":2.5E-4,"geomSd":1.2505791921887124}},{"@type":"Exchange","isAvoidedProduct":false,"isInput":true,"amount":2.5E-4,"dqEntry":"(2;3;5;1;1)","internalId":6,"flow":{"@type":"Flow","@id":"4b6b9b76-3199-4bd0-b11d-f8f2efbeac4e","name":"Occupation, construction site","category":"Elementary flows/Resource/land","flowType":"ELEMENTARY_FLOW","refUnit":"m2*a"},"unit":{"@type":"Unit","@id":"c7266b67-4ea2-457f-b391-9b94e26e195a","name":"m2*a"},"flowProperty":{"@type":"FlowProperty","@id":"93a60a56-a3c8-21da-a746-0800200c9a66","name":"Area*time","category":"Technical flow properties","refUnit":"m2*a"},"uncertainty":{"@type":"Uncertainty","distributionType":"LOG_NORMAL_DISTRIBUTION","geomMean":2.5E-4,"geomSd":1.2505791921887124}},{"@type":"Exchange","isAvoidedProduct":false,"isInput":true,"amount":0.0467,"dqEntry":"(2;3;5;1;1)","description":"EcoSpold01Location\u003dGLO","internalId":2,"flow":{"@type":"Flow","@id":"b0f4c2fb-5081-474a-8ffa-1457da8345db","name":"diesel, burned in building machine","category":"F:Construction/43:Specialized construction activities/431:Demolition and site preparation/4312:Site preparation","flowType":"PRODUCT_FLOW","refUnit":"MJ"},"unit":{"@type":"Unit","@id":"52765a6c-3896-43c2-b2f4-c679acf13efe","name":"MJ"},"flowProperty":{"@type":"FlowProperty","@id":"f6811440-ee37-11de-8a39-0800200c9a66","name":"Energy","category":"Technical flow properties","refUnit":"MJ"},"uncertainty":{"@type":"Uncertainty","distributionType":"LOG_NORMAL_DISTRIBUTION","geomMean":0.0467,"geomSd":1.151909910168909},"defaultProvider":{"@type":"Process","@id":"8dab9d21-fb4d-39ee-a5af-2182002215d0","name":"market for diesel, burned in building machine | diesel, burned in building machine | Cutoff, U","category":"F:Construction/43:Specialized construction activities/431:Demolition and site preparation/4312:Site preparation","processType":"UNIT_PROCESS","flowType":"PRODUCT_FLOW","location":"GLO"}},{"@type":"Exchange","isAvoidedProduct":false,"isInput":true,"amount":0.0015134,"dqEntry":"(2;3;5;1;1)","description":"EcoSpold01Location\u003dCH","internalId":5,"flow":{"@type":"Flow","@id":"dd80f0f2-f4d5-40f0-9035-09c1a7f3f07b","name":"heat, central or small-scale, other than natural gas","category":"D:Electricity, gas, steam and air conditioning supply/35:Electricity, gas, steam and air conditioning supply/353:Steam and air conditioning supply/3530:Steam and air conditioning supply","flowType":"PRODUCT_FLOW","refUnit":"MJ"},"unit":{"@type":"Unit","@id":"52765a6c-3896-43c2-b2f4-c679acf13efe","name":"MJ"},"flowProperty":{"@type":"FlowProperty","@id":"f6811440-ee37-11de-8a39-0800200c9a66","name":"Energy","category":"Technical flow properties","refUnit":"MJ"},"uncertainty":{"@type":"Uncertainty","distributionType":"LOG_NORMAL_DISTRIBUTION","geomMean":0.0015134,"geomSd":1.151909910168909},"defaultProvider":{"@type":"Process","@id":"a11ad749-aaf9-392a-9fe0-4853fdf542b5","name":"market for heat, central or small-scale, other than natural gas | heat, central or small-scale, other than natural gas | Cutoff, U","category":"D:Electricity, gas, steam and air conditioning supply/35:Electricity, gas, steam and air conditioning supply/353:Steam and air conditioning supply/3530:Steam and air conditioning supply","processType":"UNIT_PROCESS","flowType":"PRODUCT_FLOW","location":"CH"}},{"@type":"Exchange","isAvoidedProduct":false,"isInput":true,"amount":0.0015,"dqEntry":"(2;3;5;1;1)","internalId":7,"flow":{"@type":"Flow","@id":"1eaa9ea4-40b8-414a-b198-5626400372e1","name":"Occupation, dump site","category":"Elementary flows/Resource/land","flowType":"ELEMENTARY_FLOW","refUnit":"m2*a"},"unit":{"@type":"Unit","@id":"c7266b67-4ea2-457f-b391-9b94e26e195a","name":"m2*a"},"flowProperty":{"@type":"FlowProperty","@id":"93a60a56-a3c8-21da-a746-0800200c9a66","name":"Area*time","category":"Technical flow properties","refUnit":"m2*a"},"uncertainty":{"@type":"Uncertainty","distributionType":"LOG_NORMAL_DISTRIBUTION","geomMean":0.0015,"geomSd":1.2505791921887124}},{"@type":"Exchange","isAvoidedProduct":false,"isInput":true,"amount":5.0E-5,"dqEntry":"(2;3;5;1;1)","internalId":12,"flow":{"@type":"Flow","@id":"1a568858-efa8-4c2a-b46e-82b6e66b6072","name":"Transformation, to dump site, sanitary landfill","category":"Elementary flows/Resource/land","flowType":"ELEMENTARY_FLOW","refUnit":"m2"},"unit":{"@type":"Unit","@id":"3ce61faa-5716-41c1-aef6-b5920054acc9","name":"m2"},"flowProperty":{"@type":"FlowProperty","@id":"93a60a56-a3c8-19da-a746-0800200c9a66","name":"Area","category":"Technical flow properties","refUnit":"m2"},"uncertainty":{"@type":"Uncertainty","distributionType":"LOG_NORMAL_DISTRIBUTION","geomMean":5.0E-5,"geomSd":1.4537780777466462}},{"@type":"Exchange","isAvoidedProduct":false,"isInput":true,"amount":5.0E-5,"dqEntry":"(2;3;5;1;1)","internalId":9,"flow":{"@type":"Flow","@id":"b79e26a0-88db-441f-b79b-508506e81b93","name":"Transformation, from dump site, sanitary landfill","category":"Elementary flows/Resource/land","flowType":"ELEMENTARY_FLOW","refUnit":"m2"},"unit":{"@type":"Unit","@id":"3ce61faa-5716-41c1-aef6-b5920054acc9","name":"m2"},"flowProperty":{"@type":"FlowProperty","@id":"93a60a56-a3c8-19da-a746-0800200c9a66","name":"Area","category":"Technical flow properties","refUnit":"m2"},"uncertainty":{"@type":"Uncertainty","distributionType":"LOG_NORMAL_DISTRIBUTION","geomMean":5.0E-5,"geomSd":1.4537780777466462}},{"@type":"Exchange","isAvoidedProduct":false,"isInput":true,"amount":5.0E-5,"dqEntry":"(2;3;5;1;1)","internalId":10,"flow":{"@type":"Flow","@id":"2c126bcc-bb63-4d63-bd72-f02a1e616809","name":"Transformation, from pasture, man made","category":"Elementary flows/Resource/land","flowType":"ELEMENTARY_FLOW","refUnit":"m2"},"unit":{"@type":"Unit","@id":"3ce61faa-5716-41c1-aef6-b5920054acc9","name":"m2"},"flowProperty":{"@type":"FlowProperty","@id":"93a60a56-a3c8-19da-a746-0800200c9a66","name":"Area","category":"Technical flow properties","refUnit":"m2"},"uncertainty":{"@type":"Uncertainty","distributionType":"LOG_NORMAL_DISTRIBUTION","geomMean":5.0E-5,"geomSd":1.4537780777466462}}],"socialAspects":[],"allocationFactors":[]}