{"@type":"Process","@id":"69a85687-347d-3219-8721-a94d5276b302","name":"treatment of waste glass, sanitary landfill | waste glass | Cutoff, U","description":"This dataset represents the activity of waste disposal of waste glass in a sanitary landfill. Recommended use of this dataset: For waste glass, which goes to disposal as part of communal waste mixture.  //  Waste composition (wet, in ppm): upper heating value 0.1423 MJ/kg; lower heating value 0.04602 MJ/kg; H2O 20000; O 483070; H n.a.; C n.a.; S n.a.; N n.a.; P n.a.; B n.a.; Cl 195.89; Br n.a.; F n.a.; I n.a.; Ag n.a.; As n.a.; Ba n.a.; Cd n.a.; Co n.a.; Cr 303.63; Cu 7.8356; Hg n.a.; Mn n.a.; Mo n.a.; Ni n.a.; Pb 38.688; Sb n.a.; Se n.a.; Sn n.a.; V n.a.; Zn 3.9178; Be n.a.; Sc n.a.; Sr n.a.; Ti n.a.; Tl n.a.; W n.a.; Si 359090; Fe n.a.; Ca 72818; Al n.a.; K n.a.; Mg n.a.; Na 64472; .   //  Share of carbon in waste that is biogenic 60.4%. Share of metals in waste not oxidised and bulk-recyclable (exclude very small or thin parts) Iron: 0%; Alu: 0%; Copper: 0%. Overall degradability of waste during 100 years: 0%.   from final waste deposition (without transports to the site)  Waste-specific short-term emissions to air via landfill gas and landfill leachate. Waste-specific long-term emissions from landfill. Dataset documentation: https://v391.ecoquery.ecoinvent.org/Details/UPR/1fd9a38b-20ba-4105-9b51-71bbc42dd349/290c1f85-4cc4-4fa1-b0c8-2cb7f4276dce","category":"D:Electricity, gas, steam and air conditioning supply/E:Water supply; sewerage, waste management and remediation activities/38:Waste collection, treatment and disposal activities; materials recovery/382:Waste treatment and disposal/3821:Treatment and disposal of non-hazardous waste","version":"03.06.004","lastChange":"2024-01-30T11:03:15.063Z","processType":"UNIT_PROCESS","isInfrastructureProcess":false,"location":{"@type":"Location","@id":"56bca136-90bb-3a77-9abb-7ce558af711e","name":"Global"},"processDocumentation":{"timeDescription":"None","technologyDescription":"This is an inventory for a sanitary (controlled) landfill for municipal solid waste. Ultimate average landfill height is 20 meters. Operation phase duration is 30 years.Percentage of landfill gas directly emitted is 47w%. Percentage of landfill gas captured and flared is 18.02w%. Percentage of landfill gas captured and utilised is 34.98%. Conversion efficiencies are 27.8e% for electricity and 13.5e% for useful heat. ;Leachate collected during the first 100 years is treated before emission. Based on average waste composition and climate data the end of carbonate phase is estimated to be reached 5693 years after waste deposition. ","isCopyrightProtected":true,"geographyDescription":"Given name of landfill location is \u0027Global\u0027. Landfill site with mean annual temperature (MAT) of 14.74 degC, mean annual precipitation (MAP) of 889 mm/year, and net infiltration of 392 mm/year. ","creationDate":"2002-03-23T18:45:08","validFrom":"2010-01-01","validUntil":"2022-12-31","dataDocumentor":{"@type":"Actor","@id":"c4597934-ecac-422c-b431-382e85fdcb83","name":"[System]"},"dataGenerator":{"@type":"Actor","@id":"847a56f5-d9e5-4a65-ab51-b056e0039130","name":"Avraam Symeonidis"}},"lastInternalId":71,"exchangeDqSystem":{"@type":"DQSystem","@id":"e7ac7cf6-5457-453e-99f9-d889826fffe8","name":"Ecoinvent Data Quality System"},"parameters":[],"exchanges":[{"@type":"Exchange","isAvoidedProduct":false,"isInput":true,"amount":1.0,"description":"main reference product of this activity (supply of disposal service). ","internalId":1,"flow":{"@type":"Flow","@id":"dae141a8-7daa-4f03-a649-b85b718ac65b","name":"waste glass","category":"E:Water supply; sewerage, waste management and remediation activities/38:Waste collection, treatment and disposal activities; materials recovery/382:Waste treatment and disposal/3821:Treatment and disposal of non-hazardous waste","flowType":"WASTE_FLOW","refUnit":"kg"},"unit":{"@type":"Unit","@id":"20aadc24-a391-41cf-b340-3e4529f44bde","name":"kg"},"flowProperty":{"@type":"FlowProperty","@id":"93a60a56-a3c8-11da-a746-0800200b9a66","name":"Mass","category":"Technical flow properties","refUnit":"kg"},"isQuantitativeReference":true},{"@type":"Exchange","isAvoidedProduct":false,"isInput":true,"amount":6.2317904579339205E-6,"dqEntry":"(1;1;3;1;1)","description":"for base and compartment seals and access street construction. ","internalId":16,"flow":{"@type":"Flow","@id":"e7a17355-8575-4be4-8c51-85e38b19b3f3","name":"pitch","category":"C:Manufacturing/19:Manufacture of coke and refined petroleum products/192:Manufacture of refined petroleum products/1920:Manufacture of refined petroleum products","flowType":"PRODUCT_FLOW","refUnit":"kg"},"unit":{"@type":"Unit","@id":"20aadc24-a391-41cf-b340-3e4529f44bde","name":"kg"},"flowProperty":{"@type":"FlowProperty","@id":"93a60a56-a3c8-11da-a746-0800200b9a66","name":"Mass","category":"Technical flow properties","refUnit":"kg"},"uncertainty":{"@type":"Uncertainty","distributionType":"LOG_NORMAL_DISTRIBUTION","geomMean":0.002388,"geomSd":1.327496581984024},"defaultProvider":{"@type":"Process","@id":"a1afa374-2256-3c6b-8b6f-02efd9dbd52c","name":"market for pitch | pitch | Cutoff, U","category":"C:Manufacturing/19:Manufacture of coke and refined petroleum products/192:Manufacture of refined petroleum products/1920:Manufacture of refined petroleum products","processType":"UNIT_PROCESS","flowType":"PRODUCT_FLOW","location":"CO"}},{"@type":"Exchange","isAvoidedProduct":false,"isInput":false,"amount":2.4637187020083005E-5,"dqEntry":"(1;1;1;1;1)","description":"burden from wastewater treatment of the short-term leachate (0-100a). ","internalId":34,"flow":{"@type":"Flow","@id":"d51e5a32-c20a-4da6-8d58-31f344b50c00","name":"waste graphical paper","category":"E:Water supply; sewerage, waste management and remediation activities/38:Waste collection, treatment and disposal activities; materials recovery/382:Waste treatment and disposal/3821:Treatment and disposal of non-hazardous waste","flowType":"WASTE_FLOW","refUnit":"kg"},"unit":{"@type":"Unit","@id":"20aadc24-a391-41cf-b340-3e4529f44bde","name":"kg"},"flowProperty":{"@type":"FlowProperty","@id":"93a60a56-a3c8-11da-a746-0800200b9a66","name":"Mass","category":"Technical flow properties","refUnit":"kg"},"uncertainty":{"@type":"Uncertainty","distributionType":"LOG_NORMAL_DISTRIBUTION","geomMean":-3.038E-5,"geomSd":1.0301305258664624},"defaultProvider":{"@type":"Process","@id":"4e43eec7-6560-34e0-8914-62e2f634d659","name":"market for waste graphical paper | waste graphical paper | Cutoff, U","category":"D:Electricity, gas, steam and air conditioning supply/E:Water supply; sewerage, waste management and remediation activities/38:Waste collection, treatment and disposal activities; materials recovery/382:Waste treatment and disposal/3821:Treatment and disposal of non-hazardous waste","processType":"UNIT_PROCESS","flowType":"WASTE_FLOW","location":"RoW"}},{"@type":"Exchange","isAvoidedProduct":false,"isInput":true,"amount":5.252251633673086E-9,"dqEntry":"(1;1;3;1;1)","description":"for sewer auxiliary materials. ","internalId":25,"flow":{"@type":"Flow","@id":"f51d7ccf-0bee-430d-98a3-8334adbe39fc","name":"sand","category":"B:Mining and quarrying/08:Other mining and quarrying/081:Quarrying of stone, sand and clay/0810:Quarrying of stone, sand and clay","flowType":"PRODUCT_FLOW","refUnit":"kg"},"unit":{"@type":"Unit","@id":"20aadc24-a391-41cf-b340-3e4529f44bde","name":"kg"},"flowProperty":{"@type":"FlowProperty","@id":"93a60a56-a3c8-11da-a746-0800200b9a66","name":"Mass","category":"Technical flow properties","refUnit":"kg"},"uncertainty":{"@type":"Uncertainty","distributionType":"LOG_NORMAL_DISTRIBUTION","geomMean":6.687E-5,"geomSd":1.327496581984024},"defaultProvider":{"@type":"Process","@id":"e585763d-98ae-348a-88be-51e3a01900c0","name":"market for sand | sand | Cutoff, U","category":"C:Manufacturing/B:Mining and quarrying/08:Other mining and quarrying/081:Quarrying of stone, sand and clay/0810:Quarrying of stone, sand and clay","processType":"UNIT_PROCESS","flowType":"PRODUCT_FLOW","location":"IN"}},{"@type":"Exchange","isAvoidedProduct":false,"isInput":true,"amount":2.2348E-7,"dqEntry":"(1;1;3;1;1)","description":"for sewer auxiliary materials. ","internalId":23,"flow":{"@type":"Flow","@id":"1768722c-0cb1-4b0b-9183-2ff16919120e","name":"polyvinylchloride, bulk polymerised","category":"C:Manufacturing/20:Manufacture of chemicals and chemical products/201:Manufacture of basic chemicals, fertilizers and nitrogen compounds, plastics/2013:Manufacture of plastics and synthetic rubber in primary forms","flowType":"PRODUCT_FLOW","refUnit":"kg"},"unit":{"@type":"Unit","@id":"20aadc24-a391-41cf-b340-3e4529f44bde","name":"kg"},"flowProperty":{"@type":"FlowProperty","@id":"93a60a56-a3c8-11da-a746-0800200b9a66","name":"Mass","category":"Technical flow properties","refUnit":"kg"},"uncertainty":{"@type":"Uncertainty","distributionType":"LOG_NORMAL_DISTRIBUTION","geomMean":2.235E-7,"geomSd":1.327496581984024},"defaultProvider":{"@type":"Process","@id":"c3684484-9fe5-3d0d-b114-5641d70c37cd","name":"market for polyvinylchloride, bulk polymerised | polyvinylchloride, bulk polymerised | Cutoff, U","category":"C:Manufacturing/20:Manufacture of chemicals and chemical products/201:Manufacture of basic chemicals, fertilizers and nitrogen compounds, plastics/2013:Manufacture of plastics and synthetic rubber in primary forms","processType":"UNIT_PROCESS","flowType":"PRODUCT_FLOW","location":"GLO"}},{"@type":"Exchange","isAvoidedProduct":false,"isInput":true,"amount":8.9393E-8,"dqEntry":"(1;1;3;1;1)","description":"for sewer auxiliary materials. ","internalId":31,"flow":{"@type":"Flow","@id":"0da5307e-df93-4bc2-b5bc-6cda3cb55e8c","name":"synthetic rubber","category":"C:Manufacturing/20:Manufacture of chemicals and chemical products/201:Manufacture of basic chemicals, fertilizers and nitrogen compounds, plastics/2013:Manufacture of plastics and synthetic rubber in primary forms","flowType":"PRODUCT_FLOW","refUnit":"kg"},"unit":{"@type":"Unit","@id":"20aadc24-a391-41cf-b340-3e4529f44bde","name":"kg"},"flowProperty":{"@type":"FlowProperty","@id":"93a60a56-a3c8-11da-a746-0800200b9a66","name":"Mass","category":"Technical flow properties","refUnit":"kg"},"uncertainty":{"@type":"Uncertainty","distributionType":"LOG_NORMAL_DISTRIBUTION","geomMean":8.939E-8,"geomSd":1.327496581984024},"defaultProvider":{"@type":"Process","@id":"7fa6df1b-c111-33c8-8f25-ea649e5d5276","name":"market for synthetic rubber | synthetic rubber | Cutoff, U","category":"C:Manufacturing/20:Manufacture of chemicals and chemical products/201:Manufacture of basic chemicals, fertilizers and nitrogen compounds, plastics/2013:Manufacture of plastics and synthetic rubber in primary forms","processType":"UNIT_PROCESS","flowType":"PRODUCT_FLOW","location":"GLO"}},{"@type":"Exchange","isAvoidedProduct":false,"isInput":false,"amount":0.072818,"dqEntry":"(1;1;3;1;1)","description":"Emissions from long-term leachate (\u003e100a) directly from MSW landfill and indirectly via incineration of treatement sludge from leachate treatement. ","internalId":52,"flow":{"@type":"Flow","@id":"ae28c923-a4a3-4f00-b862-1ae6e748efb9","name":"Calcium II","category":"Elementary flows/Emission to water/ground water, long-term","flowType":"ELEMENTARY_FLOW","refUnit":"kg"},"unit":{"@type":"Unit","@id":"20aadc24-a391-41cf-b340-3e4529f44bde","name":"kg"},"flowProperty":{"@type":"FlowProperty","@id":"93a60a56-a3c8-11da-a746-0800200b9a66","name":"Mass","category":"Technical flow properties","refUnit":"kg"},"uncertainty":{"@type":"Uncertainty","distributionType":"LOG_NORMAL_DISTRIBUTION","geomMean":0.07282,"geomSd":1.2141119281080925}},{"@type":"Exchange","isAvoidedProduct":false,"isInput":false,"amount":1.3262470333372078E-6,"dqEntry":"(1;1;1;1;1)","description":"burden from wastewater treatment of the short-term leachate (0-100a). ","internalId":38,"flow":{"@type":"Flow","@id":"d51e5a32-c20a-4da6-8d58-31f344b50c00","name":"waste graphical paper","category":"E:Water supply; sewerage, waste management and remediation activities/38:Waste collection, treatment and disposal activities; materials recovery/382:Waste treatment and disposal/3821:Treatment and disposal of non-hazardous waste","flowType":"WASTE_FLOW","refUnit":"kg"},"unit":{"@type":"Unit","@id":"20aadc24-a391-41cf-b340-3e4529f44bde","name":"kg"},"flowProperty":{"@type":"FlowProperty","@id":"93a60a56-a3c8-11da-a746-0800200b9a66","name":"Mass","category":"Technical flow properties","refUnit":"kg"},"uncertainty":{"@type":"Uncertainty","distributionType":"LOG_NORMAL_DISTRIBUTION","geomMean":-3.038E-5,"geomSd":1.0301305258664624},"defaultProvider":{"@type":"Process","@id":"72c22648-7e6d-392e-8e15-53ef5032aa02","name":"market for waste graphical paper | waste graphical paper | Cutoff, U","category":"D:Electricity, gas, steam and air conditioning supply/E:Water supply; sewerage, waste management and remediation activities/38:Waste collection, treatment and disposal activities; materials recovery/382:Waste treatment and disposal/3821:Treatment and disposal of non-hazardous waste","processType":"UNIT_PROCESS","flowType":"WASTE_FLOW","location":"BR"}},{"@type":"Exchange","isAvoidedProduct":false,"isInput":true,"amount":5.0E-5,"dqEntry":"(1;1;3;1;1)","description":"conversion to forest after renaturation. ","internalId":69,"flow":{"@type":"Flow","@id":"bba9f623-5919-4ef3-b98d-c94af1553179","name":"Transformation, to forest, unspecified","category":"Elementary flows/Resource/land","flowType":"ELEMENTARY_FLOW","refUnit":"m2"},"unit":{"@type":"Unit","@id":"3ce61faa-5716-41c1-aef6-b5920054acc9","name":"m2"},"flowProperty":{"@type":"FlowProperty","@id":"93a60a56-a3c8-19da-a746-0800200c9a66","name":"Area","category":"Technical flow properties","refUnit":"m2"},"uncertainty":{"@type":"Uncertainty","distributionType":"LOG_NORMAL_DISTRIBUTION","geomMean":5.0E-5,"geomSd":1.327496581984024}},{"@type":"Exchange","isAvoidedProduct":false,"isInput":true,"amount":1.2113266801773195E-8,"dqEntry":"(1;1;3;1;1)","description":"for sewer auxiliary materials. ","internalId":28,"flow":{"@type":"Flow","@id":"f51d7ccf-0bee-430d-98a3-8334adbe39fc","name":"sand","category":"B:Mining and quarrying/08:Other mining and quarrying/081:Quarrying of stone, sand and clay/0810:Quarrying of stone, sand and clay","flowType":"PRODUCT_FLOW","refUnit":"kg"},"unit":{"@type":"Unit","@id":"20aadc24-a391-41cf-b340-3e4529f44bde","name":"kg"},"flowProperty":{"@type":"FlowProperty","@id":"93a60a56-a3c8-11da-a746-0800200b9a66","name":"Mass","category":"Technical flow properties","refUnit":"kg"},"uncertainty":{"@type":"Uncertainty","distributionType":"LOG_NORMAL_DISTRIBUTION","geomMean":6.687E-5,"geomSd":1.327496581984024},"defaultProvider":{"@type":"Process","@id":"0b626293-0a10-3703-b8e1-f43645d8044e","name":"market for sand | sand | Cutoff, U","category":"C:Manufacturing/B:Mining and quarrying/08:Other mining and quarrying/081:Quarrying of stone, sand and clay/0810:Quarrying of stone, sand and clay","processType":"UNIT_PROCESS","flowType":"PRODUCT_FLOW","location":"CH"}},{"@type":"Exchange","isAvoidedProduct":false,"isInput":false,"amount":0.0093182,"dqEntry":"(1;1;3;1;1)","description":"Emissions from long-term leachate (\u003e100a) directly from MSW landfill and indirectly via incineration of treatement sludge from leachate treatement. ","internalId":58,"flow":{"@type":"Flow","@id":"ce88a9b6-0afa-4f68-9b32-8c3438bf4025","name":"Silicon","category":"Elementary flows/Emission to water/ground water, long-term","flowType":"ELEMENTARY_FLOW","refUnit":"kg"},"unit":{"@type":"Unit","@id":"20aadc24-a391-41cf-b340-3e4529f44bde","name":"kg"},"flowProperty":{"@type":"FlowProperty","@id":"93a60a56-a3c8-11da-a746-0800200b9a66","name":"Mass","category":"Technical flow properties","refUnit":"kg"},"uncertainty":{"@type":"Uncertainty","distributionType":"LOG_NORMAL_DISTRIBUTION","geomMean":0.009318,"geomSd":2.5013932105772714}},{"@type":"Exchange","isAvoidedProduct":false,"isInput":true,"amount":6.0752E-7,"dqEntry":"(1;1;3;1;1)","description":"Transport services to transport incineration residues to landfills and filter ash to external treatments (FLUWA). ","internalId":33,"flow":{"@type":"Flow","@id":"cfbce515-3f54-4411-ad9d-3d26b7faa15a","name":"transport, freight, lorry, unspecified","category":"H:Transportation and storage/49:Land transport and transport via pipelines/492:Other land transport/4923:Freight transport by road","flowType":"PRODUCT_FLOW","refUnit":"t*km"},"unit":{"@type":"Unit","@id":"0dea4ed8-bb6b-4049-b2b4-b2c413ef2180","name":"t*km"},"flowProperty":{"@type":"FlowProperty","@id":"838aaa20-0117-11db-92e3-0800200c9a66","name":"Goods transport (mass*distance)","category":"Technical flow properties","refUnit":"t*km"},"uncertainty":{"@type":"Uncertainty","distributionType":"LOG_NORMAL_DISTRIBUTION","geomMean":6.075E-7,"geomSd":1.0275424909367126},"defaultProvider":{"@type":"Process","@id":"0c8c762c-4ff9-3156-a2a5-a70847e493cf","name":"market group for transport, freight, lorry, unspecified | transport, freight, lorry, unspecified | Cutoff, U","category":"H:Transportation and storage/49:Land transport and transport via pipelines/492:Other land transport/4923:Freight transport by road","processType":"UNIT_PROCESS","flowType":"PRODUCT_FLOW","location":"GLO"}},{"@type":"Exchange","isAvoidedProduct":false,"isInput":false,"amount":8.840954362774688E-8,"dqEntry":"(1;1;1;1;1)","description":"burden from wastewater treatment of the short-term leachate (0-100a). ","internalId":46,"flow":{"@type":"Flow","@id":"88afd721-07ec-4910-a004-fa3fecb6bf70","name":"waste plastic, mixture","category":"E:Water supply; sewerage, waste management and remediation activities/38:Waste collection, treatment and disposal activities; materials recovery/382:Waste treatment and disposal/3821:Treatment and disposal of non-hazardous waste","flowType":"WASTE_FLOW","refUnit":"kg"},"unit":{"@type":"Unit","@id":"20aadc24-a391-41cf-b340-3e4529f44bde","name":"kg"},"flowProperty":{"@type":"FlowProperty","@id":"93a60a56-a3c8-11da-a746-0800200b9a66","name":"Mass","category":"Technical flow properties","refUnit":"kg"},"uncertainty":{"@type":"Uncertainty","distributionType":"LOG_NORMAL_DISTRIBUTION","geomMean":-3.038E-5,"geomSd":1.0301305258664624},"defaultProvider":{"@type":"Process","@id":"eddd2068-a914-32de-af5c-1e8a7b7d9b76","name":"market for waste plastic, mixture | waste plastic, mixture | Cutoff, U","category":"D:Electricity, gas, steam and air conditioning supply/E:Water supply; sewerage, waste management and remediation activities/38:Waste collection, treatment and disposal activities; materials recovery/382:Waste treatment and disposal/3821:Treatment and disposal of non-hazardous waste","processType":"UNIT_PROCESS","flowType":"WASTE_FLOW","location":"ZA"}},{"@type":"Exchange","isAvoidedProduct":false,"isInput":true,"amount":6.0E-5,"dqEntry":"(1;1;3;1;1)","description":"original conversion of landfill area and access road. ","internalId":66,"flow":{"@type":"Flow","@id":"2c126bcc-bb63-4d63-bd72-f02a1e616809","name":"Transformation, from pasture, man made","category":"Elementary flows/Resource/land","flowType":"ELEMENTARY_FLOW","refUnit":"m2"},"unit":{"@type":"Unit","@id":"3ce61faa-5716-41c1-aef6-b5920054acc9","name":"m2"},"flowProperty":{"@type":"FlowProperty","@id":"93a60a56-a3c8-19da-a746-0800200c9a66","name":"Area","category":"Technical flow properties","refUnit":"m2"},"uncertainty":{"@type":"Uncertainty","distributionType":"LOG_NORMAL_DISTRIBUTION","geomMean":6.0E-5,"geomSd":1.327496581984024}},{"@type":"Exchange","isAvoidedProduct":false,"isInput":true,"amount":3.6647E-5,"dqEntry":"(1;1;3;1;1)","description":"burden from wastewater treatment of the short-term leachate and incineration of sludge from this wastewater treatment. ","internalId":11,"flow":{"@type":"Flow","@id":"1125e767-7b5d-442e-81d6-9b0d3e1919ac","name":"heat, district or industrial, natural gas","category":"D:Electricity, gas, steam and air conditioning supply/35:Electricity, gas, steam and air conditioning supply/353:Steam and air conditioning supply/3530:Steam and air conditioning supply","flowType":"PRODUCT_FLOW","refUnit":"MJ"},"unit":{"@type":"Unit","@id":"52765a6c-3896-43c2-b2f4-c679acf13efe","name":"MJ"},"flowProperty":{"@type":"FlowProperty","@id":"f6811440-ee37-11de-8a39-0800200c9a66","name":"Energy","category":"Technical flow properties","refUnit":"MJ"},"uncertainty":{"@type":"Uncertainty","distributionType":"LOG_NORMAL_DISTRIBUTION","geomMean":3.665E-5,"geomSd":1.0},"defaultProvider":{"@type":"Process","@id":"41ab0e09-17dc-320b-aaea-2aa2a0b089d5","name":"market group for heat, district or industrial, natural gas | heat, district or industrial, natural gas | Cutoff, U","category":"D:Electricity, gas, steam and air conditioning supply/35:Electricity, gas, steam and air conditioning supply/353:Steam and air conditioning supply/3530:Steam and air conditioning supply","processType":"UNIT_PROCESS","flowType":"PRODUCT_FLOW","location":"GLO"}},{"@type":"Exchange","isAvoidedProduct":false,"isInput":false,"amount":2.0252395030627742E-7,"dqEntry":"(1;1;1;1;1)","description":"burden from wastewater treatment of the short-term leachate (0-100a). ","internalId":36,"flow":{"@type":"Flow","@id":"d51e5a32-c20a-4da6-8d58-31f344b50c00","name":"waste graphical paper","category":"E:Water supply; sewerage, waste management and remediation activities/38:Waste collection, treatment and disposal activities; materials recovery/382:Waste treatment and disposal/3821:Treatment and disposal of non-hazardous waste","flowType":"WASTE_FLOW","refUnit":"kg"},"unit":{"@type":"Unit","@id":"20aadc24-a391-41cf-b340-3e4529f44bde","name":"kg"},"flowProperty":{"@type":"FlowProperty","@id":"93a60a56-a3c8-11da-a746-0800200b9a66","name":"Mass","category":"Technical flow properties","refUnit":"kg"},"uncertainty":{"@type":"Uncertainty","distributionType":"LOG_NORMAL_DISTRIBUTION","geomMean":-3.038E-5,"geomSd":1.0301305258664624},"defaultProvider":{"@type":"Process","@id":"bff56375-1b27-300f-8a80-b1c476c1bad8","name":"market for waste graphical paper | waste graphical paper | Cutoff, U","category":"D:Electricity, gas, steam and air conditioning supply/E:Water supply; sewerage, waste management and remediation activities/38:Waste collection, treatment and disposal activities; materials recovery/382:Waste treatment and disposal/3821:Treatment and disposal of non-hazardous waste","processType":"UNIT_PROCESS","flowType":"WASTE_FLOW","location":"CO"}},{"@type":"Exchange","isAvoidedProduct":false,"isInput":false,"amount":1.6796E-6,"dqEntry":"(1;1;3;1;1)","description":"Emissions from long-term leachate (\u003e100a) directly from MSW landfill and indirectly via incineration of treatement sludge from leachate treatement. ","internalId":54,"flow":{"@type":"Flow","@id":"ef475b50-9cd0-4e7c-9c59-07868fe16e91","name":"Chromium VI","category":"Elementary flows/Emission to water/ground water, long-term","flowType":"ELEMENTARY_FLOW","refUnit":"kg"},"unit":{"@type":"Unit","@id":"20aadc24-a391-41cf-b340-3e4529f44bde","name":"kg"},"flowProperty":{"@type":"FlowProperty","@id":"93a60a56-a3c8-11da-a746-0800200b9a66","name":"Mass","category":"Technical flow properties","refUnit":"kg"},"uncertainty":{"@type":"Uncertainty","distributionType":"LOG_NORMAL_DISTRIBUTION","geomMean":1.68E-6,"geomSd":3.956766717820275}},{"@type":"Exchange","isAvoidedProduct":false,"isInput":false,"amount":0.14226,"dqEntry":"(1;1;3;1;1)","description":"burden from long-term decomposition of waste (\u003e100a). ","internalId":56,"flow":{"@type":"Flow","@id":"dca43ede-b779-47a7-b2e7-cb4e7b12c3da","name":"Heat, waste","category":"Elementary flows/Emission to water/ground water, long-term","flowType":"ELEMENTARY_FLOW","refUnit":"MJ"},"unit":{"@type":"Unit","@id":"52765a6c-3896-43c2-b2f4-c679acf13efe","name":"MJ"},"flowProperty":{"@type":"FlowProperty","@id":"f6811440-ee37-11de-8a39-0800200c9a66","name":"Energy","category":"Technical flow properties","refUnit":"MJ"},"uncertainty":{"@type":"Uncertainty","distributionType":"LOG_NORMAL_DISTRIBUTION","geomMean":0.1423,"geomSd":1.1180326804169405}},{"@type":"Exchange","isAvoidedProduct":false,"isInput":false,"amount":7.318044272095761E-7,"dqEntry":"(1;1;1;1;1)","description":"burden from wastewater treatment of the short-term leachate (0-100a). ","internalId":39,"flow":{"@type":"Flow","@id":"d51e5a32-c20a-4da6-8d58-31f344b50c00","name":"waste graphical paper","category":"E:Water supply; sewerage, waste management and remediation activities/38:Waste collection, treatment and disposal activities; materials recovery/382:Waste treatment and disposal/3821:Treatment and disposal of non-hazardous waste","flowType":"WASTE_FLOW","refUnit":"kg"},"unit":{"@type":"Unit","@id":"20aadc24-a391-41cf-b340-3e4529f44bde","name":"kg"},"flowProperty":{"@type":"FlowProperty","@id":"93a60a56-a3c8-11da-a746-0800200b9a66","name":"Mass","category":"Technical flow properties","refUnit":"kg"},"uncertainty":{"@type":"Uncertainty","distributionType":"LOG_NORMAL_DISTRIBUTION","geomMean":-3.038E-5,"geomSd":1.0301305258664624},"defaultProvider":{"@type":"Process","@id":"ea0cd01d-adc5-397b-948f-aecb55c7cfe6","name":"market for waste graphical paper | waste graphical paper | Cutoff, U","category":"D:Electricity, gas, steam and air conditioning supply/E:Water supply; sewerage, waste management and remediation activities/38:Waste collection, treatment and disposal activities; materials recovery/382:Waste treatment and disposal/3821:Treatment and disposal of non-hazardous waste","processType":"UNIT_PROCESS","flowType":"WASTE_FLOW","location":"IN"}},{"@type":"Exchange","isAvoidedProduct":false,"isInput":true,"amount":0.048387,"dqEntry":"(1;1;3;1;1)","description":"for waste distribution and compaction, construction diesel for base and compartment seals, for access street and sewer construction. ","internalId":4,"flow":{"@type":"Flow","@id":"b0f4c2fb-5081-474a-8ffa-1457da8345db","name":"diesel, burned in building machine","category":"F:Construction/43:Specialized construction activities/431:Demolition and site preparation/4312:Site preparation","flowType":"PRODUCT_FLOW","refUnit":"MJ"},"unit":{"@type":"Unit","@id":"52765a6c-3896-43c2-b2f4-c679acf13efe","name":"MJ"},"flowProperty":{"@type":"FlowProperty","@id":"f6811440-ee37-11de-8a39-0800200c9a66","name":"Energy","category":"Technical flow properties","refUnit":"MJ"},"uncertainty":{"@type":"Uncertainty","distributionType":"LOG_NORMAL_DISTRIBUTION","geomMean":0.04839,"geomSd":1.327496581984024},"defaultProvider":{"@type":"Process","@id":"8dab9d21-fb4d-39ee-a5af-2182002215d0","name":"market for diesel, burned in building machine | diesel, burned in building machine | Cutoff, U","category":"F:Construction/43:Specialized construction activities/431:Demolition and site preparation/4312:Site preparation","processType":"UNIT_PROCESS","flowType":"PRODUCT_FLOW","location":"GLO"}},{"@type":"Exchange","isAvoidedProduct":false,"isInput":true,"amount":0.0015,"dqEntry":"(1;1;3;1;1)","description":"for landfill operation phase. ","internalId":62,"flow":{"@type":"Flow","@id":"1eaa9ea4-40b8-414a-b198-5626400372e1","name":"Occupation, dump site","category":"Elementary flows/Resource/land","flowType":"ELEMENTARY_FLOW","refUnit":"m2*a"},"unit":{"@type":"Unit","@id":"c7266b67-4ea2-457f-b391-9b94e26e195a","name":"m2*a"},"flowProperty":{"@type":"FlowProperty","@id":"93a60a56-a3c8-21da-a746-0800200c9a66","name":"Area*time","category":"Technical flow properties","refUnit":"m2*a"},"uncertainty":{"@type":"Uncertainty","distributionType":"LOG_NORMAL_DISTRIBUTION","geomMean":0.0015,"geomSd":1.327496581984024}},{"@type":"Exchange","isAvoidedProduct":false,"isInput":false,"amount":3.2570824909204867E-6,"dqEntry":"(1;1;1;1;1)","description":"burden from wastewater treatment of the short-term leachate (0-100a). ","internalId":35,"flow":{"@type":"Flow","@id":"d51e5a32-c20a-4da6-8d58-31f344b50c00","name":"waste graphical paper","category":"E:Water supply; sewerage, waste management and remediation activities/38:Waste collection, treatment and disposal activities; materials recovery/382:Waste treatment and disposal/3821:Treatment and disposal of non-hazardous waste","flowType":"WASTE_FLOW","refUnit":"kg"},"unit":{"@type":"Unit","@id":"20aadc24-a391-41cf-b340-3e4529f44bde","name":"kg"},"flowProperty":{"@type":"FlowProperty","@id":"93a60a56-a3c8-11da-a746-0800200b9a66","name":"Mass","category":"Technical flow properties","refUnit":"kg"},"uncertainty":{"@type":"Uncertainty","distributionType":"LOG_NORMAL_DISTRIBUTION","geomMean":-3.038E-5,"geomSd":1.0301305258664624},"defaultProvider":{"@type":"Process","@id":"65e3786f-2ac4-379a-816b-e361ce6e6c60","name":"market group for waste graphical paper | waste graphical paper | Cutoff, U","category":"D:Electricity, gas, steam and air conditioning supply/E:Water supply; sewerage, waste management and remediation activities/38:Waste collection, treatment and disposal activities; materials recovery/382:Waste treatment and disposal/3821:Treatment and disposal of non-hazardous waste","processType":"UNIT_PROCESS","flowType":"WASTE_FLOW","location":"RER"}},{"@type":"Exchange","isAvoidedProduct":false,"isInput":true,"amount":3.8775E-4,"dqEntry":"(1;1;3;1;1)","description":"excavation work for landfill construction, sewer construction and recultivation. ","internalId":7,"flow":{"@type":"Flow","@id":"d67e647c-1f74-4961-81c0-5b144f1ca082","name":"excavation, skid-steer loader","category":"F:Construction/43:Specialized construction activities/431:Demolition and site preparation/4312:Site preparation","flowType":"PRODUCT_FLOW","refUnit":"m3"},"unit":{"@type":"Unit","@id":"1c3a9695-398d-4b1f-b07e-a8715b610f70","name":"m3"},"flowProperty":{"@type":"FlowProperty","@id":"93a60a56-a3c8-22da-a746-0800200c9a66","name":"Volume","category":"Technical flow properties","refUnit":"m3"},"uncertainty":{"@type":"Uncertainty","distributionType":"LOG_NORMAL_DISTRIBUTION","geomMean":3.878E-4,"geomSd":1.327496581984024},"defaultProvider":{"@type":"Process","@id":"5640b3de-348b-3e4e-810a-455aff09b345","name":"market for excavation, skid-steer loader | excavation, skid-steer loader | Cutoff, U","category":"F:Construction/43:Specialized construction activities/431:Demolition and site preparation/4312:Site preparation","processType":"UNIT_PROCESS","flowType":"PRODUCT_FLOW","location":"GLO"}},{"@type":"Exchange","isAvoidedProduct":false,"isInput":true,"amount":1.1147E-11,"dqEntry":"(1;1;3;1;1)","description":"burden from wastewater treatment of the short-term leachate (0-100a). ","internalId":50,"flow":{"@type":"Flow","@id":"0d978369-c529-46f1-97b8-bdb539bf31ba","name":"wastewater treatment facility, capacity 5E9l/year","category":"F:Construction/42:Civil engineering/422:Construction of utility projects/4220:Construction of utility projects","flowType":"PRODUCT_FLOW","refUnit":"Item(s)"},"unit":{"@type":"Unit","@id":"6dabe201-aaac-4509-92f0-d00c26cb72ab","name":"Item(s)"},"flowProperty":{"@type":"FlowProperty","@id":"01846770-4cfe-4a25-8ad9-919d8d378345","name":"Number of items","category":"Technical flow properties","refUnit":"Item(s)"},"uncertainty":{"@type":"Uncertainty","distributionType":"LOG_NORMAL_DISTRIBUTION","geomMean":1.115E-11,"geomSd":1.0246950759675768},"defaultProvider":{"@type":"Process","@id":"a9876f13-30b9-384c-90ef-9423d09388a9","name":"market for wastewater treatment facility, capacity 5E9l/year | wastewater treatment facility, capacity 5E9l/year | Cutoff, U","category":"F:Construction/42:Civil engineering/422:Construction of utility projects/4220:Construction of utility projects","processType":"UNIT_PROCESS","flowType":"PRODUCT_FLOW","location":"GLO"}},{"@type":"Exchange","isAvoidedProduct":false,"isInput":false,"amount":1.9589E-4,"dqEntry":"(1;1;3;1;1)","description":"Emissions from long-term leachate (\u003e100a) directly from MSW landfill and indirectly via incineration of treatement sludge from leachate treatement. ","internalId":53,"flow":{"@type":"Flow","@id":"ea70cc93-c68c-4228-8b8e-1b189b4c705c","name":"Chloride","category":"Elementary flows/Emission to water/ground water, long-term","flowType":"ELEMENTARY_FLOW","refUnit":"kg"},"unit":{"@type":"Unit","@id":"20aadc24-a391-41cf-b340-3e4529f44bde","name":"kg"},"flowProperty":{"@type":"FlowProperty","@id":"93a60a56-a3c8-11da-a746-0800200b9a66","name":"Mass","category":"Technical flow properties","refUnit":"kg"},"uncertainty":{"@type":"Uncertainty","distributionType":"LOG_NORMAL_DISTRIBUTION","geomMean":1.959E-4,"geomSd":1.5953055829239702}},{"@type":"Exchange","isAvoidedProduct":false,"isInput":false,"amount":0.064472,"dqEntry":"(1;1;3;1;1)","description":"Emissions from long-term leachate (\u003e100a) directly from MSW landfill and indirectly via incineration of treatement sludge from leachate treatement. ","internalId":59,"flow":{"@type":"Flow","@id":"fb83d61e-6fe3-4da7-8eb2-b0e2dc85a76d","name":"Sodium I","category":"Elementary flows/Emission to water/ground water, long-term","flowType":"ELEMENTARY_FLOW","refUnit":"kg"},"unit":{"@type":"Unit","@id":"20aadc24-a391-41cf-b340-3e4529f44bde","name":"kg"},"flowProperty":{"@type":"FlowProperty","@id":"93a60a56-a3c8-11da-a746-0800200b9a66","name":"Mass","category":"Technical flow properties","refUnit":"kg"},"uncertainty":{"@type":"Uncertainty","distributionType":"LOG_NORMAL_DISTRIBUTION","geomMean":0.06447,"geomSd":1.223150477199104}},{"@type":"Exchange","isAvoidedProduct":false,"isInput":true,"amount":3.8775E-4,"dqEntry":"(1;1;3;1;1)","description":"excavation work for landfill construction, sewer construction and recultivation. ","internalId":6,"flow":{"@type":"Flow","@id":"0c826417-e870-4c43-95c4-b38ff2ff47d2","name":"excavation, hydraulic digger","category":"F:Construction/43:Specialized construction activities/431:Demolition and site preparation/4312:Site preparation","flowType":"PRODUCT_FLOW","refUnit":"m3"},"unit":{"@type":"Unit","@id":"1c3a9695-398d-4b1f-b07e-a8715b610f70","name":"m3"},"flowProperty":{"@type":"FlowProperty","@id":"93a60a56-a3c8-22da-a746-0800200c9a66","name":"Volume","category":"Technical flow properties","refUnit":"m3"},"uncertainty":{"@type":"Uncertainty","distributionType":"LOG_NORMAL_DISTRIBUTION","geomMean":3.878E-4,"geomSd":1.327496581984024},"defaultProvider":{"@type":"Process","@id":"caf4a312-a024-35fb-a660-3c6d2fd5f7b6","name":"market for excavation, hydraulic digger | excavation, hydraulic digger | Cutoff, U","category":"F:Construction/43:Specialized construction activities/431:Demolition and site preparation/4312:Site preparation","processType":"UNIT_PROCESS","flowType":"PRODUCT_FLOW","location":"GLO"}},{"@type":"Exchange","isAvoidedProduct":false,"isInput":true,"amount":5.0E-5,"dqEntry":"(1;1;3;1;1)","description":"conversion after landfill operation. ","internalId":65,"flow":{"@type":"Flow","@id":"b79e26a0-88db-441f-b79b-508506e81b93","name":"Transformation, from dump site, sanitary landfill","category":"Elementary flows/Resource/land","flowType":"ELEMENTARY_FLOW","refUnit":"m2"},"unit":{"@type":"Unit","@id":"3ce61faa-5716-41c1-aef6-b5920054acc9","name":"m2"},"flowProperty":{"@type":"FlowProperty","@id":"93a60a56-a3c8-19da-a746-0800200c9a66","name":"Area","category":"Technical flow properties","refUnit":"m2"},"uncertainty":{"@type":"Uncertainty","distributionType":"LOG_NORMAL_DISTRIBUTION","geomMean":5.0E-5,"geomSd":1.327496581984024}},{"@type":"Exchange","isAvoidedProduct":false,"isInput":true,"amount":0.0016374,"dqEntry":"(1;1;3;1;1)","description":"burden from wastewater treatment of the short-term leachate (0-100a) and landfill administrative building space heat demand. ","internalId":12,"flow":{"@type":"Flow","@id":"71e2f1db-a2c5-44d0-8337-dfff15be974d","name":"heat, district or industrial, other than natural gas","category":"D:Electricity, gas, steam and air conditioning supply/35:Electricity, gas, steam and air conditioning supply/353:Steam and air conditioning supply/3530:Steam and air conditioning supply","flowType":"PRODUCT_FLOW","refUnit":"MJ"},"unit":{"@type":"Unit","@id":"52765a6c-3896-43c2-b2f4-c679acf13efe","name":"MJ"},"flowProperty":{"@type":"FlowProperty","@id":"f6811440-ee37-11de-8a39-0800200c9a66","name":"Energy","category":"Technical flow properties","refUnit":"MJ"},"uncertainty":{"@type":"Uncertainty","distributionType":"LOG_NORMAL_DISTRIBUTION","geomMean":0.001637,"geomSd":1.0734397237726208},"defaultProvider":{"@type":"Process","@id":"0372ec47-72c7-3d59-acd1-042cd90592d2","name":"market group for heat, district or industrial, other than natural gas | heat, district or industrial, other than natural gas | Cutoff, U","category":"D:Electricity, gas, steam and air conditioning supply/35:Electricity, gas, steam and air conditioning supply/353:Steam and air conditioning supply/3530:Steam and air conditioning supply","processType":"UNIT_PROCESS","flowType":"PRODUCT_FLOW","location":"GLO"}},{"@type":"Exchange","isAvoidedProduct":false,"isInput":false,"amount":9.310251666853754E-8,"dqEntry":"(1;1;1;1;1)","description":"burden from wastewater treatment of the short-term leachate (0-100a). ","internalId":43,"flow":{"@type":"Flow","@id":"88afd721-07ec-4910-a004-fa3fecb6bf70","name":"waste plastic, mixture","category":"E:Water supply; sewerage, waste management and remediation activities/38:Waste collection, treatment and disposal activities; materials recovery/382:Waste treatment and disposal/3821:Treatment and disposal of non-hazardous waste","flowType":"WASTE_FLOW","refUnit":"kg"},"unit":{"@type":"Unit","@id":"20aadc24-a391-41cf-b340-3e4529f44bde","name":"kg"},"flowProperty":{"@type":"FlowProperty","@id":"93a60a56-a3c8-11da-a746-0800200b9a66","name":"Mass","category":"Technical flow properties","refUnit":"kg"},"uncertainty":{"@type":"Uncertainty","distributionType":"LOG_NORMAL_DISTRIBUTION","geomMean":-3.038E-5,"geomSd":1.0301305258664624},"defaultProvider":{"@type":"Process","@id":"99be6211-e3f1-3b0c-b9bb-a33dc709e9ba","name":"market for waste plastic, mixture | waste plastic, mixture | Cutoff, U","category":"D:Electricity, gas, steam and air conditioning supply/E:Water supply; sewerage, waste management and remediation activities/38:Waste collection, treatment and disposal activities; materials recovery/382:Waste treatment and disposal/3821:Treatment and disposal of non-hazardous waste","processType":"UNIT_PROCESS","flowType":"WASTE_FLOW","location":"IN"}},{"@type":"Exchange","isAvoidedProduct":false,"isInput":false,"amount":3.3735899395003832E-6,"dqEntry":"(1;1;1;1;1)","description":"burden from wastewater treatment of the short-term leachate (0-100a). ","internalId":44,"flow":{"@type":"Flow","@id":"88afd721-07ec-4910-a004-fa3fecb6bf70","name":"waste plastic, mixture","category":"E:Water supply; sewerage, waste management and remediation activities/38:Waste collection, treatment and disposal activities; materials recovery/382:Waste treatment and disposal/3821:Treatment and disposal of non-hazardous waste","flowType":"WASTE_FLOW","refUnit":"kg"},"unit":{"@type":"Unit","@id":"20aadc24-a391-41cf-b340-3e4529f44bde","name":"kg"},"flowProperty":{"@type":"FlowProperty","@id":"93a60a56-a3c8-11da-a746-0800200b9a66","name":"Mass","category":"Technical flow properties","refUnit":"kg"},"uncertainty":{"@type":"Uncertainty","distributionType":"LOG_NORMAL_DISTRIBUTION","geomMean":-3.038E-5,"geomSd":1.0301305258664624},"defaultProvider":{"@type":"Process","@id":"acce4f59-3df9-32b6-9594-fe489655b3fe","name":"market for waste plastic, mixture | waste plastic, mixture | Cutoff, U","category":"D:Electricity, gas, steam and air conditioning supply/E:Water supply; sewerage, waste management and remediation activities/38:Waste collection, treatment and disposal activities; materials recovery/382:Waste treatment and disposal/3821:Treatment and disposal of non-hazardous waste","processType":"UNIT_PROCESS","flowType":"WASTE_FLOW","location":"BR"}},{"@type":"Exchange","isAvoidedProduct":false,"isInput":true,"amount":2.5E-4,"dqEntry":"(1;1;3;1;1)","description":"for construction phase of the landfill. ","internalId":61,"flow":{"@type":"Flow","@id":"4b6b9b76-3199-4bd0-b11d-f8f2efbeac4e","name":"Occupation, construction site","category":"Elementary flows/Resource/land","flowType":"ELEMENTARY_FLOW","refUnit":"m2*a"},"unit":{"@type":"Unit","@id":"c7266b67-4ea2-457f-b391-9b94e26e195a","name":"m2*a"},"flowProperty":{"@type":"FlowProperty","@id":"93a60a56-a3c8-21da-a746-0800200c9a66","name":"Area*time","category":"Technical flow properties","refUnit":"m2*a"},"uncertainty":{"@type":"Uncertainty","distributionType":"LOG_NORMAL_DISTRIBUTION","geomMean":2.5E-4,"geomSd":1.327496581984024}},{"@type":"Exchange","isAvoidedProduct":false,"isInput":true,"amount":8.7158E-6,"dqEntry":"(1;1;3;1;1)","description":"for sewer auxiliary materials. ","internalId":24,"flow":{"@type":"Flow","@id":"9ba48284-0f03-4fec-800d-de77833b12f6","name":"reinforcing steel","category":"C:Manufacturing/24:Manufacture of basic metals/241:Manufacture of basic iron and steel/2410:Manufacture of basic iron and steel","flowType":"PRODUCT_FLOW","refUnit":"kg"},"unit":{"@type":"Unit","@id":"20aadc24-a391-41cf-b340-3e4529f44bde","name":"kg"},"flowProperty":{"@type":"FlowProperty","@id":"93a60a56-a3c8-11da-a746-0800200b9a66","name":"Mass","category":"Technical flow properties","refUnit":"kg"},"uncertainty":{"@type":"Uncertainty","distributionType":"LOG_NORMAL_DISTRIBUTION","geomMean":8.716E-6,"geomSd":1.327496581984024},"defaultProvider":{"@type":"Process","@id":"f2c3403c-cb58-3ab6-b8d2-143d39b53e13","name":"market for reinforcing steel | reinforcing steel | Cutoff, U","category":"C:Manufacturing/24:Manufacture of basic metals/241:Manufacture of basic iron and steel/2410:Manufacture of basic iron and steel","processType":"UNIT_PROCESS","flowType":"PRODUCT_FLOW","location":"GLO"}},{"@type":"Exchange","isAvoidedProduct":false,"isInput":true,"amount":1.0116954794159144E-6,"dqEntry":"(1;1;3;1;1)","description":"for sewer auxiliary materials. ","internalId":26,"flow":{"@type":"Flow","@id":"f51d7ccf-0bee-430d-98a3-8334adbe39fc","name":"sand","category":"B:Mining and quarrying/08:Other mining and quarrying/081:Quarrying of stone, sand and clay/0810:Quarrying of stone, sand and clay","flowType":"PRODUCT_FLOW","refUnit":"kg"},"unit":{"@type":"Unit","@id":"20aadc24-a391-41cf-b340-3e4529f44bde","name":"kg"},"flowProperty":{"@type":"FlowProperty","@id":"93a60a56-a3c8-11da-a746-0800200b9a66","name":"Mass","category":"Technical flow properties","refUnit":"kg"},"uncertainty":{"@type":"Uncertainty","distributionType":"LOG_NORMAL_DISTRIBUTION","geomMean":6.687E-5,"geomSd":1.327496581984024},"defaultProvider":{"@type":"Process","@id":"8afde2ed-4733-3608-b599-a0edf3edde6e","name":"market for sand | sand | Cutoff, U","category":"C:Manufacturing/B:Mining and quarrying/08:Other mining and quarrying/081:Quarrying of stone, sand and clay/0810:Quarrying of stone, sand and clay","processType":"UNIT_PROCESS","flowType":"PRODUCT_FLOW","location":"BR"}},{"@type":"Exchange","isAvoidedProduct":false,"isInput":true,"amount":1.0934541430750813E-4,"dqEntry":"(1;1;3;1;1)","description":"for base and compartment seals and access street construction. ","internalId":17,"flow":{"@type":"Flow","@id":"e7a17355-8575-4be4-8c51-85e38b19b3f3","name":"pitch","category":"C:Manufacturing/19:Manufacture of coke and refined petroleum products/192:Manufacture of refined petroleum products/1920:Manufacture of refined petroleum products","flowType":"PRODUCT_FLOW","refUnit":"kg"},"unit":{"@type":"Unit","@id":"20aadc24-a391-41cf-b340-3e4529f44bde","name":"kg"},"flowProperty":{"@type":"FlowProperty","@id":"93a60a56-a3c8-11da-a746-0800200b9a66","name":"Mass","category":"Technical flow properties","refUnit":"kg"},"uncertainty":{"@type":"Uncertainty","distributionType":"LOG_NORMAL_DISTRIBUTION","geomMean":0.002388,"geomSd":1.327496581984024},"defaultProvider":{"@type":"Process","@id":"98d1ec2f-8ce9-3a0e-9d15-cec481ee12c0","name":"market for pitch | pitch | Cutoff, U","category":"C:Manufacturing/19:Manufacture of coke and refined petroleum products/192:Manufacture of refined petroleum products/1920:Manufacture of refined petroleum products","processType":"UNIT_PROCESS","flowType":"PRODUCT_FLOW","location":"BR"}},{"@type":"Exchange","isAvoidedProduct":false,"isInput":true,"amount":0.1600983636,"dqEntry":"(1;1;3;1;1)","description":"for base and flank gravel beds and concrete, for access street, for drainage beds, for recultivation layer. ","internalId":9,"flow":{"@type":"Flow","@id":"fd3ee522-16db-41e4-967f-8bffe0b0ea87","name":"gravel, round","category":"B:Mining and quarrying/08:Other mining and quarrying/081:Quarrying of stone, sand and clay/0810:Quarrying of stone, sand and clay","flowType":"PRODUCT_FLOW","refUnit":"kg"},"unit":{"@type":"Unit","@id":"20aadc24-a391-41cf-b340-3e4529f44bde","name":"kg"},"flowProperty":{"@type":"FlowProperty","@id":"93a60a56-a3c8-11da-a746-0800200b9a66","name":"Mass","category":"Technical flow properties","refUnit":"kg"},"uncertainty":{"@type":"Uncertainty","distributionType":"LOG_NORMAL_DISTRIBUTION","geomMean":0.1601,"geomSd":1.327496581984024},"defaultProvider":{"@type":"Process","@id":"b8aeab36-665c-3264-9cdd-22d76734d3b1","name":"market for gravel, round | gravel, round | Cutoff, U","category":"C:Manufacturing/B:Mining and quarrying/08:Other mining and quarrying/081:Quarrying of stone, sand and clay/0810:Quarrying of stone, sand and clay","processType":"UNIT_PROCESS","flowType":"PRODUCT_FLOW","location":"RoW"}},{"@type":"Exchange","isAvoidedProduct":false,"isInput":true,"amount":2.5E-4,"dqEntry":"(1;1;3;1;1)","description":"restoration and aftercare phase. ","internalId":63,"flow":{"@type":"Flow","@id":"c199261c-8234-43c5-b906-5b67707e4395","name":"Occupation, shrub land, sclerophyllous","category":"Elementary flows/Resource/land","flowType":"ELEMENTARY_FLOW","refUnit":"m2*a"},"unit":{"@type":"Unit","@id":"c7266b67-4ea2-457f-b391-9b94e26e195a","name":"m2*a"},"flowProperty":{"@type":"FlowProperty","@id":"93a60a56-a3c8-21da-a746-0800200c9a66","name":"Area*time","category":"Technical flow properties","refUnit":"m2*a"},"uncertainty":{"@type":"Uncertainty","distributionType":"LOG_NORMAL_DISTRIBUTION","geomMean":2.5E-4,"geomSd":1.327496581984024}},{"@type":"Exchange","isAvoidedProduct":false,"isInput":false,"amount":2.2541027533745202E-7,"dqEntry":"(1;1;1;1;1)","description":"burden from wastewater treatment of the short-term leachate (0-100a). ","internalId":47,"flow":{"@type":"Flow","@id":"88afd721-07ec-4910-a004-fa3fecb6bf70","name":"waste plastic, mixture","category":"E:Water supply; sewerage, waste management and remediation activities/38:Waste collection, treatment and disposal activities; materials recovery/382:Waste treatment and disposal/3821:Treatment and disposal of non-hazardous waste","flowType":"WASTE_FLOW","refUnit":"kg"},"unit":{"@type":"Unit","@id":"20aadc24-a391-41cf-b340-3e4529f44bde","name":"kg"},"flowProperty":{"@type":"FlowProperty","@id":"93a60a56-a3c8-11da-a746-0800200b9a66","name":"Mass","category":"Technical flow properties","refUnit":"kg"},"uncertainty":{"@type":"Uncertainty","distributionType":"LOG_NORMAL_DISTRIBUTION","geomMean":-3.038E-5,"geomSd":1.0301305258664624},"defaultProvider":{"@type":"Process","@id":"947d1bb2-084b-3acc-8bd5-42114ae074e2","name":"market for waste plastic, mixture | waste plastic, mixture | Cutoff, U","category":"D:Electricity, gas, steam and air conditioning supply/E:Water supply; sewerage, waste management and remediation activities/38:Waste collection, treatment and disposal activities; materials recovery/382:Waste treatment and disposal/3821:Treatment and disposal of non-hazardous waste","processType":"UNIT_PROCESS","flowType":"WASTE_FLOW","location":"CO"}},{"@type":"Exchange","isAvoidedProduct":false,"isInput":false,"amount":7.135701378055639E-8,"dqEntry":"(1;1;1;1;1)","description":"burden from wastewater treatment of the short-term leachate (0-100a). ","internalId":37,"flow":{"@type":"Flow","@id":"d51e5a32-c20a-4da6-8d58-31f344b50c00","name":"waste graphical paper","category":"E:Water supply; sewerage, waste management and remediation activities/38:Waste collection, treatment and disposal activities; materials recovery/382:Waste treatment and disposal/3821:Treatment and disposal of non-hazardous waste","flowType":"WASTE_FLOW","refUnit":"kg"},"unit":{"@type":"Unit","@id":"20aadc24-a391-41cf-b340-3e4529f44bde","name":"kg"},"flowProperty":{"@type":"FlowProperty","@id":"93a60a56-a3c8-11da-a746-0800200b9a66","name":"Mass","category":"Technical flow properties","refUnit":"kg"},"uncertainty":{"@type":"Uncertainty","distributionType":"LOG_NORMAL_DISTRIBUTION","geomMean":-3.038E-5,"geomSd":1.0301305258664624},"defaultProvider":{"@type":"Process","@id":"97019033-edf6-3b5d-b8d2-97bf82ca7323","name":"market for waste graphical paper | waste graphical paper | Cutoff, U","category":"D:Electricity, gas, steam and air conditioning supply/E:Water supply; sewerage, waste management and remediation activities/38:Waste collection, treatment and disposal activities; materials recovery/382:Waste treatment and disposal/3821:Treatment and disposal of non-hazardous waste","processType":"UNIT_PROCESS","flowType":"WASTE_FLOW","location":"PE"}},{"@type":"Exchange","isAvoidedProduct":false,"isInput":false,"amount":1.770888368773234E-8,"dqEntry":"(1;1;1;1;1)","description":"burden from wastewater treatment of the short-term leachate (0-100a). ","internalId":41,"flow":{"@type":"Flow","@id":"d51e5a32-c20a-4da6-8d58-31f344b50c00","name":"waste graphical paper","category":"E:Water supply; sewerage, waste management and remediation activities/38:Waste collection, treatment and disposal activities; materials recovery/382:Waste treatment and disposal/3821:Treatment and disposal of non-hazardous waste","flowType":"WASTE_FLOW","refUnit":"kg"},"unit":{"@type":"Unit","@id":"20aadc24-a391-41cf-b340-3e4529f44bde","name":"kg"},"flowProperty":{"@type":"FlowProperty","@id":"93a60a56-a3c8-11da-a746-0800200b9a66","name":"Mass","category":"Technical flow properties","refUnit":"kg"},"uncertainty":{"@type":"Uncertainty","distributionType":"LOG_NORMAL_DISTRIBUTION","geomMean":-3.038E-5,"geomSd":1.0301305258664624},"defaultProvider":{"@type":"Process","@id":"5535a278-9b5b-3b67-976d-3f3ab39ba79f","name":"market for waste graphical paper | waste graphical paper | Cutoff, U","category":"D:Electricity, gas, steam and air conditioning supply/E:Water supply; sewerage, waste management and remediation activities/38:Waste collection, treatment and disposal activities; materials recovery/382:Waste treatment and disposal/3821:Treatment and disposal of non-hazardous waste","processType":"UNIT_PROCESS","flowType":"WASTE_FLOW","location":"CY"}},{"@type":"Exchange","isAvoidedProduct":false,"isInput":false,"amount":3.9178E-6,"dqEntry":"(1;1;3;1;1)","description":"Emissions from long-term leachate (\u003e100a) directly from MSW landfill and indirectly via incineration of treatement sludge from leachate treatement. ","internalId":60,"flow":{"@type":"Flow","@id":"bdce3a7c-e008-4391-be26-285f71a02453","name":"Zinc II","category":"Elementary flows/Emission to water/ground water, long-term","flowType":"ELEMENTARY_FLOW","refUnit":"kg"},"unit":{"@type":"Unit","@id":"20aadc24-a391-41cf-b340-3e4529f44bde","name":"kg"},"flowProperty":{"@type":"FlowProperty","@id":"93a60a56-a3c8-11da-a746-0800200b9a66","name":"Mass","category":"Technical flow properties","refUnit":"kg"},"uncertainty":{"@type":"Uncertainty","distributionType":"LOG_NORMAL_DISTRIBUTION","geomMean":3.918E-6,"geomSd":1.8035756055541996}},{"@type":"Exchange","isAvoidedProduct":false,"isInput":true,"amount":6.583693900214864E-5,"dqEntry":"(1;1;3;1;1)","description":"for sewer auxiliary materials. ","internalId":27,"flow":{"@type":"Flow","@id":"f51d7ccf-0bee-430d-98a3-8334adbe39fc","name":"sand","category":"B:Mining and quarrying/08:Other mining and quarrying/081:Quarrying of stone, sand and clay/0810:Quarrying of stone, sand and clay","flowType":"PRODUCT_FLOW","refUnit":"kg"},"unit":{"@type":"Unit","@id":"20aadc24-a391-41cf-b340-3e4529f44bde","name":"kg"},"flowProperty":{"@type":"FlowProperty","@id":"93a60a56-a3c8-11da-a746-0800200b9a66","name":"Mass","category":"Technical flow properties","refUnit":"kg"},"uncertainty":{"@type":"Uncertainty","distributionType":"LOG_NORMAL_DISTRIBUTION","geomMean":6.687E-5,"geomSd":1.327496581984024},"defaultProvider":{"@type":"Process","@id":"f88e9a47-be54-3a49-9a2e-68417b7ed29b","name":"market for sand | sand | Cutoff, U","category":"C:Manufacturing/B:Mining and quarrying/08:Other mining and quarrying/081:Quarrying of stone, sand and clay/0810:Quarrying of stone, sand and clay","processType":"UNIT_PROCESS","flowType":"PRODUCT_FLOW","location":"RoW"}},{"@type":"Exchange","isAvoidedProduct":false,"isInput":true,"amount":2.38238851512847E-6,"dqEntry":"(1;1;3;1;1)","description":"for base and compartment seals and access street construction. ","internalId":14,"flow":{"@type":"Flow","@id":"e7a17355-8575-4be4-8c51-85e38b19b3f3","name":"pitch","category":"C:Manufacturing/19:Manufacture of coke and refined petroleum products/192:Manufacture of refined petroleum products/1920:Manufacture of refined petroleum products","flowType":"PRODUCT_FLOW","refUnit":"kg"},"unit":{"@type":"Unit","@id":"20aadc24-a391-41cf-b340-3e4529f44bde","name":"kg"},"flowProperty":{"@type":"FlowProperty","@id":"93a60a56-a3c8-11da-a746-0800200b9a66","name":"Mass","category":"Technical flow properties","refUnit":"kg"},"uncertainty":{"@type":"Uncertainty","distributionType":"LOG_NORMAL_DISTRIBUTION","geomMean":0.002388,"geomSd":1.327496581984024},"defaultProvider":{"@type":"Process","@id":"104a0637-6792-3cb7-b9a7-b9908bee6af3","name":"market for pitch | pitch | Cutoff, U","category":"C:Manufacturing/19:Manufacture of coke and refined petroleum products/192:Manufacture of refined petroleum products/1920:Manufacture of refined petroleum products","processType":"UNIT_PROCESS","flowType":"PRODUCT_FLOW","location":"CH"}},{"@type":"Exchange","isAvoidedProduct":false,"isInput":true,"amount":6.9873E-5,"dqEntry":"(1;1;3;1;1)","description":"burden from wastewater treatment of the short-term leachate (0-100a) and landfill administrative building electricity consumption. ","internalId":5,"flow":{"@type":"Flow","@id":"d69294d7-8d64-4915-a896-9996a014c410","name":"electricity, low voltage","category":"D:Electricity, gas, steam and air conditioning supply/35:Electricity, gas, steam and air conditioning supply/351:Electric power generation, transmission and distribution/3510:Electric power generation, transmission and distribution","flowType":"PRODUCT_FLOW","refUnit":"MJ"},"unit":{"@type":"Unit","@id":"86ad2244-1f0e-4912-af53-7865283103e4","name":"kWh"},"flowProperty":{"@type":"FlowProperty","@id":"f6811440-ee37-11de-8a39-0800200c9a66","name":"Energy","category":"Technical flow properties","refUnit":"MJ"},"uncertainty":{"@type":"Uncertainty","distributionType":"LOG_NORMAL_DISTRIBUTION","geomMean":6.987E-5,"geomSd":1.031735606604719},"defaultProvider":{"@type":"Process","@id":"08104fab-8fac-3c28-9944-dca703f06834","name":"market group for electricity, low voltage | electricity, low voltage | Cutoff, U","category":"D:Electricity, gas, steam and air conditioning supply/35:Electricity, gas, steam and air conditioning supply/351:Electric power generation, transmission and distribution/3510:Electric power generation, transmission and distribution","processType":"UNIT_PROCESS","flowType":"PRODUCT_FLOW","location":"GLO"}},{"@type":"Exchange","isAvoidedProduct":false,"isInput":true,"amount":1.8048538307028324E-5,"dqEntry":"(1;1;3;1;1)","description":"for base and compartment seals and access street construction. ","internalId":18,"flow":{"@type":"Flow","@id":"e7a17355-8575-4be4-8c51-85e38b19b3f3","name":"pitch","category":"C:Manufacturing/19:Manufacture of coke and refined petroleum products/192:Manufacture of refined petroleum products/1920:Manufacture of refined petroleum products","flowType":"PRODUCT_FLOW","refUnit":"kg"},"unit":{"@type":"Unit","@id":"20aadc24-a391-41cf-b340-3e4529f44bde","name":"kg"},"flowProperty":{"@type":"FlowProperty","@id":"93a60a56-a3c8-11da-a746-0800200b9a66","name":"Mass","category":"Technical flow properties","refUnit":"kg"},"uncertainty":{"@type":"Uncertainty","distributionType":"LOG_NORMAL_DISTRIBUTION","geomMean":0.002388,"geomSd":1.327496581984024},"defaultProvider":{"@type":"Process","@id":"a75f314a-d288-396d-9426-5c4c4411cecc","name":"market for pitch | pitch | Cutoff, U","category":"C:Manufacturing/19:Manufacture of coke and refined petroleum products/192:Manufacture of refined petroleum products/1920:Manufacture of refined petroleum products","processType":"UNIT_PROCESS","flowType":"PRODUCT_FLOW","location":"ZA"}},{"@type":"Exchange","isAvoidedProduct":false,"isInput":true,"amount":4.16364E-5,"dqEntry":"(1;1;3;1;1)","description":"for base and flank gravel beds and concrete, for access street, for drainage beds, for recultivation layer. ","internalId":10,"flow":{"@type":"Flow","@id":"fd3ee522-16db-41e4-967f-8bffe0b0ea87","name":"gravel, round","category":"B:Mining and quarrying/08:Other mining and quarrying/081:Quarrying of stone, sand and clay/0810:Quarrying of stone, sand and clay","flowType":"PRODUCT_FLOW","refUnit":"kg"},"unit":{"@type":"Unit","@id":"20aadc24-a391-41cf-b340-3e4529f44bde","name":"kg"},"flowProperty":{"@type":"FlowProperty","@id":"93a60a56-a3c8-11da-a746-0800200b9a66","name":"Mass","category":"Technical flow properties","refUnit":"kg"},"uncertainty":{"@type":"Uncertainty","distributionType":"LOG_NORMAL_DISTRIBUTION","geomMean":0.1601,"geomSd":1.327496581984024},"defaultProvider":{"@type":"Process","@id":"b920b1d6-4f31-3496-87e8-469b78431a3b","name":"market for gravel, round | gravel, round | Cutoff, U","category":"C:Manufacturing/B:Mining and quarrying/08:Other mining and quarrying/081:Quarrying of stone, sand and clay/0810:Quarrying of stone, sand and clay","processType":"UNIT_PROCESS","flowType":"PRODUCT_FLOW","location":"CH"}},{"@type":"Exchange","isAvoidedProduct":false,"isInput":true,"amount":5.0E-5,"dqEntry":"(1;1;3;1;1)","description":"after restoration. ","internalId":67,"flow":{"@type":"Flow","@id":"17a5a406-333f-4b9e-8852-c2de50bc9585","name":"Transformation, from shrub land, sclerophyllous","category":"Elementary flows/Resource/land","flowType":"ELEMENTARY_FLOW","refUnit":"m2"},"unit":{"@type":"Unit","@id":"3ce61faa-5716-41c1-aef6-b5920054acc9","name":"m2"},"flowProperty":{"@type":"FlowProperty","@id":"93a60a56-a3c8-19da-a746-0800200c9a66","name":"Area","category":"Technical flow properties","refUnit":"m2"},"uncertainty":{"@type":"Uncertainty","distributionType":"LOG_NORMAL_DISTRIBUTION","geomMean":5.0E-5,"geomSd":1.327496581984024}},{"@type":"Exchange","isAvoidedProduct":false,"isInput":true,"amount":5.0E-5,"dqEntry":"(1;1;3;1;1)","description":"initial restoration and renaturation. ","internalId":70,"flow":{"@type":"Flow","@id":"9089d7ad-09b1-4174-a188-8844ebde2d5d","name":"Transformation, to shrub land, sclerophyllous","category":"Elementary flows/Resource/land","flowType":"ELEMENTARY_FLOW","refUnit":"m2"},"unit":{"@type":"Unit","@id":"3ce61faa-5716-41c1-aef6-b5920054acc9","name":"m2"},"flowProperty":{"@type":"FlowProperty","@id":"93a60a56-a3c8-19da-a746-0800200c9a66","name":"Area","category":"Technical flow properties","refUnit":"m2"},"uncertainty":{"@type":"Uncertainty","distributionType":"LOG_NORMAL_DISTRIBUTION","geomMean":5.0E-5,"geomSd":1.327496581984024}},{"@type":"Exchange","isAvoidedProduct":false,"isInput":false,"amount":1.9754E-4,"dqEntry":"(1;1;3;1;1)","description":"burden from incineration of sludge from wastewater treatment of the short-term leachate (0-100a). ","internalId":51,"flow":{"@type":"Flow","@id":"b411ec8b-c60a-4235-a3b2-8bf8443cbc55","name":"Heat, waste","category":"Elementary flows/Emission to air/high population density","flowType":"ELEMENTARY_FLOW","refUnit":"MJ"},"unit":{"@type":"Unit","@id":"52765a6c-3896-43c2-b2f4-c679acf13efe","name":"MJ"},"flowProperty":{"@type":"FlowProperty","@id":"f6811440-ee37-11de-8a39-0800200c9a66","name":"Energy","category":"Technical flow properties","refUnit":"MJ"},"uncertainty":{"@type":"Uncertainty","distributionType":"LOG_NORMAL_DISTRIBUTION","geomMean":1.975E-4,"geomSd":1.035101278294575}},{"@type":"Exchange","isAvoidedProduct":false,"isInput":true,"amount":1.0E-5,"dqEntry":"(1;1;3;1;1)","description":"construction of access road. ","internalId":71,"flow":{"@type":"Flow","@id":"a42347d2-09f1-405e-95dd-bf6ac03765d8","name":"Transformation, to traffic area, road network","category":"Elementary flows/Resource/land","flowType":"ELEMENTARY_FLOW","refUnit":"m2"},"unit":{"@type":"Unit","@id":"3ce61faa-5716-41c1-aef6-b5920054acc9","name":"m2"},"flowProperty":{"@type":"FlowProperty","@id":"93a60a56-a3c8-19da-a746-0800200c9a66","name":"Area","category":"Technical flow properties","refUnit":"m2"},"uncertainty":{"@type":"Uncertainty","distributionType":"LOG_NORMAL_DISTRIBUTION","geomMean":1.0E-5,"geomSd":1.327496581984024}},{"@type":"Exchange","isAvoidedProduct":false,"isInput":true,"amount":2.6849E-4,"dqEntry":"(1;1;3;1;1)","description":"for base and compartment seals, for base and interior drain system of landfill, sewer auxiliary materials. ","internalId":21,"flow":{"@type":"Flow","@id":"b685192a-e033-421e-9074-8fe7cb176046","name":"polyethylene, high density, granulate","category":"C:Manufacturing/20:Manufacture of chemicals and chemical products/201:Manufacture of basic chemicals, fertilizers and nitrogen compounds, plastics/2013:Manufacture of plastics and synthetic rubber in primary forms","flowType":"PRODUCT_FLOW","refUnit":"kg"},"unit":{"@type":"Unit","@id":"20aadc24-a391-41cf-b340-3e4529f44bde","name":"kg"},"flowProperty":{"@type":"FlowProperty","@id":"93a60a56-a3c8-11da-a746-0800200b9a66","name":"Mass","category":"Technical flow properties","refUnit":"kg"},"uncertainty":{"@type":"Uncertainty","distributionType":"LOG_NORMAL_DISTRIBUTION","geomMean":2.685E-4,"geomSd":1.327496581984024},"defaultProvider":{"@type":"Process","@id":"72c0f3e0-be4b-3736-8296-48c3923b4c2e","name":"market for polyethylene, high density, granulate | polyethylene, high density, granulate | Cutoff, U","category":"C:Manufacturing/20:Manufacture of chemicals and chemical products/201:Manufacture of basic chemicals, fertilizers and nitrogen compounds, plastics/2013:Manufacture of plastics and synthetic rubber in primary forms","processType":"UNIT_PROCESS","flowType":"PRODUCT_FLOW","location":"GLO"}},{"@type":"Exchange","isAvoidedProduct":false,"isInput":false,"amount":2.9238321791933562E-6,"dqEntry":"(1;1;1;1;1)","description":"burden from wastewater treatment of the short-term leachate (0-100a). ","internalId":48,"flow":{"@type":"Flow","@id":"88afd721-07ec-4910-a004-fa3fecb6bf70","name":"waste plastic, mixture","category":"E:Water supply; sewerage, waste management and remediation activities/38:Waste collection, treatment and disposal activities; materials recovery/382:Waste treatment and disposal/3821:Treatment and disposal of non-hazardous waste","flowType":"WASTE_FLOW","refUnit":"kg"},"unit":{"@type":"Unit","@id":"20aadc24-a391-41cf-b340-3e4529f44bde","name":"kg"},"flowProperty":{"@type":"FlowProperty","@id":"93a60a56-a3c8-11da-a746-0800200b9a66","name":"Mass","category":"Technical flow properties","refUnit":"kg"},"uncertainty":{"@type":"Uncertainty","distributionType":"LOG_NORMAL_DISTRIBUTION","geomMean":-3.038E-5,"geomSd":1.0301305258664624},"defaultProvider":{"@type":"Process","@id":"34fa8032-c89d-3fd1-8a99-b5b8a980393e","name":"market group for waste plastic, mixture | waste plastic, mixture | Cutoff, U","category":"D:Electricity, gas, steam and air conditioning supply/E:Water supply; sewerage, waste management and remediation activities/38:Waste collection, treatment and disposal activities; materials recovery/382:Waste treatment and disposal/3821:Treatment and disposal of non-hazardous waste","processType":"UNIT_PROCESS","flowType":"WASTE_FLOW","location":"RER"}},{"@type":"Exchange","isAvoidedProduct":false,"isInput":true,"amount":8.4939E-5,"dqEntry":"(1;1;3;1;1)","description":"for base and interior drain system of landfill, sewer auxiliary materials. ","internalId":8,"flow":{"@type":"Flow","@id":"406ae9de-8894-4c8b-a601-40b7e849b66d","name":"extrusion, plastic pipes","category":"C:Manufacturing/22:Manufacture of rubber and plastics products/222:Manufacture of plastics products/2220:Manufacture of plastics products","flowType":"PRODUCT_FLOW","refUnit":"kg"},"unit":{"@type":"Unit","@id":"20aadc24-a391-41cf-b340-3e4529f44bde","name":"kg"},"flowProperty":{"@type":"FlowProperty","@id":"93a60a56-a3c8-11da-a746-0800200b9a66","name":"Mass","category":"Technical flow properties","refUnit":"kg"},"uncertainty":{"@type":"Uncertainty","distributionType":"LOG_NORMAL_DISTRIBUTION","geomMean":8.494E-5,"geomSd":1.327496581984024},"defaultProvider":{"@type":"Process","@id":"36dc00c2-f58f-352d-9b5d-bec10e2524ba","name":"market for extrusion, plastic pipes | extrusion, plastic pipes | Cutoff, U","category":"C:Manufacturing/22:Manufacture of rubber and plastics products/222:Manufacture of plastics products/2220:Manufacture of plastics products","processType":"UNIT_PROCESS","flowType":"PRODUCT_FLOW","location":"GLO"}},{"@type":"Exchange","isAvoidedProduct":false,"isInput":false,"amount":1.3208918067516308E-7,"dqEntry":"(1;1;1;1;1)","description":"burden from wastewater treatment of the short-term leachate (0-100a). ","internalId":40,"flow":{"@type":"Flow","@id":"d51e5a32-c20a-4da6-8d58-31f344b50c00","name":"waste graphical paper","category":"E:Water supply; sewerage, waste management and remediation activities/38:Waste collection, treatment and disposal activities; materials recovery/382:Waste treatment and disposal/3821:Treatment and disposal of non-hazardous waste","flowType":"WASTE_FLOW","refUnit":"kg"},"unit":{"@type":"Unit","@id":"20aadc24-a391-41cf-b340-3e4529f44bde","name":"kg"},"flowProperty":{"@type":"FlowProperty","@id":"93a60a56-a3c8-11da-a746-0800200b9a66","name":"Mass","category":"Technical flow properties","refUnit":"kg"},"uncertainty":{"@type":"Uncertainty","distributionType":"LOG_NORMAL_DISTRIBUTION","geomMean":-3.038E-5,"geomSd":1.0301305258664624},"defaultProvider":{"@type":"Process","@id":"637b4b88-bd99-3511-8c77-8c6514a9e164","name":"market for waste graphical paper | waste graphical paper | Cutoff, U","category":"D:Electricity, gas, steam and air conditioning supply/E:Water supply; sewerage, waste management and remediation activities/38:Waste collection, treatment and disposal activities; materials recovery/382:Waste treatment and disposal/3821:Treatment and disposal of non-hazardous waste","processType":"UNIT_PROCESS","flowType":"WASTE_FLOW","location":"ZA"}},{"@type":"Exchange","isAvoidedProduct":false,"isInput":true,"amount":3.623449881441675E-4,"dqEntry":"(1;1;3;1;1)","description":"for base and compartment seals and access street construction. ","internalId":19,"flow":{"@type":"Flow","@id":"e7a17355-8575-4be4-8c51-85e38b19b3f3","name":"pitch","category":"C:Manufacturing/19:Manufacture of coke and refined petroleum products/192:Manufacture of refined petroleum products/1920:Manufacture of refined petroleum products","flowType":"PRODUCT_FLOW","refUnit":"kg"},"unit":{"@type":"Unit","@id":"20aadc24-a391-41cf-b340-3e4529f44bde","name":"kg"},"flowProperty":{"@type":"FlowProperty","@id":"93a60a56-a3c8-11da-a746-0800200b9a66","name":"Mass","category":"Technical flow properties","refUnit":"kg"},"uncertainty":{"@type":"Uncertainty","distributionType":"LOG_NORMAL_DISTRIBUTION","geomMean":0.002388,"geomSd":1.327496581984024},"defaultProvider":{"@type":"Process","@id":"d31a6097-6347-3674-b88d-80f788afc3b7","name":"market for pitch | pitch | Cutoff, U","category":"C:Manufacturing/19:Manufacture of coke and refined petroleum products/192:Manufacture of refined petroleum products/1920:Manufacture of refined petroleum products","processType":"UNIT_PROCESS","flowType":"PRODUCT_FLOW","location":"Europe without Switzerland"}},{"@type":"Exchange","isAvoidedProduct":false,"isInput":false,"amount":1.704741237290441E-8,"dqEntry":"(1;1;1;1;1)","description":"burden from wastewater treatment of the short-term leachate (0-100a). ","internalId":49,"flow":{"@type":"Flow","@id":"88afd721-07ec-4910-a004-fa3fecb6bf70","name":"waste plastic, mixture","category":"E:Water supply; sewerage, waste management and remediation activities/38:Waste collection, treatment and disposal activities; materials recovery/382:Waste treatment and disposal/3821:Treatment and disposal of non-hazardous waste","flowType":"WASTE_FLOW","refUnit":"kg"},"unit":{"@type":"Unit","@id":"20aadc24-a391-41cf-b340-3e4529f44bde","name":"kg"},"flowProperty":{"@type":"FlowProperty","@id":"93a60a56-a3c8-11da-a746-0800200b9a66","name":"Mass","category":"Technical flow properties","refUnit":"kg"},"uncertainty":{"@type":"Uncertainty","distributionType":"LOG_NORMAL_DISTRIBUTION","geomMean":-3.038E-5,"geomSd":1.0301305258664624},"defaultProvider":{"@type":"Process","@id":"b0773084-8ab9-3b94-a15b-d0985274d953","name":"market for waste plastic, mixture | waste plastic, mixture | Cutoff, U","category":"D:Electricity, gas, steam and air conditioning supply/E:Water supply; sewerage, waste management and remediation activities/38:Waste collection, treatment and disposal activities; materials recovery/382:Waste treatment and disposal/3821:Treatment and disposal of non-hazardous waste","processType":"UNIT_PROCESS","flowType":"WASTE_FLOW","location":"CY"}},{"@type":"Exchange","isAvoidedProduct":false,"isInput":true,"amount":3.0394E-6,"dqEntry":"(1;1;3;1;1)","description":"for sewer auxiliary materials. ","internalId":30,"flow":{"@type":"Flow","@id":"c5246dbb-0abd-4bee-8dda-d52a1b202322","name":"steel, chromium steel 18/8, hot rolled","category":"C:Manufacturing/24:Manufacture of basic metals/241:Manufacture of basic iron and steel/2410:Manufacture of basic iron and steel","flowType":"PRODUCT_FLOW","refUnit":"kg"},"unit":{"@type":"Unit","@id":"20aadc24-a391-41cf-b340-3e4529f44bde","name":"kg"},"flowProperty":{"@type":"FlowProperty","@id":"93a60a56-a3c8-11da-a746-0800200b9a66","name":"Mass","category":"Technical flow properties","refUnit":"kg"},"uncertainty":{"@type":"Uncertainty","distributionType":"LOG_NORMAL_DISTRIBUTION","geomMean":3.039E-6,"geomSd":1.327496581984024},"defaultProvider":{"@type":"Process","@id":"5f79ad9b-1636-3233-83a4-151ad9047b74","name":"market for steel, chromium steel 18/8, hot rolled | steel, chromium steel 18/8, hot rolled | Cutoff, U","category":"C:Manufacturing/24:Manufacture of basic metals/241:Manufacture of basic iron and steel/2410:Manufacture of basic iron and steel","processType":"UNIT_PROCESS","flowType":"PRODUCT_FLOW","location":"GLO"}},{"@type":"Exchange","isAvoidedProduct":false,"isInput":true,"amount":0.001594454716901019,"dqEntry":"(1;1;3;1;1)","description":"for base and compartment seals and access street construction. ","internalId":13,"flow":{"@type":"Flow","@id":"e7a17355-8575-4be4-8c51-85e38b19b3f3","name":"pitch","category":"C:Manufacturing/19:Manufacture of coke and refined petroleum products/192:Manufacture of refined petroleum products/1920:Manufacture of refined petroleum products","flowType":"PRODUCT_FLOW","refUnit":"kg"},"unit":{"@type":"Unit","@id":"20aadc24-a391-41cf-b340-3e4529f44bde","name":"kg"},"flowProperty":{"@type":"FlowProperty","@id":"93a60a56-a3c8-11da-a746-0800200b9a66","name":"Mass","category":"Technical flow properties","refUnit":"kg"},"uncertainty":{"@type":"Uncertainty","distributionType":"LOG_NORMAL_DISTRIBUTION","geomMean":0.002388,"geomSd":1.327496581984024},"defaultProvider":{"@type":"Process","@id":"27b881b6-8e44-3e55-874c-0b6289694cd6","name":"market for pitch | pitch | Cutoff, U","category":"C:Manufacturing/19:Manufacture of coke and refined petroleum products/192:Manufacture of refined petroleum products/1920:Manufacture of refined petroleum products","processType":"UNIT_PROCESS","flowType":"PRODUCT_FLOW","location":"RoW"}},{"@type":"Exchange","isAvoidedProduct":false,"isInput":true,"amount":1.429E-7,"dqEntry":"(1;1;3;1;1)","description":"for leachate collection tanks and sewer pipe. ","internalId":3,"flow":{"@type":"Flow","@id":"eee95138-58c8-4172-9b1f-754ba074325d","name":"concrete, normal strength","category":"C:Manufacturing/23:Manufacture of other non-metallic mineral products/239:Manufacture of non-metallic mineral products n.e.c./2395:Manufacture of articles of concrete, cement and plaster","flowType":"PRODUCT_FLOW","refUnit":"m3"},"unit":{"@type":"Unit","@id":"1c3a9695-398d-4b1f-b07e-a8715b610f70","name":"m3"},"flowProperty":{"@type":"FlowProperty","@id":"93a60a56-a3c8-22da-a746-0800200c9a66","name":"Volume","category":"Technical flow properties","refUnit":"m3"},"uncertainty":{"@type":"Uncertainty","distributionType":"LOG_NORMAL_DISTRIBUTION","geomMean":1.429E-7,"geomSd":1.327496581984024},"defaultProvider":{"@type":"Process","@id":"cce7244c-052c-30d3-9a17-3eea9f6ed1b5","name":"market group for concrete, normal strength | concrete, normal strength | Cutoff, U","category":"C:Manufacturing/23:Manufacture of other non-metallic mineral products/239:Manufacture of non-metallic mineral products n.e.c./2395:Manufacture of articles of concrete, cement and plaster","processType":"UNIT_PROCESS","flowType":"PRODUCT_FLOW","location":"GLO"}},{"@type":"Exchange","isAvoidedProduct":false,"isInput":true,"amount":5.0E-5,"dqEntry":"(1;1;3;1;1)","description":"conversion to landfill area. ","internalId":68,"flow":{"@type":"Flow","@id":"1a568858-efa8-4c2a-b46e-82b6e66b6072","name":"Transformation, to dump site, sanitary landfill","category":"Elementary flows/Resource/land","flowType":"ELEMENTARY_FLOW","refUnit":"m2"},"unit":{"@type":"Unit","@id":"3ce61faa-5716-41c1-aef6-b5920054acc9","name":"m2"},"flowProperty":{"@type":"FlowProperty","@id":"93a60a56-a3c8-19da-a746-0800200c9a66","name":"Area","category":"Technical flow properties","refUnit":"m2"},"uncertainty":{"@type":"Uncertainty","distributionType":"LOG_NORMAL_DISTRIBUTION","geomMean":5.0E-5,"geomSd":1.327496581984024}},{"@type":"Exchange","isAvoidedProduct":false,"isInput":true,"amount":1.2642623248601757E-5,"dqEntry":"(1;1;3;1;1)","description":"for base and compartment seals and access street construction. ","internalId":20,"flow":{"@type":"Flow","@id":"e7a17355-8575-4be4-8c51-85e38b19b3f3","name":"pitch","category":"C:Manufacturing/19:Manufacture of coke and refined petroleum products/192:Manufacture of refined petroleum products/1920:Manufacture of refined petroleum products","flowType":"PRODUCT_FLOW","refUnit":"kg"},"unit":{"@type":"Unit","@id":"20aadc24-a391-41cf-b340-3e4529f44bde","name":"kg"},"flowProperty":{"@type":"FlowProperty","@id":"93a60a56-a3c8-11da-a746-0800200b9a66","name":"Mass","category":"Technical flow properties","refUnit":"kg"},"uncertainty":{"@type":"Uncertainty","distributionType":"LOG_NORMAL_DISTRIBUTION","geomMean":0.002388,"geomSd":1.327496581984024},"defaultProvider":{"@type":"Process","@id":"8cb38e76-a36c-3fb9-ac5d-92417e3b294a","name":"market for pitch | pitch | Cutoff, U","category":"C:Manufacturing/19:Manufacture of coke and refined petroleum products/192:Manufacture of refined petroleum products/1920:Manufacture of refined petroleum products","processType":"UNIT_PROCESS","flowType":"PRODUCT_FLOW","location":"PE"}},{"@type":"Exchange","isAvoidedProduct":false,"isInput":false,"amount":2.3616995779918513E-5,"dqEntry":"(1;1;1;1;1)","description":"burden from wastewater treatment of the short-term leachate (0-100a). ","internalId":45,"flow":{"@type":"Flow","@id":"88afd721-07ec-4910-a004-fa3fecb6bf70","name":"waste plastic, mixture","category":"E:Water supply; sewerage, waste management and remediation activities/38:Waste collection, treatment and disposal activities; materials recovery/382:Waste treatment and disposal/3821:Treatment and disposal of non-hazardous waste","flowType":"WASTE_FLOW","refUnit":"kg"},"unit":{"@type":"Unit","@id":"20aadc24-a391-41cf-b340-3e4529f44bde","name":"kg"},"flowProperty":{"@type":"FlowProperty","@id":"93a60a56-a3c8-11da-a746-0800200b9a66","name":"Mass","category":"Technical flow properties","refUnit":"kg"},"uncertainty":{"@type":"Uncertainty","distributionType":"LOG_NORMAL_DISTRIBUTION","geomMean":-3.038E-5,"geomSd":1.0301305258664624},"defaultProvider":{"@type":"Process","@id":"20c24841-0a50-387e-bda7-c8063f658a9e","name":"market for waste plastic, mixture | waste plastic, mixture | Cutoff, U","category":"D:Electricity, gas, steam and air conditioning supply/E:Water supply; sewerage, waste management and remediation activities/38:Waste collection, treatment and disposal activities; materials recovery/382:Waste treatment and disposal/3821:Treatment and disposal of non-hazardous waste","processType":"UNIT_PROCESS","flowType":"WASTE_FLOW","location":"RoW"}},{"@type":"Exchange","isAvoidedProduct":false,"isInput":true,"amount":2.820495401186128E-4,"dqEntry":"(1;1;3;1;1)","description":"for base and compartment seals and access street construction. ","internalId":15,"flow":{"@type":"Flow","@id":"e7a17355-8575-4be4-8c51-85e38b19b3f3","name":"pitch","category":"C:Manufacturing/19:Manufacture of coke and refined petroleum products/192:Manufacture of refined petroleum products/1920:Manufacture of refined petroleum products","flowType":"PRODUCT_FLOW","refUnit":"kg"},"unit":{"@type":"Unit","@id":"20aadc24-a391-41cf-b340-3e4529f44bde","name":"kg"},"flowProperty":{"@type":"FlowProperty","@id":"93a60a56-a3c8-11da-a746-0800200b9a66","name":"Mass","category":"Technical flow properties","refUnit":"kg"},"uncertainty":{"@type":"Uncertainty","distributionType":"LOG_NORMAL_DISTRIBUTION","geomMean":0.002388,"geomSd":1.327496581984024},"defaultProvider":{"@type":"Process","@id":"76824f35-8057-349c-b4dd-a96dbb72a575","name":"market for pitch | pitch | Cutoff, U","category":"C:Manufacturing/19:Manufacture of coke and refined petroleum products/192:Manufacture of refined petroleum products/1920:Manufacture of refined petroleum products","processType":"UNIT_PROCESS","flowType":"PRODUCT_FLOW","location":"IN"}},{"@type":"Exchange","isAvoidedProduct":false,"isInput":true,"amount":2.2348E-7,"dqEntry":"(1;1;3;1;1)","description":"for sewer auxiliary materials. ","internalId":22,"flow":{"@type":"Flow","@id":"66ca2f38-5e51-4546-83c0-d7cef0c55c7c","name":"polypropylene, granulate","category":"C:Manufacturing/20:Manufacture of chemicals and chemical products/201:Manufacture of basic chemicals, fertilizers and nitrogen compounds, plastics/2013:Manufacture of plastics and synthetic rubber in primary forms","flowType":"PRODUCT_FLOW","refUnit":"kg"},"unit":{"@type":"Unit","@id":"20aadc24-a391-41cf-b340-3e4529f44bde","name":"kg"},"flowProperty":{"@type":"FlowProperty","@id":"93a60a56-a3c8-11da-a746-0800200b9a66","name":"Mass","category":"Technical flow properties","refUnit":"kg"},"uncertainty":{"@type":"Uncertainty","distributionType":"LOG_NORMAL_DISTRIBUTION","geomMean":2.235E-7,"geomSd":1.327496581984024},"defaultProvider":{"@type":"Process","@id":"850af4ea-5621-3363-ae50-73f4bd28197c","name":"market for polypropylene, granulate | polypropylene, granulate | Cutoff, U","category":"C:Manufacturing/20:Manufacture of chemicals and chemical products/201:Manufacture of basic chemicals, fertilizers and nitrogen compounds, plastics/2013:Manufacture of plastics and synthetic rubber in primary forms","processType":"UNIT_PROCESS","flowType":"PRODUCT_FLOW","location":"GLO"}},{"@type":"Exchange","isAvoidedProduct":false,"isInput":false,"amount":3.8688E-5,"dqEntry":"(1;1;3;1;1)","description":"Emissions from long-term leachate (\u003e100a) directly from MSW landfill and indirectly via incineration of treatement sludge from leachate treatement. ","internalId":57,"flow":{"@type":"Flow","@id":"0ff15165-d761-48c9-9814-2d1dcdd56857","name":"Lead II","category":"Elementary flows/Emission to water/ground water, long-term","flowType":"ELEMENTARY_FLOW","refUnit":"kg"},"unit":{"@type":"Unit","@id":"20aadc24-a391-41cf-b340-3e4529f44bde","name":"kg"},"flowProperty":{"@type":"FlowProperty","@id":"93a60a56-a3c8-11da-a746-0800200b9a66","name":"Mass","category":"Technical flow properties","refUnit":"kg"},"uncertainty":{"@type":"Uncertainty","distributionType":"LOG_NORMAL_DISTRIBUTION","geomMean":3.869E-5,"geomSd":1.684791200387853}},{"@type":"Exchange","isAvoidedProduct":false,"isInput":true,"amount":4.2687E-10,"dqEntry":"(1;1;3;1;1)","description":"burden from wastewater treatment of the short-term leachate (0-100a). ","internalId":29,"flow":{"@type":"Flow","@id":"4b7caf07-335d-4479-a3dc-08b87c156cd0","name":"sewer grid, 5E9l/year, 110 km","category":"F:Construction/42:Civil engineering/422:Construction of utility projects/4220:Construction of utility projects","flowType":"PRODUCT_FLOW","refUnit":"m"},"unit":{"@type":"Unit","@id":"715ca68e-0ac5-4c4b-b557-fdc36623be88","name":"km"},"flowProperty":{"@type":"FlowProperty","@id":"838aaa23-0117-11db-92e3-0800200c9a66","name":"Length","category":"Technical flow properties","refUnit":"m"},"uncertainty":{"@type":"Uncertainty","distributionType":"LOG_NORMAL_DISTRIBUTION","geomMean":4.269E-10,"geomSd":1.0246950759675768},"defaultProvider":{"@type":"Process","@id":"69a2c02b-079a-3ff1-bf95-6dca5632d356","name":"market for sewer grid, 5E9l/year, 110 km | sewer grid, 5E9l/year, 110 km | Cutoff, U","category":"F:Construction/42:Civil engineering/422:Construction of utility projects/4220:Construction of utility projects","processType":"UNIT_PROCESS","flowType":"PRODUCT_FLOW","location":"GLO"}},{"@type":"Exchange","isAvoidedProduct":false,"isInput":true,"amount":0.00185,"dqEntry":"(1;1;3;1;1)","description":"for access road. ","internalId":64,"flow":{"@type":"Flow","@id":"26efe47c-92a5-4dea-b4d0-eac13e418a58","name":"Occupation, traffic area, road network","category":"Elementary flows/Resource/land","flowType":"ELEMENTARY_FLOW","refUnit":"m2*a"},"unit":{"@type":"Unit","@id":"c7266b67-4ea2-457f-b391-9b94e26e195a","name":"m2*a"},"flowProperty":{"@type":"FlowProperty","@id":"93a60a56-a3c8-21da-a746-0800200c9a66","name":"Area*time","category":"Technical flow properties","refUnit":"m2*a"},"uncertainty":{"@type":"Uncertainty","distributionType":"LOG_NORMAL_DISTRIBUTION","geomMean":0.00185,"geomSd":1.327496581984024}},{"@type":"Exchange","isAvoidedProduct":false,"isInput":false,"amount":3.761235338110409E-8,"dqEntry":"(1;1;1;1;1)","description":"burden from wastewater treatment of the short-term leachate (0-100a). ","internalId":42,"flow":{"@type":"Flow","@id":"88afd721-07ec-4910-a004-fa3fecb6bf70","name":"waste plastic, mixture","category":"E:Water supply; sewerage, waste management and remediation activities/38:Waste collection, treatment and disposal activities; materials recovery/382:Waste treatment and disposal/3821:Treatment and disposal of non-hazardous waste","flowType":"WASTE_FLOW","refUnit":"kg"},"unit":{"@type":"Unit","@id":"20aadc24-a391-41cf-b340-3e4529f44bde","name":"kg"},"flowProperty":{"@type":"FlowProperty","@id":"93a60a56-a3c8-11da-a746-0800200b9a66","name":"Mass","category":"Technical flow properties","refUnit":"kg"},"uncertainty":{"@type":"Uncertainty","distributionType":"LOG_NORMAL_DISTRIBUTION","geomMean":-3.038E-5,"geomSd":1.0301305258664624},"defaultProvider":{"@type":"Process","@id":"b070d174-9a70-3825-86b2-e49b2b277939","name":"market for waste plastic, mixture | waste plastic, mixture | Cutoff, U","category":"D:Electricity, gas, steam and air conditioning supply/E:Water supply; sewerage, waste management and remediation activities/38:Waste collection, treatment and disposal activities; materials recovery/382:Waste treatment and disposal/3821:Treatment and disposal of non-hazardous waste","processType":"UNIT_PROCESS","flowType":"WASTE_FLOW","location":"PE"}},{"@type":"Exchange","isAvoidedProduct":false,"isInput":true,"amount":1.475E-6,"dqEntry":"(1;1;3;1;1)","description":"for sewer auxiliary materials. ","internalId":2,"flow":{"@type":"Flow","@id":"4447af36-0897-4b00-8fd0-fd6a446dda6a","name":"cast iron","category":"C:Manufacturing/24:Manufacture of basic metals/241:Manufacture of basic iron and steel/2410:Manufacture of basic iron and steel","flowType":"PRODUCT_FLOW","refUnit":"kg"},"unit":{"@type":"Unit","@id":"20aadc24-a391-41cf-b340-3e4529f44bde","name":"kg"},"flowProperty":{"@type":"FlowProperty","@id":"93a60a56-a3c8-11da-a746-0800200b9a66","name":"Mass","category":"Technical flow properties","refUnit":"kg"},"uncertainty":{"@type":"Uncertainty","distributionType":"LOG_NORMAL_DISTRIBUTION","geomMean":1.475E-6,"geomSd":1.327496581984024},"defaultProvider":{"@type":"Process","@id":"ca0a16f6-26e6-3447-a06d-9f82818abe2e","name":"market for cast iron | cast iron | Cutoff, U","category":"C:Manufacturing/24:Manufacture of basic metals/241:Manufacture of basic iron and steel/2410:Manufacture of basic iron and steel","processType":"UNIT_PROCESS","flowType":"PRODUCT_FLOW","location":"GLO"}},{"@type":"Exchange","isAvoidedProduct":false,"isInput":true,"amount":0.0018577,"dqEntry":"(1;1;3;1;1)","description":"for sewer auxiliary materials. ","internalId":32,"flow":{"@type":"Flow","@id":"c5adb1fb-872e-4446-a3bb-c4b61aa4bd45","name":"tap water","category":"E:Water supply; sewerage, waste management and remediation activities/36:Water collection, treatment and supply/360:Water collection, treatment and supply/3600:Water collection, treatment and supply","flowType":"PRODUCT_FLOW","refUnit":"kg"},"unit":{"@type":"Unit","@id":"20aadc24-a391-41cf-b340-3e4529f44bde","name":"kg"},"flowProperty":{"@type":"FlowProperty","@id":"93a60a56-a3c8-11da-a746-0800200b9a66","name":"Mass","category":"Technical flow properties","refUnit":"kg"},"uncertainty":{"@type":"Uncertainty","distributionType":"LOG_NORMAL_DISTRIBUTION","geomMean":0.001858,"geomSd":1.327496581984024},"defaultProvider":{"@type":"Process","@id":"d63436b4-99ee-3dac-92f7-e52027158a5d","name":"market group for tap water | tap water | Cutoff, U","category":"D:Electricity, gas, steam and air conditioning supply/E:Water supply; sewerage, waste management and remediation activities/36:Water collection, treatment and supply/360:Water collection, treatment and supply/3600:Water collection, treatment and supply","processType":"UNIT_PROCESS","flowType":"PRODUCT_FLOW","location":"GLO"}},{"@type":"Exchange","isAvoidedProduct":false,"isInput":false,"amount":7.8356E-6,"dqEntry":"(1;1;3;1;1)","description":"Emissions from long-term leachate (\u003e100a) directly from MSW landfill and indirectly via incineration of treatement sludge from leachate treatement. ","internalId":55,"flow":{"@type":"Flow","@id":"40229ebf-9346-4f20-910a-f8ea3bd88d44","name":"Copper ion","category":"Elementary flows/Emission to water/ground water, long-term","flowType":"ELEMENTARY_FLOW","refUnit":"kg"},"unit":{"@type":"Unit","@id":"20aadc24-a391-41cf-b340-3e4529f44bde","name":"kg"},"flowProperty":{"@type":"FlowProperty","@id":"93a60a56-a3c8-11da-a746-0800200b9a66","name":"Mass","category":"Technical flow properties","refUnit":"kg"},"uncertainty":{"@type":"Uncertainty","distributionType":"LOG_NORMAL_DISTRIBUTION","geomMean":7.836E-6,"geomSd":1.7684686872508466}}],"socialAspects":[],"allocationFactors":[]}