{"@type":"Process","@id":"70e8d16b-394f-3157-a3e8-03f6809a1823","name":"excavation, hydraulic digger | excavation, hydraulic digger | Cutoff, U","description":"This module is based on the data included in the report Oekoinventare von Energiesystemen 1996. The diesel consumption and the emissions are updated using the Swiss \"Offroad database\" and applied to year 2000. This moduleshould not be used if its relative importance would be high in a certain environmental inventory.;[This dataset was already contained in the ecoinvent database version 2. It was not individually updated during the transfer to ecoinvent version 3. Life Cycle Impact Assessment results may still have changed, as they are affected by changes in the supply chain, i.e. in other datasets. This dataset was generated following the ecoinvent quality guidelines for version 2. It may have been subject to central changes described in the ecoinvent version 3 change report (http://www.ecoinvent.org/database/ecoinvent-version-3/reports-of-changes/), and the results of the central updates were reviewed extensively. The changes added e.g. consistent water flows and other information throughout the database. The documentation of this dataset can be found in the ecoinvent reports of version 2, which are still available via the ecoinvent website. The change report linked above covers all central changes that were made during the conversion process.]  Includes the inputs \"hydraulic digger\" for infrastructure, lubricating oil and fuel consumption, and some measured air emissions as output. Dataset documentation: https://v391.ecoquery.ecoinvent.org/Details/UPR/59008fa7-458d-4004-8e09-dcc987487866/290c1f85-4cc4-4fa1-b0c8-2cb7f4276dce","category":"F:Construction/43:Specialized construction activities/431:Demolition and site preparation/4312:Site preparation","version":"03.132.003","lastChange":"2022-12-15T18:24:36.428Z","tags":["ConvertedDataset"],"processType":"UNIT_PROCESS","isInfrastructureProcess":false,"location":{"@type":"Location","@id":"d66c264e-1dbd-33e6-911d-3ffc70908e8e","name":"Europe"},"processDocumentation":{"technologyDescription":"Average current technology for one typical machine representing the category.","dataTreatmentDescription":"See geography","samplingDescription":"Some data from the LCA study Oekoinventare von Energiesystemen 1996 and emissions from the Swiss \"Offroad\" database.","isCopyrightProtected":true,"geographyDescription":"Certain elementary flows or intermediate product flows are extrapolated from Swiss conditions.","creationDate":"2010-07-28T18:12:05","validFrom":"1996-01-01","validUntil":"2022-12-31","dataDocumentor":{"@type":"Actor","@id":"91fa149b-ae69-4eb6-b8cd-43f4e560246a","name":"Daniel Kellenberger (obsolete)"},"dataGenerator":{"@type":"Actor","@id":"91fa149b-ae69-4eb6-b8cd-43f4e560246a","name":"Daniel Kellenberger (obsolete)"},"publication":{"@type":"Source","@id":"efeb6874-be8d-49ac-b739-c64f98596010","name":"Kellenberger D.2007"}},"lastInternalId":26,"exchangeDqSystem":{"@type":"DQSystem","@id":"e7ac7cf6-5457-453e-99f9-d889826fffe8","name":"Ecoinvent Data Quality System"},"parameters":[],"exchanges":[{"@type":"Exchange","isAvoidedProduct":false,"isInput":false,"amount":1.0,"description":"EcoSpold01Location\u003dRER","costValue":5.95,"currency":{"@type":"Currency","@id":"7de74e65-ff97-404f-bf57-5d2a9134fb43","name":"Euro","refUnit":"EUR"},"internalId":1,"flow":{"@type":"Flow","@id":"0c826417-e870-4c43-95c4-b38ff2ff47d2","name":"excavation, hydraulic digger","category":"F:Construction/43:Specialized construction activities/431:Demolition and site preparation/4312:Site preparation","flowType":"PRODUCT_FLOW","refUnit":"m3"},"unit":{"@type":"Unit","@id":"1c3a9695-398d-4b1f-b07e-a8715b610f70","name":"m3"},"flowProperty":{"@type":"FlowProperty","@id":"93a60a56-a3c8-22da-a746-0800200c9a66","name":"Volume","category":"Technical flow properties","refUnit":"m3"},"isQuantitativeReference":true},{"@type":"Exchange","isAvoidedProduct":false,"isInput":false,"amount":0.0024396050824008397,"dqEntry":"(1;5;2;3;1)","description":"EcoSpold01Location\u003dCH","internalId":5,"flow":{"@type":"Flow","@id":"1b30b018-ac39-41f4-a9e0-92057eef8bb8","name":"waste mineral oil","category":"E:Water supply; sewerage, waste management and remediation activities/38:Waste collection, treatment and disposal activities; materials recovery/382:Waste treatment and disposal/3822:Treatment and disposal of hazardous waste","flowType":"WASTE_FLOW","refUnit":"kg"},"unit":{"@type":"Unit","@id":"20aadc24-a391-41cf-b340-3e4529f44bde","name":"kg"},"flowProperty":{"@type":"FlowProperty","@id":"93a60a56-a3c8-11da-a746-0800200b9a66","name":"Mass","category":"Technical flow properties","refUnit":"kg"},"uncertainty":{"@type":"Uncertainty","distributionType":"LOG_NORMAL_DISTRIBUTION","geomMean":-0.0025,"geomSd":1.2505791921887124},"defaultProvider":{"@type":"Process","@id":"09329cd6-5302-3015-87c3-8780d331627d","name":"market for waste mineral oil | waste mineral oil | Cutoff, U","category":"D:Electricity, gas, steam and air conditioning supply/E:Water supply; sewerage, waste management and remediation activities/38:Waste collection, treatment and disposal activities; materials recovery/382:Waste treatment and disposal/3822:Treatment and disposal of hazardous waste","processType":"UNIT_PROCESS","flowType":"WASTE_FLOW","location":"Europe without Switzerland"}},{"@type":"Exchange","isAvoidedProduct":false,"isInput":false,"amount":2.22E-7,"dqEntry":"(1;5;5;3;1)","internalId":13,"flow":{"@type":"Flow","@id":"ec8144d6-d123-43b1-9c17-a295422a0498","name":"Copper ion","category":"Elementary flows/Emission to air/unspecified","flowType":"ELEMENTARY_FLOW","refUnit":"kg"},"unit":{"@type":"Unit","@id":"20aadc24-a391-41cf-b340-3e4529f44bde","name":"kg"},"flowProperty":{"@type":"FlowProperty","@id":"93a60a56-a3c8-11da-a746-0800200b9a66","name":"Mass","category":"Technical flow properties","refUnit":"kg"},"uncertainty":{"@type":"Uncertainty","distributionType":"LOG_NORMAL_DISTRIBUTION","geomMean":2.22E-7,"geomSd":2.239439866122061}},{"@type":"Exchange","isAvoidedProduct":false,"isInput":false,"amount":2.34E-5,"dqEntry":"(1;5;5;3;1)","internalId":23,"flow":{"@type":"Flow","@id":"b967e1bf-f09b-4c89-8740-ace21db47bba","name":"Particulate Matter, \u003e 2.5 um and \u003c 10um","category":"Elementary flows/Emission to air/unspecified","flowType":"ELEMENTARY_FLOW","refUnit":"kg"},"unit":{"@type":"Unit","@id":"20aadc24-a391-41cf-b340-3e4529f44bde","name":"kg"},"flowProperty":{"@type":"FlowProperty","@id":"93a60a56-a3c8-11da-a746-0800200b9a66","name":"Mass","category":"Technical flow properties","refUnit":"kg"},"uncertainty":{"@type":"Uncertainty","distributionType":"LOG_NORMAL_DISTRIBUTION","geomMean":2.34E-5,"geomSd":1.4341253160944203}},{"@type":"Exchange","isAvoidedProduct":false,"isInput":false,"amount":1.32E-4,"dqEntry":"(1;5;5;3;1)","internalId":25,"flow":{"@type":"Flow","@id":"fd7aa71c-508c-480d-81a6-8052aad92646","name":"Sulfur dioxide","category":"Elementary flows/Emission to air/unspecified","flowType":"ELEMENTARY_FLOW","refUnit":"kg"},"unit":{"@type":"Unit","@id":"20aadc24-a391-41cf-b340-3e4529f44bde","name":"kg"},"flowProperty":{"@type":"FlowProperty","@id":"93a60a56-a3c8-11da-a746-0800200b9a66","name":"Mass","category":"Technical flow properties","refUnit":"kg"},"uncertainty":{"@type":"Uncertainty","distributionType":"LOG_NORMAL_DISTRIBUTION","geomMean":1.32E-4,"geomSd":1.1051709180756477}},{"@type":"Exchange","isAvoidedProduct":false,"isInput":false,"amount":7.84E-15,"dqEntry":"(1;5;5;3;1)","internalId":15,"flow":{"@type":"Flow","@id":"082903e4-45d8-4078-94cb-736b15279277","name":"Dioxins, measured as 2,3,7,8-tetrachlorodibenzo-p-dioxin","category":"Elementary flows/Emission to air/unspecified","flowType":"ELEMENTARY_FLOW","refUnit":"kg"},"unit":{"@type":"Unit","@id":"20aadc24-a391-41cf-b340-3e4529f44bde","name":"kg"},"flowProperty":{"@type":"FlowProperty","@id":"93a60a56-a3c8-11da-a746-0800200b9a66","name":"Mass","category":"Technical flow properties","refUnit":"kg"},"uncertainty":{"@type":"Uncertainty","distributionType":"LOG_NORMAL_DISTRIBUTION","geomMean":7.84E-15,"geomSd":1.2505791921887124}},{"@type":"Exchange","isAvoidedProduct":false,"isInput":true,"amount":0.0025,"dqEntry":"(1;5;5;3;1)","description":"EcoSpold01Location\u003dRER","internalId":4,"flow":{"@type":"Flow","@id":"ea75b944-c676-4a13-85b8-2bea98f765a4","name":"lubricating oil","category":"C:Manufacturing/19:Manufacture of coke and refined petroleum products/192:Manufacture of refined petroleum products/1920:Manufacture of refined petroleum products","flowType":"PRODUCT_FLOW","refUnit":"kg"},"unit":{"@type":"Unit","@id":"20aadc24-a391-41cf-b340-3e4529f44bde","name":"kg"},"flowProperty":{"@type":"FlowProperty","@id":"93a60a56-a3c8-11da-a746-0800200b9a66","name":"Mass","category":"Technical flow properties","refUnit":"kg"},"uncertainty":{"@type":"Uncertainty","distributionType":"LOG_NORMAL_DISTRIBUTION","geomMean":0.0025,"geomSd":1.1051709180756477},"defaultProvider":{"@type":"Process","@id":"4a363bd8-7674-32c9-950f-7895648c3758","name":"market for lubricating oil | lubricating oil | Cutoff, U","category":"C:Manufacturing/19:Manufacture of coke and refined petroleum products/192:Manufacture of refined petroleum products/1920:Manufacture of refined petroleum products","processType":"UNIT_PROCESS","flowType":"PRODUCT_FLOW","location":"RER"}},{"@type":"Exchange","isAvoidedProduct":false,"isInput":false,"amount":6.53E-9,"dqEntry":"(1;5;5;3;1)","internalId":12,"flow":{"@type":"Flow","@id":"e142b577-e934-4085-9a07-3983d4d92afb","name":"Chromium III","category":"Elementary flows/Emission to air/unspecified","flowType":"ELEMENTARY_FLOW","refUnit":"kg"},"unit":{"@type":"Unit","@id":"20aadc24-a391-41cf-b340-3e4529f44bde","name":"kg"},"flowProperty":{"@type":"FlowProperty","@id":"93a60a56-a3c8-11da-a746-0800200b9a66","name":"Mass","category":"Technical flow properties","refUnit":"kg"},"uncertainty":{"@type":"Uncertainty","distributionType":"LOG_NORMAL_DISTRIBUTION","geomMean":6.53E-9,"geomSd":2.239439866122061}},{"@type":"Exchange","isAvoidedProduct":false,"isInput":false,"amount":9.13E-9,"dqEntry":"(1;5;5;3;1)","internalId":18,"flow":{"@type":"Flow","@id":"a5506f4b-113f-4713-95c3-c819dde6e48b","name":"Nickel II","category":"Elementary flows/Emission to air/unspecified","flowType":"ELEMENTARY_FLOW","refUnit":"kg"},"unit":{"@type":"Unit","@id":"20aadc24-a391-41cf-b340-3e4529f44bde","name":"kg"},"flowProperty":{"@type":"FlowProperty","@id":"93a60a56-a3c8-11da-a746-0800200b9a66","name":"Mass","category":"Technical flow properties","refUnit":"kg"},"uncertainty":{"@type":"Uncertainty","distributionType":"LOG_NORMAL_DISTRIBUTION","geomMean":9.13E-9,"geomSd":2.239439866122061}},{"@type":"Exchange","isAvoidedProduct":false,"isInput":false,"amount":1.31E-9,"dqEntry":"(1;5;5;3;1)","internalId":24,"flow":{"@type":"Flow","@id":"454c61fd-c52b-4a04-9731-f141bb7b5264","name":"Selenium IV","category":"Elementary flows/Emission to air/unspecified","flowType":"ELEMENTARY_FLOW","refUnit":"kg"},"unit":{"@type":"Unit","@id":"20aadc24-a391-41cf-b340-3e4529f44bde","name":"kg"},"flowProperty":{"@type":"FlowProperty","@id":"93a60a56-a3c8-11da-a746-0800200b9a66","name":"Mass","category":"Technical flow properties","refUnit":"kg"},"uncertainty":{"@type":"Uncertainty","distributionType":"LOG_NORMAL_DISTRIBUTION","geomMean":1.31E-9,"geomSd":2.239439866122061}},{"@type":"Exchange","isAvoidedProduct":false,"isInput":false,"amount":1.31E-7,"dqEntry":"(1;5;5;3;1)","internalId":26,"flow":{"@type":"Flow","@id":"5ce378a0-b48d-471c-977d-79681521efde","name":"Zinc II","category":"Elementary flows/Emission to air/unspecified","flowType":"ELEMENTARY_FLOW","refUnit":"kg"},"unit":{"@type":"Unit","@id":"20aadc24-a391-41cf-b340-3e4529f44bde","name":"kg"},"flowProperty":{"@type":"FlowProperty","@id":"93a60a56-a3c8-11da-a746-0800200b9a66","name":"Mass","category":"Technical flow properties","refUnit":"kg"},"uncertainty":{"@type":"Uncertainty","distributionType":"LOG_NORMAL_DISTRIBUTION","geomMean":1.31E-7,"geomSd":2.239439866122061}},{"@type":"Exchange","isAvoidedProduct":false,"isInput":false,"amount":3.92E-9,"dqEntry":"(1;5;5;3;1)","internalId":8,"flow":{"@type":"Flow","@id":"5e13c2ab-5466-4ff5-816d-702dfdf25f76","name":"Benzo(a)pyrene","category":"Elementary flows/Emission to air/unspecified","flowType":"ELEMENTARY_FLOW","refUnit":"kg"},"unit":{"@type":"Unit","@id":"20aadc24-a391-41cf-b340-3e4529f44bde","name":"kg"},"flowProperty":{"@type":"FlowProperty","@id":"93a60a56-a3c8-11da-a746-0800200b9a66","name":"Mass","category":"Technical flow properties","refUnit":"kg"},"uncertainty":{"@type":"Uncertainty","distributionType":"LOG_NORMAL_DISTRIBUTION","geomMean":3.92E-9,"geomSd":1.7450381821146503}},{"@type":"Exchange","isAvoidedProduct":false,"isInput":true,"amount":0.131,"dqEntry":"(1;5;5;3;1)","description":"EcoSpold01Location\u003dRER","internalId":2,"flow":{"@type":"Flow","@id":"291fc06d-1b3e-4077-aabb-346b588ed24b","name":"diesel","category":"C:Manufacturing/19:Manufacture of coke and refined petroleum products/192:Manufacture of refined petroleum products/1920:Manufacture of refined petroleum products","flowType":"PRODUCT_FLOW","refUnit":"kg"},"unit":{"@type":"Unit","@id":"20aadc24-a391-41cf-b340-3e4529f44bde","name":"kg"},"flowProperty":{"@type":"FlowProperty","@id":"93a60a56-a3c8-11da-a746-0800200b9a66","name":"Mass","category":"Technical flow properties","refUnit":"kg"},"uncertainty":{"@type":"Uncertainty","distributionType":"LOG_NORMAL_DISTRIBUTION","geomMean":0.131,"geomSd":1.1051709180756477},"defaultProvider":{"@type":"Process","@id":"c108a8c4-816e-3e79-9881-57213b8ba9bd","name":"market group for diesel | diesel | Cutoff, U","category":"C:Manufacturing/19:Manufacture of coke and refined petroleum products/192:Manufacture of refined petroleum products/1920:Manufacture of refined petroleum products","processType":"UNIT_PROCESS","flowType":"PRODUCT_FLOW","location":"RER"}},{"@type":"Exchange","isAvoidedProduct":false,"isInput":false,"amount":0.00576,"dqEntry":"(1;5;5;3;1)","internalId":19,"flow":{"@type":"Flow","@id":"c1b91234-6f24-417b-8309-46111d09c457","name":"Nitrogen oxides","category":"Elementary flows/Emission to air/unspecified","flowType":"ELEMENTARY_FLOW","refUnit":"kg"},"unit":{"@type":"Unit","@id":"20aadc24-a391-41cf-b340-3e4529f44bde","name":"kg"},"flowProperty":{"@type":"FlowProperty","@id":"93a60a56-a3c8-11da-a746-0800200b9a66","name":"Mass","category":"Technical flow properties","refUnit":"kg"},"uncertainty":{"@type":"Uncertainty","distributionType":"LOG_NORMAL_DISTRIBUTION","geomMean":0.00576,"geomSd":1.2505791921887124}},{"@type":"Exchange","isAvoidedProduct":false,"isInput":false,"amount":5.27E-4,"dqEntry":"(1;5;5;3;1)","internalId":21,"flow":{"@type":"Flow","@id":"21e46cb8-6233-4c99-bac3-c41d2ab99498","name":"Particulate Matter, \u003c 2.5 um","category":"Elementary flows/Emission to air/unspecified","flowType":"ELEMENTARY_FLOW","refUnit":"kg"},"unit":{"@type":"Unit","@id":"20aadc24-a391-41cf-b340-3e4529f44bde","name":"kg"},"flowProperty":{"@type":"FlowProperty","@id":"93a60a56-a3c8-11da-a746-0800200b9a66","name":"Mass","category":"Technical flow properties","refUnit":"kg"},"uncertainty":{"@type":"Uncertainty","distributionType":"LOG_NORMAL_DISTRIBUTION","geomMean":5.27E-4,"geomSd":1.7450381821146503}},{"@type":"Exchange","isAvoidedProduct":false,"isInput":true,"amount":1.0E-6,"dqEntry":"(1;5;5;3;1)","description":"EcoSpold01Location\u003dRER","internalId":3,"flow":{"@type":"Flow","@id":"1ad0b61c-f2b8-450c-b09b-445427a193f0","name":"hydraulic digger","category":"C:Manufacturing/28:Manufacture of machinery and equipment n.e.c./282:Manufacture of special-purpose machinery/2824:Manufacture of machinery for mining, quarrying and construction","flowType":"PRODUCT_FLOW","refUnit":"Item(s)"},"unit":{"@type":"Unit","@id":"6dabe201-aaac-4509-92f0-d00c26cb72ab","name":"Item(s)"},"flowProperty":{"@type":"FlowProperty","@id":"01846770-4cfe-4a25-8ad9-919d8d378345","name":"Number of items","category":"Technical flow properties","refUnit":"Item(s)"},"uncertainty":{"@type":"Uncertainty","distributionType":"LOG_NORMAL_DISTRIBUTION","geomMean":1.0E-6,"geomSd":1.1051709180756477},"defaultProvider":{"@type":"Process","@id":"180f7461-bf92-3666-9d42-839afea63cd0","name":"market for hydraulic digger | hydraulic digger | Cutoff, U","category":"C:Manufacturing/28:Manufacture of machinery and equipment n.e.c./282:Manufacture of special-purpose machinery/2824:Manufacture of machinery for mining, quarrying and construction","processType":"UNIT_PROCESS","flowType":"PRODUCT_FLOW","location":"GLO"}},{"@type":"Exchange","isAvoidedProduct":false,"isInput":false,"amount":3.51E-5,"dqEntry":"(1;5;5;3;1)","internalId":22,"flow":{"@type":"Flow","@id":"66020d27-7ae4-4e59-83a3-89214b72c40a","name":"Particulate Matter, \u003e 10 um","category":"Elementary flows/Emission to air/unspecified","flowType":"ELEMENTARY_FLOW","refUnit":"kg"},"unit":{"@type":"Unit","@id":"20aadc24-a391-41cf-b340-3e4529f44bde","name":"kg"},"flowProperty":{"@type":"FlowProperty","@id":"93a60a56-a3c8-11da-a746-0800200b9a66","name":"Mass","category":"Technical flow properties","refUnit":"kg"},"uncertainty":{"@type":"Uncertainty","distributionType":"LOG_NORMAL_DISTRIBUTION","geomMean":3.51E-5,"geomSd":1.2505791921887124}},{"@type":"Exchange","isAvoidedProduct":false,"isInput":false,"amount":4.39E-7,"dqEntry":"(1;5;5;3;1)","internalId":20,"flow":{"@type":"Flow","@id":"3e5d7d91-67d7-4afb-91dd-36fab58e4685","name":"PAH, polycyclic aromatic hydrocarbons","category":"Elementary flows/Emission to air/unspecified","flowType":"ELEMENTARY_FLOW","refUnit":"kg"},"unit":{"@type":"Unit","@id":"20aadc24-a391-41cf-b340-3e4529f44bde","name":"kg"},"flowProperty":{"@type":"FlowProperty","@id":"93a60a56-a3c8-11da-a746-0800200b9a66","name":"Mass","category":"Technical flow properties","refUnit":"kg"},"uncertainty":{"@type":"Uncertainty","distributionType":"LOG_NORMAL_DISTRIBUTION","geomMean":4.39E-7,"geomSd":1.7450381821146503}},{"@type":"Exchange","isAvoidedProduct":false,"isInput":false,"amount":1.31E-9,"dqEntry":"(1;5;5;3;1)","internalId":9,"flow":{"@type":"Flow","@id":"1c5a7322-9261-4d59-a692-adde6c12de92","name":"Cadmium II","category":"Elementary flows/Emission to air/unspecified","flowType":"ELEMENTARY_FLOW","refUnit":"kg"},"unit":{"@type":"Unit","@id":"20aadc24-a391-41cf-b340-3e4529f44bde","name":"kg"},"flowProperty":{"@type":"FlowProperty","@id":"93a60a56-a3c8-11da-a746-0800200b9a66","name":"Mass","category":"Technical flow properties","refUnit":"kg"},"uncertainty":{"@type":"Uncertainty","distributionType":"LOG_NORMAL_DISTRIBUTION","geomMean":1.31E-9,"geomSd":2.239439866122061}},{"@type":"Exchange","isAvoidedProduct":false,"isInput":false,"amount":2.09E-5,"dqEntry":"(1;5;5;3;1)","internalId":16,"flow":{"@type":"Flow","@id":"0795345f-c7ae-410c-ad25-1845784c75f5","name":"Methane, fossil","category":"Elementary flows/Emission to air/unspecified","flowType":"ELEMENTARY_FLOW","refUnit":"kg"},"unit":{"@type":"Unit","@id":"20aadc24-a391-41cf-b340-3e4529f44bde","name":"kg"},"flowProperty":{"@type":"FlowProperty","@id":"93a60a56-a3c8-11da-a746-0800200b9a66","name":"Mass","category":"Technical flow properties","refUnit":"kg"},"uncertainty":{"@type":"Uncertainty","distributionType":"LOG_NORMAL_DISTRIBUTION","geomMean":2.09E-5,"geomSd":1.2505791921887124}},{"@type":"Exchange","isAvoidedProduct":false,"isInput":false,"amount":0.408,"dqEntry":"(1;5;5;3;1)","internalId":10,"flow":{"@type":"Flow","@id":"349b29d1-3e58-4c66-98b9-9d1a076efd2e","name":"Carbon dioxide, fossil","category":"Elementary flows/Emission to air/unspecified","flowType":"ELEMENTARY_FLOW","refUnit":"kg"},"unit":{"@type":"Unit","@id":"20aadc24-a391-41cf-b340-3e4529f44bde","name":"kg"},"flowProperty":{"@type":"FlowProperty","@id":"93a60a56-a3c8-11da-a746-0800200b9a66","name":"Mass","category":"Technical flow properties","refUnit":"kg"},"uncertainty":{"@type":"Uncertainty","distributionType":"LOG_NORMAL_DISTRIBUTION","geomMean":0.408,"geomSd":1.1051709180756477}},{"@type":"Exchange","isAvoidedProduct":false,"isInput":false,"amount":2.61E-6,"dqEntry":"(1;5;5;3;1)","internalId":7,"flow":{"@type":"Flow","@id":"87883a4e-1e3e-4c9d-90c0-f1bea36f8014","name":"Ammonia","category":"Elementary flows/Emission to air/unspecified","flowType":"ELEMENTARY_FLOW","refUnit":"kg"},"unit":{"@type":"Unit","@id":"20aadc24-a391-41cf-b340-3e4529f44bde","name":"kg"},"flowProperty":{"@type":"FlowProperty","@id":"93a60a56-a3c8-11da-a746-0800200b9a66","name":"Mass","category":"Technical flow properties","refUnit":"kg"},"uncertainty":{"@type":"Uncertainty","distributionType":"LOG_NORMAL_DISTRIBUTION","geomMean":2.61E-6,"geomSd":1.2505791921887124}},{"@type":"Exchange","isAvoidedProduct":false,"isInput":false,"amount":1.57E-5,"dqEntry":"(1;5;5;3;1)","internalId":14,"flow":{"@type":"Flow","@id":"20185046-64bb-4c09-a8e7-e8a9e144ca98","name":"Dinitrogen monoxide","category":"Elementary flows/Emission to air/unspecified","flowType":"ELEMENTARY_FLOW","refUnit":"kg"},"unit":{"@type":"Unit","@id":"20aadc24-a391-41cf-b340-3e4529f44bde","name":"kg"},"flowProperty":{"@type":"FlowProperty","@id":"93a60a56-a3c8-11da-a746-0800200b9a66","name":"Mass","category":"Technical flow properties","refUnit":"kg"},"uncertainty":{"@type":"Uncertainty","distributionType":"LOG_NORMAL_DISTRIBUTION","geomMean":1.57E-5,"geomSd":1.2505791921887124}},{"@type":"Exchange","isAvoidedProduct":false,"isInput":false,"amount":0.00149,"dqEntry":"(1;5;5;3;1)","internalId":11,"flow":{"@type":"Flow","@id":"ba2f3f82-c93a-47a5-822a-37ec97495275","name":"Carbon monoxide, fossil","category":"Elementary flows/Emission to air/unspecified","flowType":"ELEMENTARY_FLOW","refUnit":"kg"},"unit":{"@type":"Unit","@id":"20aadc24-a391-41cf-b340-3e4529f44bde","name":"kg"},"flowProperty":{"@type":"FlowProperty","@id":"93a60a56-a3c8-11da-a746-0800200b9a66","name":"Mass","category":"Technical flow properties","refUnit":"kg"},"uncertainty":{"@type":"Uncertainty","distributionType":"LOG_NORMAL_DISTRIBUTION","geomMean":0.00149,"geomSd":2.239439866122061}},{"@type":"Exchange","isAvoidedProduct":false,"isInput":false,"amount":6.039491759916067E-5,"dqEntry":"(1;5;2;3;1)","description":"EcoSpold01Location\u003dCH","internalId":6,"flow":{"@type":"Flow","@id":"1b30b018-ac39-41f4-a9e0-92057eef8bb8","name":"waste mineral oil","category":"E:Water supply; sewerage, waste management and remediation activities/38:Waste collection, treatment and disposal activities; materials recovery/382:Waste treatment and disposal/3822:Treatment and disposal of hazardous waste","flowType":"WASTE_FLOW","refUnit":"kg"},"unit":{"@type":"Unit","@id":"20aadc24-a391-41cf-b340-3e4529f44bde","name":"kg"},"flowProperty":{"@type":"FlowProperty","@id":"93a60a56-a3c8-11da-a746-0800200b9a66","name":"Mass","category":"Technical flow properties","refUnit":"kg"},"uncertainty":{"@type":"Uncertainty","distributionType":"LOG_NORMAL_DISTRIBUTION","geomMean":-0.0025,"geomSd":1.2505791921887124},"defaultProvider":{"@type":"Process","@id":"cbd06095-b018-3abb-8cb3-5d44f340eb0e","name":"market for waste mineral oil | waste mineral oil | Cutoff, U","category":"D:Electricity, gas, steam and air conditioning supply/E:Water supply; sewerage, waste management and remediation activities/38:Waste collection, treatment and disposal activities; materials recovery/382:Waste treatment and disposal/3822:Treatment and disposal of hazardous waste","processType":"UNIT_PROCESS","flowType":"WASTE_FLOW","location":"CH"}},{"@type":"Exchange","isAvoidedProduct":false,"isInput":false,"amount":6.76E-4,"dqEntry":"(1;5;5;3;1)","internalId":17,"flow":{"@type":"Flow","@id":"d3260d0e-8203-4cbb-a45a-6a13131a5108","name":"NMVOC, non-methane volatile organic compounds","category":"Elementary flows/Emission to air/unspecified","flowType":"ELEMENTARY_FLOW","refUnit":"kg"},"unit":{"@type":"Unit","@id":"20aadc24-a391-41cf-b340-3e4529f44bde","name":"kg"},"flowProperty":{"@type":"FlowProperty","@id":"93a60a56-a3c8-11da-a746-0800200b9a66","name":"Mass","category":"Technical flow properties","refUnit":"kg"},"uncertainty":{"@type":"Uncertainty","distributionType":"LOG_NORMAL_DISTRIBUTION","geomMean":6.76E-4,"geomSd":1.2505791921887124}}],"socialAspects":[],"allocationFactors":[]}