{"@type":"Process","@id":"7f6784d3-99ca-4694-bd9b-f6ecf3c31dde","name":"inert waste, sanitary landfill (copy)","description":"Inventoried waste contains 100% inert material (as cement); .;waste composition (wet, in ppm): H2O 5969.2; O 672760; H 66667; C n.a.; S 4938.4; N n.a.; P 231.96; B n.a.; Cl n.a.; Br n.a.; F n.a.; I n.a.; Ag n.a.; As 3.3957; Ba n.a.; Cd 0.60687; Co 1.7555; Cr 21.386; Cu 3.8614; Hg 0.017115; Mn 189.76; Mo n.a.; Ni 16.464; Pb 29.371; Sb 0.0881; Se n.a.; Sn 1.3293; V 23.132; Zn 80.532; Be n.a.; Sc n.a.; Sr n.a.; Ti n.a.; Tl 0.19256; W n.a.; Si 38427; Fe 10046; Ca 183060; Al 13408; K n.a.; Mg n.a.; Na 4115.3; ;Share of carbon in waste that is biogenic 60.4%.;Overall degradability of waste during 100 years: 0%.;[This dataset was already contained in the ecoinvent database version 2. It was not individually updated during the transfer to ecoinvent version 3. Life Cycle Impact Assessment results may still have changed, as they are affected by changes in the supply chain, i.e. in other datasets. This dataset was generated following the ecoinvent quality guidelines for version 2. It may have been subject to central changes described in the ecoinvent version 3 change report (http://www.ecoinvent.org/database/ecoinvent-version-3/reports-of-changes/), and the results of the central updates were reviewed extensively. The changes added e.g. consistent water flows and other information throughout the database. The documentation of this dataset can be found in the ecoinvent reports of version 2, which are still available via the ecoinvent website. The change report linked above covers all central changes that were made during the conversion process.] Waste-specific short-term emissions to air via landfill gas incineration and landfill leachate. Burdens from treatment of short-term leachate (0-100a) in wastewater treatment plant (including WWTP sludge disposal in municipal incinerator). Long-term emissions from landfill to groundwater (after base lining failure).  Dataset documentation: https://v391.ecoquery.ecoinvent.org/Details/UPR/21fdaa94-451b-4741-a6c0-31354c4d26ff/dd7f13f5-0658-489c-a19c-f2ff8a00bdd9","category":"MSW/Current Management/USA","version":"03.124.012","lastChange":"2024-12-13T13:01:01.141Z","tags":["ConvertedDataset","Treatment"],"processType":"UNIT_PROCESS","isInfrastructureProcess":false,"processDocumentation":{"technologyDescription":"Swiss municipal sanitary landfill for biogenic or untreated municipal waste (\u0027reactive organic landfill\u0027). Landfill gas and leachate collection system. Recultivation and monitoring for 150 years after closure.","samplingDescription":"Landfill model based on observed leachate concentrations in literature. Extrapolated to 60\u0027000 years heeding chemical characteristics. Initial waste composition from various literature sources.","isCopyrightProtected":true,"geographyDescription":"Technology encountered in Switzerland in 2000. Landfill includes base seal, leachate collection system, treatment of leachate in municipal wastewater treatment plant.","creationDate":"2010-07-28T18:31:54","validFrom":"1994-01-01","validUntil":"2022-12-31","dataDocumentor":{"@type":"Actor","@id":"89ae408f-f095-4276-96ca-c871888cf632","name":"Roland Hischier"},"dataGenerator":{"@type":"Actor","@id":"b05f6f5a-d4f6-48e5-88bc-38c98a05048d","name":"Gabor Doka (obsolete)"},"publication":{"@type":"Source","@id":"a3ba5207-5834-4d67-b417-38951b3ead65","name":"Doka G.2007"}},"lastInternalId":35,"exchangeDqSystem":{"@type":"DQSystem","@id":"e7ac7cf6-5457-453e-99f9-d889826fffe8","name":"Ecoinvent Data Quality System"},"parameters":[],"exchanges":[{"@type":"Exchange","isAvoidedProduct":false,"isInput":false,"amount":3.86E-6,"dqEntry":"(1;1;5;1;1)","description":"Emissions from long-term leachate (\u003e100a) directly from MSW landfill and indirectly via incineration of treatement sludge from leachate treatement. Uncertainty calculated depending on waste input and uncertainty of long-term transfer coefficents in landfill.","internalId":18,"flow":{"@type":"Flow","@id":"40229ebf-9346-4f20-910a-f8ea3bd88d44","name":"Copper ion","category":"Elementary flows/Emission to water/ground water, long-term","flowType":"ELEMENTARY_FLOW","refUnit":"kg"},"unit":{"@type":"Unit","@id":"20aadc24-a391-41cf-b340-3e4529f44bde","name":"kg"},"flowProperty":{"@type":"FlowProperty","@id":"93a60a56-a3c8-11da-a746-0800200b9a66","name":"Mass","category":"Technical flow properties","refUnit":"kg"},"uncertainty":{"@type":"Uncertainty","distributionType":"LOG_NORMAL_DISTRIBUTION","geomMean":3.86E-6,"geomSd":3.2510649261527713}},{"@type":"Exchange","isAvoidedProduct":false,"isInput":false,"amount":3.6E-4,"dqEntry":"(1;1;5;1;1)","description":"Emissions from long-term leachate (\u003e100a) directly from MSW landfill and indirectly via incineration of treatement sludge from leachate treatement. Uncertainty calculated depending on waste input and uncertainty of long-term transfer coefficents in landfill.","internalId":19,"flow":{"@type":"Flow","@id":"554be2fb-9bb9-46c6-a4df-46df0d53cb65","name":"Hydrogen sulfide","category":"Elementary flows/Emission to water/ground water, long-term","flowType":"ELEMENTARY_FLOW","refUnit":"kg"},"unit":{"@type":"Unit","@id":"20aadc24-a391-41cf-b340-3e4529f44bde","name":"kg"},"flowProperty":{"@type":"FlowProperty","@id":"93a60a56-a3c8-11da-a746-0800200b9a66","name":"Mass","category":"Technical flow properties","refUnit":"kg"},"uncertainty":{"@type":"Uncertainty","distributionType":"LOG_NORMAL_DISTRIBUTION","geomMean":3.6E-4,"geomSd":1.9558412215673548}},{"@type":"Exchange","isAvoidedProduct":false,"isInput":false,"amount":3.4E-6,"dqEntry":"(1;1;5;1;1)","description":"Emissions from long-term leachate (\u003e100a) directly from MSW landfill and indirectly via incineration of treatement sludge from leachate treatement. Uncertainty calculated depending on waste input and uncertainty of long-term transfer coefficents in landfill.","internalId":13,"flow":{"@type":"Flow","@id":"e60edb16-3c74-415b-9aff-a22a6f49fecb","name":"Arsenic ion","category":"Elementary flows/Emission to water/ground water, long-term","flowType":"ELEMENTARY_FLOW","refUnit":"kg"},"unit":{"@type":"Unit","@id":"20aadc24-a391-41cf-b340-3e4529f44bde","name":"kg"},"flowProperty":{"@type":"FlowProperty","@id":"93a60a56-a3c8-11da-a746-0800200b9a66","name":"Mass","category":"Technical flow properties","refUnit":"kg"},"uncertainty":{"@type":"Uncertainty","distributionType":"LOG_NORMAL_DISTRIBUTION","geomMean":3.4E-6,"geomSd":3.292468307028239}},{"@type":"Exchange","isAvoidedProduct":false,"isInput":false,"amount":6.74E-6,"dqEntry":"(1;1;5;1;1)","description":"Emissions from long-term leachate (\u003e100a) directly from MSW landfill and indirectly via incineration of treatement sludge from leachate treatement. Uncertainty calculated depending on waste input and uncertainty of long-term transfer coefficents in landfill.","internalId":31,"flow":{"@type":"Flow","@id":"41dbbe1f-06e1-4a34-8497-5986be8f9e51","name":"Vanadium V","category":"Elementary flows/Emission to water/ground water, long-term","flowType":"ELEMENTARY_FLOW","refUnit":"kg"},"unit":{"@type":"Unit","@id":"20aadc24-a391-41cf-b340-3e4529f44bde","name":"kg"},"flowProperty":{"@type":"FlowProperty","@id":"93a60a56-a3c8-11da-a746-0800200b9a66","name":"Mass","category":"Technical flow properties","refUnit":"kg"},"uncertainty":{"@type":"Uncertainty","distributionType":"LOG_NORMAL_DISTRIBUTION","geomMean":6.74E-6,"geomSd":3.4450268132961317}},{"@type":"Exchange","isAvoidedProduct":false,"isInput":false,"amount":8.84E-9,"dqEntry":"(1;1;5;1;1)","description":"Emissions from long-term leachate (\u003e100a) directly from MSW landfill and indirectly via incineration of treatement sludge from leachate treatement. Uncertainty calculated depending on waste input and uncertainty of long-term transfer coefficents in landfill.","internalId":12,"flow":{"@type":"Flow","@id":"83cf77ca-867b-4eef-b0f0-78d71b3d91d5","name":"Antimony ion","category":"Elementary flows/Emission to water/ground water, long-term","flowType":"ELEMENTARY_FLOW","refUnit":"kg"},"unit":{"@type":"Unit","@id":"20aadc24-a391-41cf-b340-3e4529f44bde","name":"kg"},"flowProperty":{"@type":"FlowProperty","@id":"93a60a56-a3c8-11da-a746-0800200b9a66","name":"Mass","category":"Technical flow properties","refUnit":"kg"},"uncertainty":{"@type":"Uncertainty","distributionType":"LOG_NORMAL_DISTRIBUTION","geomMean":8.84E-9,"geomSd":6.066462419496902}},{"@type":"Exchange","isAvoidedProduct":false,"isInput":false,"amount":0.183,"dqEntry":"(1;1;5;1;1)","description":"Emissions from long-term leachate (\u003e100a) directly from MSW landfill and indirectly via incineration of treatement sludge from leachate treatement. Uncertainty calculated depending on waste input and uncertainty of long-term transfer coefficents in landfill.","internalId":15,"flow":{"@type":"Flow","@id":"ae28c923-a4a3-4f00-b862-1ae6e748efb9","name":"Calcium II","category":"Elementary flows/Emission to water/ground water, long-term","flowType":"ELEMENTARY_FLOW","refUnit":"kg"},"unit":{"@type":"Unit","@id":"20aadc24-a391-41cf-b340-3e4529f44bde","name":"kg"},"flowProperty":{"@type":"FlowProperty","@id":"93a60a56-a3c8-11da-a746-0800200b9a66","name":"Mass","category":"Technical flow properties","refUnit":"kg"},"uncertainty":{"@type":"Uncertainty","distributionType":"LOG_NORMAL_DISTRIBUTION","geomMean":0.183,"geomSd":1.3028773061287173}},{"@type":"Exchange","isAvoidedProduct":false,"isInput":false,"amount":6.07E-7,"dqEntry":"(1;1;5;1;1)","description":"Emissions from long-term leachate (\u003e100a) directly from MSW landfill and indirectly via incineration of treatement sludge from leachate treatement. Uncertainty calculated depending on waste input and uncertainty of long-term transfer coefficents in landfill.","internalId":14,"flow":{"@type":"Flow","@id":"4ce23896-a82f-49f1-a8e3-8848734805a3","name":"Cadmium II","category":"Elementary flows/Emission to water/ground water, long-term","flowType":"ELEMENTARY_FLOW","refUnit":"kg"},"unit":{"@type":"Unit","@id":"20aadc24-a391-41cf-b340-3e4529f44bde","name":"kg"},"flowProperty":{"@type":"FlowProperty","@id":"93a60a56-a3c8-11da-a746-0800200b9a66","name":"Mass","category":"Technical flow properties","refUnit":"kg"},"uncertainty":{"@type":"Uncertainty","distributionType":"LOG_NORMAL_DISTRIBUTION","geomMean":6.07E-7,"geomSd":3.584842476513062}},{"@type":"Exchange","isAvoidedProduct":false,"isInput":false,"amount":1.65E-5,"dqEntry":"(1;1;5;1;1)","description":"Emissions from long-term leachate (\u003e100a) directly from MSW landfill and indirectly via incineration of treatement sludge from leachate treatement. Uncertainty calculated depending on waste input and uncertainty of long-term transfer coefficents in landfill.","internalId":24,"flow":{"@type":"Flow","@id":"9f69cb8e-51fe-447b-a1ac-4da74de8ebe4","name":"Nickel II","category":"Elementary flows/Emission to water/ground water, long-term","flowType":"ELEMENTARY_FLOW","refUnit":"kg"},"unit":{"@type":"Unit","@id":"20aadc24-a391-41cf-b340-3e4529f44bde","name":"kg"},"flowProperty":{"@type":"FlowProperty","@id":"93a60a56-a3c8-11da-a746-0800200b9a66","name":"Mass","category":"Technical flow properties","refUnit":"kg"},"uncertainty":{"@type":"Uncertainty","distributionType":"LOG_NORMAL_DISTRIBUTION","geomMean":1.65E-5,"geomSd":2.9905135096377626}},{"@type":"Exchange","isAvoidedProduct":false,"isInput":false,"amount":7.35E-4,"dqEntry":"(1;1;5;1;1)","description":"Emissions from long-term leachate (\u003e100a) directly from MSW landfill and indirectly via incineration of treatement sludge from leachate treatement. Uncertainty calculated depending on waste input and uncertainty of long-term transfer coefficents in landfill.","internalId":26,"flow":{"@type":"Flow","@id":"ce88a9b6-0afa-4f68-9b32-8c3438bf4025","name":"Silicon","category":"Elementary flows/Emission to water/ground water, long-term","flowType":"ELEMENTARY_FLOW","refUnit":"kg"},"unit":{"@type":"Unit","@id":"20aadc24-a391-41cf-b340-3e4529f44bde","name":"kg"},"flowProperty":{"@type":"FlowProperty","@id":"93a60a56-a3c8-11da-a746-0800200b9a66","name":"Mass","category":"Technical flow properties","refUnit":"kg"},"uncertainty":{"@type":"Uncertainty","distributionType":"LOG_NORMAL_DISTRIBUTION","geomMean":7.35E-4,"geomSd":7.631162122184823}},{"@type":"Exchange","isAvoidedProduct":false,"isInput":false,"amount":1.76E-6,"dqEntry":"(1;1;5;1;1)","description":"Emissions from long-term leachate (\u003e100a) directly from MSW landfill and indirectly via incineration of treatement sludge from leachate treatement. Uncertainty calculated depending on waste input and uncertainty of long-term transfer coefficents in landfill.","internalId":17,"flow":{"@type":"Flow","@id":"1e904267-caa3-40e6-a3a0-fc104489770b","name":"Cobalt II","category":"Elementary flows/Emission to water/ground water, long-term","flowType":"ELEMENTARY_FLOW","refUnit":"kg"},"unit":{"@type":"Unit","@id":"20aadc24-a391-41cf-b340-3e4529f44bde","name":"kg"},"flowProperty":{"@type":"FlowProperty","@id":"93a60a56-a3c8-11da-a746-0800200b9a66","name":"Mass","category":"Technical flow properties","refUnit":"kg"},"uncertainty":{"@type":"Uncertainty","distributionType":"LOG_NORMAL_DISTRIBUTION","geomMean":1.76E-6,"geomSd":3.389408971740916}},{"@type":"Exchange","isAvoidedProduct":false,"isInput":true,"amount":5.45E-10,"dqEntry":"(5;5;5;5;5)","description":"burden from wastewater treatment of the short-term leachate (0-100a). Uncertainty calculated from unertainty of the waste composition of this waste, uncertainty in waste decomposition and short-term leaching in sanitary landfill","internalId":7,"flow":{"@type":"Flow","@id":"4b7caf07-335d-4479-a3dc-08b87c156cd0","name":"sewer grid, 5E9l/year, 110 km","category":"F:Construction/42:Civil engineering/422:Construction of utility projects/4220:Construction of utility projects","flowType":"PRODUCT_FLOW","refUnit":"m"},"unit":{"@type":"Unit","@id":"715ca68e-0ac5-4c4b-b557-fdc36623be88","name":"km"},"flowProperty":{"@type":"FlowProperty","@id":"838aaa23-0117-11db-92e3-0800200c9a66","name":"Length","category":"Technical flow properties","refUnit":"m"},"uncertainty":{"@type":"Uncertainty","distributionType":"LOG_NORMAL_DISTRIBUTION","geomMean":5.45E-10,"geomSd":1.0247973619913604},"defaultProvider":{"@type":"Process","@id":"9f7e47da-f828-3256-a54a-b6762c8cd6c6","name":"sewer grid construction, 5E9l/year, 110 km | sewer grid, 5E9l/year, 110 km | Consequential, U","category":"F:Construction/42:Civil engineering/422:Construction of utility projects/4220:Construction of utility projects","processType":"UNIT_PROCESS","flowType":"PRODUCT_FLOW","location":"CH"}},{"@type":"Exchange","isAvoidedProduct":false,"isInput":false,"amount":2.94E-5,"dqEntry":"(1;1;5;1;1)","description":"Emissions from long-term leachate (\u003e100a) directly from MSW landfill and indirectly via incineration of treatement sludge from leachate treatement. Uncertainty calculated depending on waste input and uncertainty of long-term transfer coefficents in landfill.","internalId":21,"flow":{"@type":"Flow","@id":"0ff15165-d761-48c9-9814-2d1dcdd56857","name":"Lead II","category":"Elementary flows/Emission to water/ground water, long-term","flowType":"ELEMENTARY_FLOW","refUnit":"kg"},"unit":{"@type":"Unit","@id":"20aadc24-a391-41cf-b340-3e4529f44bde","name":"kg"},"flowProperty":{"@type":"FlowProperty","@id":"93a60a56-a3c8-11da-a746-0800200b9a66","name":"Mass","category":"Technical flow properties","refUnit":"kg"},"uncertainty":{"@type":"Uncertainty","distributionType":"LOG_NORMAL_DISTRIBUTION","geomMean":2.94E-5,"geomSd":2.8814698381466632}},{"@type":"Exchange","isAvoidedProduct":false,"isInput":false,"amount":1.33E-6,"dqEntry":"(1;1;5;1;1)","description":"Emissions from long-term leachate (\u003e100a) directly from MSW landfill and indirectly via incineration of treatement sludge from leachate treatement. Uncertainty calculated depending on waste input and uncertainty of long-term transfer coefficents in landfill.","internalId":30,"flow":{"@type":"Flow","@id":"60a6702f-20ad-444f-a6df-f6374f1e3183","name":"Tin ion","category":"Elementary flows/Emission to water/ground water, long-term","flowType":"ELEMENTARY_FLOW","refUnit":"kg"},"unit":{"@type":"Unit","@id":"20aadc24-a391-41cf-b340-3e4529f44bde","name":"kg"},"flowProperty":{"@type":"FlowProperty","@id":"93a60a56-a3c8-11da-a746-0800200b9a66","name":"Mass","category":"Technical flow properties","refUnit":"kg"},"uncertainty":{"@type":"Uncertainty","distributionType":"LOG_NORMAL_DISTRIBUTION","geomMean":1.33E-6,"geomSd":3.4450268132961317}},{"@type":"Exchange","isAvoidedProduct":false,"isInput":true,"amount":4.4928E-5,"dqEntry":"(5;5;5;5;5)","description":"burden from wastewater treatment of the short-term leachate (0-100a). Uncertainty calculated from unertainty of the waste composition of this waste, uncertainty in waste decomposition and short-term leaching in sanitary landfill","internalId":4,"flow":{"@type":"Flow","@id":"1125e767-7b5d-442e-81d6-9b0d3e1919ac","name":"heat, district or industrial, natural gas","category":"D:Electricity, gas, steam and air conditioning supply/35:Electricity, gas, steam and air conditioning supply/353:Steam and air conditioning supply/3530:Steam and air conditioning supply","flowType":"PRODUCT_FLOW","refUnit":"MJ"},"unit":{"@type":"Unit","@id":"52765a6c-3896-43c2-b2f4-c679acf13efe","name":"MJ"},"flowProperty":{"@type":"FlowProperty","@id":"f6811440-ee37-11de-8a39-0800200c9a66","name":"Energy","category":"Technical flow properties","refUnit":"MJ"},"uncertainty":{"@type":"Uncertainty","distributionType":"LOG_NORMAL_DISTRIBUTION","geomMean":4.4928E-5,"geomSd":1.0247973619913604},"defaultProvider":{"@type":"Process","@id":"2184cc29-0594-32bd-b0a0-edc494dae9f1","name":"market for heat, district or industrial, natural gas | heat, district or industrial, natural gas | Consequential, U","category":"D:Electricity, gas, steam and air conditioning supply/35:Electricity, gas, steam and air conditioning supply/353:Steam and air conditioning supply/3530:Steam and air conditioning supply","processType":"UNIT_PROCESS","flowType":"PRODUCT_FLOW","location":"CH"}},{"@type":"Exchange","isAvoidedProduct":false,"isInput":false,"amount":1.86E-4,"dqEntry":"(1;1;5;1;1)","description":"Emissions from long-term leachate (\u003e100a) directly from MSW landfill and indirectly via incineration of treatement sludge from leachate treatement. Uncertainty calculated depending on waste input and uncertainty of long-term transfer coefficents in landfill.","internalId":22,"flow":{"@type":"Flow","@id":"835d0907-a668-4d92-b6b6-7b56fa343713","name":"Manganese II","category":"Elementary flows/Emission to water/ground water, long-term","flowType":"ELEMENTARY_FLOW","refUnit":"kg"},"unit":{"@type":"Unit","@id":"20aadc24-a391-41cf-b340-3e4529f44bde","name":"kg"},"flowProperty":{"@type":"FlowProperty","@id":"93a60a56-a3c8-11da-a746-0800200b9a66","name":"Mass","category":"Technical flow properties","refUnit":"kg"},"uncertainty":{"@type":"Uncertainty","distributionType":"LOG_NORMAL_DISTRIBUTION","geomMean":1.86E-4,"geomSd":2.55507902305156}},{"@type":"Exchange","isAvoidedProduct":false,"isInput":false,"amount":7.04E-4,"dqEntry":"(1;1;5;1;1)","description":"Emissions from long-term leachate (\u003e100a) directly from MSW landfill and indirectly via incineration of treatement sludge from leachate treatement. Uncertainty calculated depending on waste input and uncertainty of long-term transfer coefficents in landfill.","internalId":20,"flow":{"@type":"Flow","@id":"9b6d6f07-ebc6-447d-a3c0-f2017d77d852","name":"Iron ion","category":"Elementary flows/Emission to water/ground water, long-term","flowType":"ELEMENTARY_FLOW","refUnit":"kg"},"unit":{"@type":"Unit","@id":"20aadc24-a391-41cf-b340-3e4529f44bde","name":"kg"},"flowProperty":{"@type":"FlowProperty","@id":"93a60a56-a3c8-11da-a746-0800200b9a66","name":"Mass","category":"Technical flow properties","refUnit":"kg"},"uncertainty":{"@type":"Uncertainty","distributionType":"LOG_NORMAL_DISTRIBUTION","geomMean":7.04E-4,"geomSd":4.31835215477325}},{"@type":"Exchange","isAvoidedProduct":false,"isInput":false,"amount":6.65E-5,"dqEntry":"(1;1;5;1;1)","description":"Emissions from long-term leachate (\u003e100a) directly from MSW landfill and indirectly via incineration of treatement sludge from leachate treatement. Uncertainty calculated depending on waste input and uncertainty of long-term transfer coefficents in landfill.","internalId":32,"flow":{"@type":"Flow","@id":"bdce3a7c-e008-4391-be26-285f71a02453","name":"Zinc II","category":"Elementary flows/Emission to water/ground water, long-term","flowType":"ELEMENTARY_FLOW","refUnit":"kg"},"unit":{"@type":"Unit","@id":"20aadc24-a391-41cf-b340-3e4529f44bde","name":"kg"},"flowProperty":{"@type":"FlowProperty","@id":"93a60a56-a3c8-11da-a746-0800200b9a66","name":"Mass","category":"Technical flow properties","refUnit":"kg"},"uncertainty":{"@type":"Uncertainty","distributionType":"LOG_NORMAL_DISTRIBUTION","geomMean":6.65E-5,"geomSd":2.718281828459045}},{"@type":"Exchange","isAvoidedProduct":false,"isInput":false,"amount":0.0138,"dqEntry":"(1;1;5;1;1)","description":"Emissions from long-term leachate (\u003e100a) directly from MSW landfill and indirectly via incineration of treatement sludge from leachate treatement. Uncertainty calculated depending on waste input and uncertainty of long-term transfer coefficents in landfill.","internalId":28,"flow":{"@type":"Flow","@id":"bfc0bf1c-e5e2-4702-a502-08c892031837","name":"Sulfate","category":"Elementary flows/Emission to water/ground water, long-term","flowType":"ELEMENTARY_FLOW","refUnit":"kg"},"unit":{"@type":"Unit","@id":"20aadc24-a391-41cf-b340-3e4529f44bde","name":"kg"},"flowProperty":{"@type":"FlowProperty","@id":"93a60a56-a3c8-11da-a746-0800200b9a66","name":"Mass","category":"Technical flow properties","refUnit":"kg"},"uncertainty":{"@type":"Uncertainty","distributionType":"LOG_NORMAL_DISTRIBUTION","geomMean":0.0138,"geomSd":1.9558412215673548}},{"@type":"Exchange","isAvoidedProduct":false,"isInput":true,"amount":5.56E-10,"dqEntry":"(1;1;5;1;1)","description":"demands per kilogram waste. uncertainty is heeded in the module\nThis exchange has an activity link directly to the producing activity because the product is primarily consumed in the same geographical area where it is produced. ","internalId":6,"flow":{"@type":"Flow","@id":"b3b9ef80-e096-4d20-9d1a-c1002e24362f","name":"sanitary landfill facility","category":"F:Construction/42:Civil engineering/429:Construction of other civil engineering projects/4290:Construction of other civil engineering projects","flowType":"PRODUCT_FLOW","refUnit":"Item(s)"},"unit":{"@type":"Unit","@id":"6dabe201-aaac-4509-92f0-d00c26cb72ab","name":"Item(s)"},"flowProperty":{"@type":"FlowProperty","@id":"01846770-4cfe-4a25-8ad9-919d8d378345","name":"Number of items","category":"Technical flow properties","refUnit":"Item(s)"},"uncertainty":{"@type":"Uncertainty","distributionType":"LOG_NORMAL_DISTRIBUTION","geomMean":5.56E-10,"geomSd":1.0},"defaultProvider":{"@type":"Process","@id":"697cddbe-ebc1-3d56-98ce-2b64ed00ea87","name":"sanitary landfill facility construction | sanitary landfill facility | Consequential, U","category":"F:Construction/42:Civil engineering/429:Construction of other civil engineering projects/4290:Construction of other civil engineering projects","processType":"UNIT_PROCESS","flowType":"PRODUCT_FLOW","location":"CH"}},{"@type":"Exchange","isAvoidedProduct":false,"isInput":true,"amount":3.2524E-5,"dqEntry":"(5;5;5;5;5)","description":"burden from wastewater treatment of the short-term leachate (0-100a). Uncertainty calculated from unertainty of the waste composition of this waste, uncertainty in waste decomposition and short-term leaching in sanitary landfill","internalId":3,"flow":{"@type":"Flow","@id":"dd80f0f2-f4d5-40f0-9035-09c1a7f3f07b","name":"heat, central or small-scale, other than natural gas","category":"D:Electricity, gas, steam and air conditioning supply/35:Electricity, gas, steam and air conditioning supply/353:Steam and air conditioning supply/3530:Steam and air conditioning supply","flowType":"PRODUCT_FLOW","refUnit":"MJ"},"unit":{"@type":"Unit","@id":"52765a6c-3896-43c2-b2f4-c679acf13efe","name":"MJ"},"flowProperty":{"@type":"FlowProperty","@id":"f6811440-ee37-11de-8a39-0800200c9a66","name":"Energy","category":"Technical flow properties","refUnit":"MJ"},"uncertainty":{"@type":"Uncertainty","distributionType":"LOG_NORMAL_DISTRIBUTION","geomMean":3.2524E-5,"geomSd":1.0247973619913604},"defaultProvider":{"@type":"Process","@id":"87869d33-2ed6-33df-a157-d8dbefccb1c3","name":"market for heat, central or small-scale, other than natural gas | heat, central or small-scale, other than natural gas | Consequential, U","category":"D:Electricity, gas, steam and air conditioning supply/35:Electricity, gas, steam and air conditioning supply/353:Steam and air conditioning supply/3530:Steam and air conditioning supply","processType":"UNIT_PROCESS","flowType":"PRODUCT_FLOW","location":"CH"}},{"@type":"Exchange","isAvoidedProduct":false,"isInput":false,"amount":0.0134,"dqEntry":"(1;1;5;1;1)","description":"Emissions from long-term leachate (\u003e100a) directly from MSW landfill and indirectly via incineration of treatement sludge from leachate treatement. Uncertainty calculated depending on waste input and uncertainty of long-term transfer coefficents in landfill.","internalId":11,"flow":{"@type":"Flow","@id":"01056d4b-f9b0-4dfc-b8d9-8407c8376efb","name":"Aluminium III","category":"Elementary flows/Emission to water/ground water, long-term","flowType":"ELEMENTARY_FLOW","refUnit":"kg"},"unit":{"@type":"Unit","@id":"20aadc24-a391-41cf-b340-3e4529f44bde","name":"kg"},"flowProperty":{"@type":"FlowProperty","@id":"93a60a56-a3c8-11da-a746-0800200b9a66","name":"Mass","category":"Technical flow properties","refUnit":"kg"},"uncertainty":{"@type":"Uncertainty","distributionType":"LOG_NORMAL_DISTRIBUTION","geomMean":0.0134,"geomSd":1.7761645008867977}},{"@type":"Exchange","isAvoidedProduct":false,"isInput":true,"amount":1.42E-11,"dqEntry":"(5;5;5;5;5)","description":"burden from wastewater treatment of the short-term leachate (0-100a). Uncertainty calculated from unertainty of the waste composition of this waste, uncertainty in waste decomposition and short-term leaching in sanitary landfill","internalId":10,"flow":{"@type":"Flow","@id":"0d978369-c529-46f1-97b8-bdb539bf31ba","name":"wastewater treatment facility, capacity 5E9l/year","category":"F:Construction/42:Civil engineering/422:Construction of utility projects/4220:Construction of utility projects","flowType":"PRODUCT_FLOW","refUnit":"Item(s)"},"unit":{"@type":"Unit","@id":"6dabe201-aaac-4509-92f0-d00c26cb72ab","name":"Item(s)"},"flowProperty":{"@type":"FlowProperty","@id":"01846770-4cfe-4a25-8ad9-919d8d378345","name":"Number of items","category":"Technical flow properties","refUnit":"Item(s)"},"uncertainty":{"@type":"Uncertainty","distributionType":"LOG_NORMAL_DISTRIBUTION","geomMean":1.42E-11,"geomSd":1.0247973619913604},"defaultProvider":{"@type":"Process","@id":"e24d336f-1a80-3a74-9fed-4405fa5365fb","name":"wastewater treatment facility construction, capacity 5E9l/year | wastewater treatment facility, capacity 5E9l/year | Consequential, U","category":"F:Construction/42:Civil engineering/422:Construction of utility projects/4220:Construction of utility projects","processType":"UNIT_PROCESS","flowType":"PRODUCT_FLOW","location":"CH"}},{"@type":"Exchange","isAvoidedProduct":false,"isInput":false,"amount":4.81E-6,"dqEntry":"(1;1;5;1;1)","description":"Emissions from long-term leachate (\u003e100a) directly from MSW landfill and indirectly via incineration of treatement sludge from leachate treatement. Uncertainty calculated depending on waste input and uncertainty of long-term transfer coefficents in landfill.","internalId":25,"flow":{"@type":"Flow","@id":"490b267b-f429-4d9a-ac79-224e37fb4d58","name":"Phosphate","category":"Elementary flows/Emission to water/ground water, long-term","flowType":"ELEMENTARY_FLOW","refUnit":"kg"},"unit":{"@type":"Unit","@id":"20aadc24-a391-41cf-b340-3e4529f44bde","name":"kg"},"flowProperty":{"@type":"FlowProperty","@id":"93a60a56-a3c8-11da-a746-0800200b9a66","name":"Mass","category":"Technical flow properties","refUnit":"kg"},"uncertainty":{"@type":"Uncertainty","distributionType":"LOG_NORMAL_DISTRIBUTION","geomMean":4.81E-6,"geomSd":14.361952450465623}},{"@type":"Exchange","isAvoidedProduct":false,"isInput":true,"amount":7.0E-5,"dqEntry":"(5;5;5;5;5)","description":"burden from wastewater treatment of the short-term leachate (0-100a). Uncertainty calculated from unertainty of the waste composition of this waste, uncertainty in waste decomposition and short-term leaching in sanitary landfill","internalId":2,"flow":{"@type":"Flow","@id":"d69294d7-8d64-4915-a896-9996a014c410","name":"electricity, low voltage","category":"D:Electricity, gas, steam and air conditioning supply/35:Electricity, gas, steam and air conditioning supply/351:Electric power generation, transmission and distribution/3510:Electric power generation, transmission and distribution","flowType":"PRODUCT_FLOW","refUnit":"MJ"},"unit":{"@type":"Unit","@id":"86ad2244-1f0e-4912-af53-7865283103e4","name":"kWh"},"flowProperty":{"@type":"FlowProperty","@id":"f6811440-ee37-11de-8a39-0800200c9a66","name":"Energy","category":"Technical flow properties","refUnit":"MJ"},"uncertainty":{"@type":"Uncertainty","distributionType":"LOG_NORMAL_DISTRIBUTION","geomMean":7.0E-5,"geomSd":1.0247973619913604},"defaultProvider":{"@type":"Process","@id":"52b71783-2050-3afa-abba-81770419d3db","name":"market for electricity, low voltage | electricity, low voltage | Consequential, U","category":"D:Electricity, gas, steam and air conditioning supply/35:Electricity, gas, steam and air conditioning supply/351:Electric power generation, transmission and distribution/3510:Electric power generation, transmission and distribution","processType":"UNIT_PROCESS","flowType":"PRODUCT_FLOW","location":"CH"}},{"@type":"Exchange","isAvoidedProduct":false,"isInput":true,"amount":1.0,"dqEntry":"(1;1;5;1;1)","description":"demands per kilogram waste. uncertainty is heeded in the module;activityLink introduced to establish a direct link to the corresponding regional supply of this product","internalId":5,"flow":{"@type":"Flow","@id":"4a2aeb6d-125d-4473-8df7-310d98da3e2d","name":"process-specific burdens, sanitary landfill","category":"E:Water supply; sewerage, waste management and remediation activities/38:Waste collection, treatment and disposal activities; materials recovery/382:Waste treatment and disposal/3821:Treatment and disposal of non-hazardous waste","flowType":"PRODUCT_FLOW","refUnit":"kg"},"unit":{"@type":"Unit","@id":"20aadc24-a391-41cf-b340-3e4529f44bde","name":"kg"},"flowProperty":{"@type":"FlowProperty","@id":"93a60a56-a3c8-11da-a746-0800200b9a66","name":"Mass","category":"Technical flow properties","refUnit":"kg"},"uncertainty":{"@type":"Uncertainty","distributionType":"LOG_NORMAL_DISTRIBUTION","geomMean":1.0,"geomSd":1.0},"defaultProvider":{"@type":"Process","@id":"9a7ddb84-5768-349d-8325-c59477d3cab7","name":"process-specific burdens, sanitary landfill | process-specific burdens, sanitary landfill | Consequential, U","category":"E:Water supply; sewerage, waste management and remediation activities/38:Waste collection, treatment and disposal activities; materials recovery/382:Waste treatment and disposal/3821:Treatment and disposal of non-hazardous waste","processType":"UNIT_PROCESS","flowType":"PRODUCT_FLOW","location":"CH"}},{"@type":"Exchange","isAvoidedProduct":false,"isInput":false,"amount":0.00412,"dqEntry":"(1;1;5;1;1)","description":"Emissions from long-term leachate (\u003e100a) directly from MSW landfill and indirectly via incineration of treatement sludge from leachate treatement. Uncertainty calculated depending on waste input and uncertainty of long-term transfer coefficents in landfill.","internalId":27,"flow":{"@type":"Flow","@id":"fb83d61e-6fe3-4da7-8eb2-b0e2dc85a76d","name":"Sodium I","category":"Elementary flows/Emission to water/ground water, long-term","flowType":"ELEMENTARY_FLOW","refUnit":"kg"},"unit":{"@type":"Unit","@id":"20aadc24-a391-41cf-b340-3e4529f44bde","name":"kg"},"flowProperty":{"@type":"FlowProperty","@id":"93a60a56-a3c8-11da-a746-0800200b9a66","name":"Mass","category":"Technical flow properties","refUnit":"kg"},"uncertainty":{"@type":"Uncertainty","distributionType":"LOG_NORMAL_DISTRIBUTION","geomMean":0.00412,"geomSd":1.9993463917594185}},{"@type":"Exchange","isAvoidedProduct":false,"isInput":false,"amount":1.93E-7,"dqEntry":"(1;1;5;1;1)","description":"Emissions from long-term leachate (\u003e100a) directly from MSW landfill and indirectly via incineration of treatement sludge from leachate treatement. Uncertainty calculated depending on waste input and uncertainty of long-term transfer coefficents in landfill.","internalId":29,"flow":{"@type":"Flow","@id":"7e9baf19-8fa4-49c6-a3c2-2e875217e60b","name":"Thallium I","category":"Elementary flows/Emission to water/ground water, long-term","flowType":"ELEMENTARY_FLOW","refUnit":"kg"},"unit":{"@type":"Unit","@id":"20aadc24-a391-41cf-b340-3e4529f44bde","name":"kg"},"flowProperty":{"@type":"FlowProperty","@id":"93a60a56-a3c8-11da-a746-0800200b9a66","name":"Mass","category":"Technical flow properties","refUnit":"kg"},"uncertainty":{"@type":"Uncertainty","distributionType":"LOG_NORMAL_DISTRIBUTION","geomMean":1.93E-7,"geomSd":3.7968296140668385}},{"@type":"Exchange","isAvoidedProduct":false,"isInput":false,"amount":9.69E-8,"dqEntry":"(1;1;5;1;1)","description":"Emissions from long-term leachate (\u003e100a) directly from MSW landfill and indirectly via incineration of treatement sludge from leachate treatement. Uncertainty calculated depending on waste input and uncertainty of long-term transfer coefficents in landfill.","internalId":16,"flow":{"@type":"Flow","@id":"ef475b50-9cd0-4e7c-9c59-07868fe16e91","name":"Chromium VI","category":"Elementary flows/Emission to water/ground water, long-term","flowType":"ELEMENTARY_FLOW","refUnit":"kg"},"unit":{"@type":"Unit","@id":"20aadc24-a391-41cf-b340-3e4529f44bde","name":"kg"},"flowProperty":{"@type":"FlowProperty","@id":"93a60a56-a3c8-11da-a746-0800200b9a66","name":"Mass","category":"Technical flow properties","refUnit":"kg"},"uncertainty":{"@type":"Uncertainty","distributionType":"LOG_NORMAL_DISTRIBUTION","geomMean":9.69E-8,"geomSd":18.29976779098629}},{"@type":"Exchange","isAvoidedProduct":false,"isInput":false,"amount":1.71E-8,"dqEntry":"(1;1;5;1;1)","description":"Emissions from long-term leachate (\u003e100a) directly from MSW landfill and indirectly via incineration of treatement sludge from leachate treatement. Uncertainty calculated depending on waste input and uncertainty of long-term transfer coefficents in landfill.","internalId":23,"flow":{"@type":"Flow","@id":"40f89b03-64f8-466d-9480-bca47d8a435c","name":"Mercury II","category":"Elementary flows/Emission to water/ground water, long-term","flowType":"ELEMENTARY_FLOW","refUnit":"kg"},"unit":{"@type":"Unit","@id":"20aadc24-a391-41cf-b340-3e4529f44bde","name":"kg"},"flowProperty":{"@type":"FlowProperty","@id":"93a60a56-a3c8-11da-a746-0800200b9a66","name":"Mass","category":"Technical flow properties","refUnit":"kg"},"uncertainty":{"@type":"Uncertainty","distributionType":"LOG_NORMAL_DISTRIBUTION","geomMean":1.71E-8,"geomSd":3.9973859942414065}},{"@type":"Exchange","isAvoidedProduct":false,"isInput":true,"amount":1.0,"internalId":35,"flow":{"@type":"Flow","@id":"27da8130-82ba-485c-a800-b89efdcb0491","name":"municipal solid waste","category":"E:Water supply; sewerage, waste management and remediation activities/38:Waste collection, treatment and disposal activities; materials recovery/382:Waste treatment and disposal/3821:Treatment and disposal of non-hazardous waste","flowType":"WASTE_FLOW","refUnit":"kg"},"unit":{"@type":"Unit","@id":"20aadc24-a391-41cf-b340-3e4529f44bde","name":"kg"},"flowProperty":{"@type":"FlowProperty","@id":"93a60a56-a3c8-11da-a746-0800200b9a66","name":"Mass","category":"Technical flow properties","refUnit":"kg"},"isQuantitativeReference":true}],"socialAspects":[],"allocationFactors":[]}