{"@type":"Process","@id":"b05addfb-0096-3af3-9d7f-70ccc36214a9","name":"plastic flake production, consumer electronics, for recycling, by grinding/shredding, formal sector | plastic flake, consumer electronics, for recycling | Cutoff, U","description":"The formal plastic recycling sector in India contributes to a comparitively smaller percentage of the overall plastic recycling of the country in comparison with the informal sector. Once the received plastics are segregated, cleaned and sorted, the plastics are ground into smaller flakes. The grinding phase generally comprises of shredders that reduce bulk plastics into smaller flakes. Visited formal recyclers were from different parts of the country based out of Pune, Bangalore, Hyderabad. Electricity is obtained from the grid. Data collection questionnaire was circulated amongst the recyclers and on-site visits were carried out. Information provided was verified and actual readings were taken related to electrical energy consumption the formal sector. The dataset is representation of production of plastic wastes from grinding operations. This dataset include activities that occur once the material is sorted and is received for grinding or shredding. This dataset includes activities until the received sorted waste plastics is ground or shredded into smaller plastic flakes. Dataset documentation: https://v391.ecoquery.ecoinvent.org/Details/UPR/7f02e6ca-7e26-4398-9833-81fcc9788dd4/290c1f85-4cc4-4fa1-b0c8-2cb7f4276dce","category":"D:Electricity, gas, steam and air conditioning supply/E:Water supply; sewerage, waste management and remediation activities/38:Waste collection, treatment and disposal activities; materials recovery/383:Materials recovery/3830:Materials recovery","version":"03.07.007","lastChange":"2024-02-24T09:01:20.228Z","processType":"UNIT_PROCESS","isInfrastructureProcess":false,"location":{"@type":"Location","@id":"13b5bfe9-6f3e-3fe4-91c9-f66f4a582adf","name":"India"},"processDocumentation":{"timeDescription":"The recycling sector has been following this method for several years. There is no anticipated change in the next few years in their method of working. However, with the new e-waste rules in the country, bringing in more focus on sustainable recycling, certain changes are expected to occur over a period of time.","technologyDescription":"The technology that is used in the formal sector is standard and is uniformly adopted by all the formal recyclers. The equipment is maintained and is not of very old technology.","dataTreatmentDescription":"The geography included for the formal sector is a wide representation of formal recyclers spread across the country. \n","samplingDescription":"An initial data collection questionnaire was circulated amongst the recyclers. On-site visits were carried out and data was collected from leading recyclers in the formal recycling sector. Information provided was verified and readings were taken for information that is unavailable with the formal sector. The recyclers were engaged into recycling of plastics mainly Polycarbonate (PC), High Impact Polystyrene (HIPS), Acrylonitrile Butadiene Styrene (ABS), Poly Propylene (PP) etc.Data collected from different recyclers was compiled in the excel sheets and analysed. All the data was aggregated to per 1000 kgs of production of plastic flakes.","isCopyrightProtected":true,"geographyDescription":"The geography included for the formal sector includes the leading formal plastic recyclers spread across the country. ","creationDate":"2017-09-28T16:51:16","validFrom":"2017-01-01","validUntil":"2022-12-31","dataDocumentor":{"@type":"Actor","@id":"56b7f5f8-e7da-44bc-84ed-7a37976ad8d6","name":"Prasad Gangane"},"dataGenerator":{"@type":"Actor","@id":"56b7f5f8-e7da-44bc-84ed-7a37976ad8d6","name":"Prasad Gangane"},"publication":{"@type":"Source","@id":"89553a42-a36b-48a0-9e18-e9a569b3c03a","name":"Gangane, P.2017"}},"lastInternalId":5,"exchangeDqSystem":{"@type":"DQSystem","@id":"e7ac7cf6-5457-453e-99f9-d889826fffe8","name":"Ecoinvent Data Quality System"},"parameters":[],"exchanges":[{"@type":"Exchange","isAvoidedProduct":false,"isInput":false,"amount":1.0,"description":"plastic flakes produced from the grinding operations.","costValue":0.6,"currency":{"@type":"Currency","@id":"7de74e65-ff97-404f-bf57-5d2a9134fb43","name":"Euro","refUnit":"EUR"},"internalId":1,"flow":{"@type":"Flow","@id":"a9b2fe27-bc40-4a22-a2c8-e320425c0086","name":"plastic flake, consumer electronics, for recycling","category":"E:Water supply; sewerage, waste management and remediation activities/38:Waste collection, treatment and disposal activities; materials recovery/383:Materials recovery/3830:Materials recovery","flowType":"PRODUCT_FLOW","refUnit":"kg"},"unit":{"@type":"Unit","@id":"20aadc24-a391-41cf-b340-3e4529f44bde","name":"kg"},"flowProperty":{"@type":"FlowProperty","@id":"93a60a56-a3c8-11da-a746-0800200b9a66","name":"Mass","category":"Technical flow properties","refUnit":"kg"}},{"@type":"Exchange","isAvoidedProduct":false,"isInput":true,"amount":0.94736842,"dqEntry":"(2;5;3;2;2)","description":"This exchange represents the cleaned and sorted material used by formal and informal plastic recycling sectors in India. These recyclers are engaged into recycling of different plastic types from e-waste/WEEE, mainly Polycarbonate (PC), High Impact Polystyrene (HIPS), Acrylonitrile Butadiene Styrene (ABS), Poly Propylene (PP) etc","internalId":4,"flow":{"@type":"Flow","@id":"2cb0d6c6-349c-46fc-b31f-a036c847a267","name":"waste plastic, consumer electronics, sorted","category":"E:Water supply; sewerage, waste management and remediation activities/38:Waste collection, treatment and disposal activities; materials recovery/383:Materials recovery/3830:Materials recovery","flowType":"PRODUCT_FLOW","refUnit":"kg"},"unit":{"@type":"Unit","@id":"20aadc24-a391-41cf-b340-3e4529f44bde","name":"kg"},"flowProperty":{"@type":"FlowProperty","@id":"93a60a56-a3c8-11da-a746-0800200b9a66","name":"Mass","category":"Technical flow properties","refUnit":"kg"},"uncertainty":{"@type":"Uncertainty","distributionType":"LOG_NORMAL_DISTRIBUTION","geomMean":947.36842,"geomSd":1.2214027581601699},"defaultProvider":{"@type":"Process","@id":"9f5bb17a-600a-309e-980b-cfed5a9bd31b","name":"treatment of waste plastic, consumer electronics, dismantling, sorting and cleaning, formal sector | waste plastic, consumer electronics, sorted | Cutoff, U","category":"D:Electricity, gas, steam and air conditioning supply/E:Water supply; sewerage, waste management and remediation activities/38:Waste collection, treatment and disposal activities; materials recovery/383:Materials recovery/3830:Materials recovery","processType":"UNIT_PROCESS","flowType":"PRODUCT_FLOW","location":"IN"},"isQuantitativeReference":true},{"@type":"Exchange","isAvoidedProduct":false,"isInput":true,"amount":0.02852,"dqEntry":"(2;5;3;2;2)","description":"Electricity consumed in shredding operations","internalId":3,"flow":{"@type":"Flow","@id":"d69294d7-8d64-4915-a896-9996a014c410","name":"electricity, low voltage","category":"D:Electricity, gas, steam and air conditioning supply/35:Electricity, gas, steam and air conditioning supply/351:Electric power generation, transmission and distribution/3510:Electric power generation, transmission and distribution","flowType":"PRODUCT_FLOW","refUnit":"MJ"},"unit":{"@type":"Unit","@id":"86ad2244-1f0e-4912-af53-7865283103e4","name":"kWh"},"flowProperty":{"@type":"FlowProperty","@id":"f6811440-ee37-11de-8a39-0800200c9a66","name":"Energy","category":"Technical flow properties","refUnit":"MJ"},"uncertainty":{"@type":"Uncertainty","distributionType":"LOG_NORMAL_DISTRIBUTION","geomMean":28.52,"geomSd":1.4139824580805163},"defaultProvider":{"@type":"Process","@id":"1d2d1910-a3ca-385b-a98f-94bd02d465f3","name":"market group for electricity, low voltage | electricity, low voltage | Cutoff, U","category":"D:Electricity, gas, steam and air conditioning supply/35:Electricity, gas, steam and air conditioning supply/351:Electric power generation, transmission and distribution/3510:Electric power generation, transmission and distribution","processType":"UNIT_PROCESS","flowType":"PRODUCT_FLOW","location":"IN"}},{"@type":"Exchange","isAvoidedProduct":false,"isInput":true,"amount":0.05263158,"dqEntry":"(2;5;3;2;2)","description":"It is proxy for Ethylene Propylene Diene (EPDM) Chemical. EPDM is is a copolymer of ethylene, propylene and a small amount of non-conjugated diene monomers (3 - 9 percent) which provide cross-linking sites for vulcanization and is used by formal recyclers. http://polymerdatabase.com/Elastomers/EPDM.html","internalId":2,"flow":{"@type":"Flow","@id":"2be73167-58e8-4706-a68f-167c80df9f72","name":"chemical, organic","category":"C:Manufacturing/20:Manufacture of chemicals and chemical products/201:Manufacture of basic chemicals, fertilizers and nitrogen compounds, plastics","flowType":"PRODUCT_FLOW","refUnit":"kg"},"unit":{"@type":"Unit","@id":"20aadc24-a391-41cf-b340-3e4529f44bde","name":"kg"},"flowProperty":{"@type":"FlowProperty","@id":"93a60a56-a3c8-11da-a746-0800200b9a66","name":"Mass","category":"Technical flow properties","refUnit":"kg"},"uncertainty":{"@type":"Uncertainty","distributionType":"LOG_NORMAL_DISTRIBUTION","geomMean":52.63158,"geomSd":1.2214027581601699},"defaultProvider":{"@type":"Process","@id":"4beff171-b8bf-388f-9b6b-141959c9e0a2","name":"market for chemical, organic | chemical, organic | Cutoff, U","category":"C:Manufacturing/20:Manufacture of chemicals and chemical products/201:Manufacture of basic chemicals, fertilizers and nitrogen compounds, plastics","processType":"UNIT_PROCESS","flowType":"PRODUCT_FLOW","location":"GLO"}},{"@type":"Exchange","isAvoidedProduct":false,"isInput":false,"amount":1.0,"costValue":0.6,"currency":{"@type":"Currency","@id":"7de74e65-ff97-404f-bf57-5d2a9134fb43","name":"Euro","refUnit":"EUR"},"internalId":5,"flow":{"@type":"Flow","@id":"b7237883-7415-47c2-902f-4db28490bec1","name":"plastic flake, consumer electronics, for recycling","category":"MSW/recycled products","flowType":"ELEMENTARY_FLOW","refUnit":"kg"},"unit":{"@type":"Unit","@id":"20aadc24-a391-41cf-b340-3e4529f44bde","name":"kg"},"flowProperty":{"@type":"FlowProperty","@id":"93a60a56-a3c8-11da-a746-0800200b9a66","name":"Mass","category":"Technical flow properties","refUnit":"kg"}}],"socialAspects":[],"allocationFactors":[]}