{"@type":"Process","@id":"c9d8c912-1087-477e-98e1-87c194ccb8cf","name":"other waste process","description":"","category":"MSW/Current Management/USA/other","version":"00.00.002","lastChange":"2024-12-13T11:21:27.599Z","processType":"UNIT_PROCESS","isInfrastructureProcess":false,"processDocumentation":{"isCopyrightProtected":false,"creationDate":"2024-12-13T19:19:34.913"},"lastInternalId":3,"parameters":[],"exchanges":[{"@type":"Exchange","isAvoidedProduct":false,"isInput":true,"amount":1.0,"internalId":1,"flow":{"@type":"Flow","@id":"8ad2a6bc-f380-4d01-a0b7-49ca90661288","name":"other waste","category":"MSW","flowType":"WASTE_FLOW","refUnit":"kg"},"unit":{"@type":"Unit","@id":"20aadc24-a391-41cf-b340-3e4529f44bde","name":"kg"},"flowProperty":{"@type":"FlowProperty","@id":"93a60a56-a3c8-11da-a746-0800200b9a66","name":"Mass","category":"Technical flow properties","refUnit":"kg"},"isQuantitativeReference":true},{"@type":"Exchange","isAvoidedProduct":false,"isInput":false,"amount":1.0,"internalId":2,"flow":{"@type":"Flow","@id":"2ff22499-f669-4b22-9fd2-4df19a8322b9","name":"Landfill","category":"MSW/metal","flowType":"WASTE_FLOW","refUnit":"kg"},"unit":{"@type":"Unit","@id":"20aadc24-a391-41cf-b340-3e4529f44bde","name":"kg"},"flowProperty":{"@type":"FlowProperty","@id":"93a60a56-a3c8-11da-a746-0800200b9a66","name":"Mass","category":"Technical flow properties","refUnit":"kg"}},{"@type":"Exchange","isAvoidedProduct":false,"isInput":true,"amount":20.0,"internalId":3,"flow":{"@type":"Flow","@id":"53705574-11eb-4007-80f7-790ebd91374a","name":"municipal waste collection service by 21 metric ton lorry","category":"E:Water supply; sewerage, waste management and remediation activities/38:Waste collection, treatment and disposal activities; materials recovery/381:Waste collection/3811:Collection of non-hazardous waste","flowType":"PRODUCT_FLOW","refUnit":"t*km"},"unit":{"@type":"Unit","@id":"0dea4ed8-bb6b-4049-b2b4-b2c413ef2180","name":"t*km"},"flowProperty":{"@type":"FlowProperty","@id":"838aaa20-0117-11db-92e3-0800200c9a66","name":"Goods transport (mass*distance)","category":"Technical flow properties","refUnit":"t*km"}}],"socialAspects":[],"allocationFactors":[]}