{"@type":"Process","@id":"95246296-6bc7-3131-b9a2-685f74174cc8","name":"treatment of municipal solid waste, open burning | municipal solid waste | Cutoff, U","description":"This dataset represents the activity of waste disposal of municipal solid waste in uncontrolled, open burning. Recommended use of this dataset: This dataset represents the activity of waste disposal of waste glass in uncontrolled, open burning.Inventoried waste contains 21% paper; 8% Mixed cardboard; 15% plastics; 3% laminated materials; 2% laminated packaging, e.g. tetra bricks; 3% combined goods e.g.  diapers; 3% glass; 2% textiles; 8% minerals; 9% natural products; 22% compostable material; 2.65% inert metals; 1% volatile metals; 0.0065% batteries; 0.34% electronic goods; . Waste composition (wet, in ppm): upper heating value 13.27 MJ/kg; lower heating value 11.74 MJ/kg; H2O 228830; O 257060; H 48250; C 334230; S 1119; N 3123.8; P 893.79; B 7.1933; Cl 6866.2; Br 13.552; F 56.358; I 0.0121; Ag 0.714; As 0.62521; Ba 149.04; Cd 11.748; Co 1.3453; Cr 315.21; Cu 1212.8; Hg 1.4424; Mn 259.36; Mo 1.9551; Ni 107.38; Pb 502.43; Sb 22.564; Se 0.31969; Sn 73.44; V 9.2147; Zn 1311.2; Be n.a.; Sc n.a.; Sr n.a.; Ti n.a.; Tl n.a.; W n.a.; Si 48510; Fe 29996; Ca 14062; Al 12420; K 2059.7; Mg 3377.7; Na 5143.9; . Share of carbon in waste that is biogenic 60.4%. Share of metals in waste not oxidised and bulk-recyclable (exclude very small or thin parts) iron: 60%, aluminium: 17.8%, copper: 72.8%, .   //  Recycling rates for metallic iron \u003d 95% for metallic aluminium \u003d 0% for metallic copper \u003d 95% . From the burn residues 0.0171kg iron, 0.000839kg copper, are separated and recycled. A mass of 0.21kg residues are left on ground.   open burning starting from waste placement on burning site (without transports to the site)  Waste-specific emissions to air and soil from open burning.  Dataset documentation: https://v391.ecoquery.ecoinvent.org/Details/UPR/ffac1a0f-b8fc-442b-945d-37d32e71cdec/290c1f85-4cc4-4fa1-b0c8-2cb7f4276dce","category":"D:Electricity, gas, steam and air conditioning supply/E:Water supply; sewerage, waste management and remediation activities/38:Waste collection, treatment and disposal activities; materials recovery/382:Waste treatment and disposal/3821:Treatment and disposal of non-hazardous waste","version":"03.03.004","lastChange":"2024-01-30T11:03:10.388Z","processType":"UNIT_PROCESS","isInfrastructureProcess":false,"location":{"@type":"Location","@id":"56bca136-90bb-3a77-9abb-7ce558af711e","name":"Global"},"processDocumentation":{"timeDescription":" generic open burning without any temporal distinction","technologyDescription":"This is an inventory for open burning of solid waste. Informal or uncontrolled burning. No flue gas treatment. Suitable for informal recycling (e.g. burning of e-waste). Based on Municipal waste incineration without any pollution control. Residues (minus any actually recycled metals) are left on site. Assumption of share of thermal NOx to total NOx in average waste burning process is 30%. Contribution from thermal NOx is 810mg per kg waste. Recycling rates for metallic iron \u003d 95% for metallic aluminium \u003d 0% for metallic copper \u003d 95% . ","isCopyrightProtected":true,"geographyDescription":"Generic open burning without any geographical distinction. ","creationDate":"2002-03-23T18:45:08","validFrom":"2010-01-01","validUntil":"2022-12-31","dataDocumentor":{"@type":"Actor","@id":"c4597934-ecac-422c-b431-382e85fdcb83","name":"[System]"},"dataGenerator":{"@type":"Actor","@id":"847a56f5-d9e5-4a65-ab51-b056e0039130","name":"Avraam Symeonidis"}},"lastInternalId":91,"exchangeDqSystem":{"@type":"DQSystem","@id":"e7ac7cf6-5457-453e-99f9-d889826fffe8","name":"Ecoinvent Data Quality System"},"parameters":[],"exchanges":[{"@type":"Exchange","isAvoidedProduct":false,"isInput":true,"amount":1.0,"description":"main reference product of this activity (supply of disposal service). ","internalId":1,"flow":{"@type":"Flow","@id":"27da8130-82ba-485c-a800-b89efdcb0491","name":"municipal solid waste","category":"E:Water supply; sewerage, waste management and remediation activities/38:Waste collection, treatment and disposal activities; materials recovery/382:Waste treatment and disposal/3821:Treatment and disposal of non-hazardous waste","flowType":"WASTE_FLOW","refUnit":"kg"},"unit":{"@type":"Unit","@id":"20aadc24-a391-41cf-b340-3e4529f44bde","name":"kg"},"flowProperty":{"@type":"FlowProperty","@id":"93a60a56-a3c8-11da-a746-0800200b9a66","name":"Mass","category":"Technical flow properties","refUnit":"kg"},"isQuantitativeReference":true},{"@type":"Exchange","isAvoidedProduct":false,"isInput":false,"amount":4.9988E-4,"dqEntry":"(1;1;3;1;1)","description":"Emissions from open burning to residues left on ground. ","internalId":74,"flow":{"@type":"Flow","@id":"67652827-017f-4856-8d0a-c97bac4c6562","name":"Lead II","category":"Elementary flows/Emission to soil/industrial","flowType":"ELEMENTARY_FLOW","refUnit":"kg"},"unit":{"@type":"Unit","@id":"20aadc24-a391-41cf-b340-3e4529f44bde","name":"kg"},"flowProperty":{"@type":"FlowProperty","@id":"93a60a56-a3c8-11da-a746-0800200b9a66","name":"Mass","category":"Technical flow properties","refUnit":"kg"},"uncertainty":{"@type":"Uncertainty","distributionType":"LOG_NORMAL_DISTRIBUTION","geomMean":4.999E-4,"geomSd":2.374546179000812}},{"@type":"Exchange","isAvoidedProduct":false,"isInput":false,"amount":0.0051205,"dqEntry":"(1;1;3;1;1)","description":"Emissions from open burning to residues left on ground. ","internalId":86,"flow":{"@type":"Flow","@id":"cc1c987a-2b6e-4cbc-969a-73f1c96de448","name":"Sodium","category":"Elementary flows/Emission to soil/industrial","flowType":"ELEMENTARY_FLOW","refUnit":"kg"},"unit":{"@type":"Unit","@id":"20aadc24-a391-41cf-b340-3e4529f44bde","name":"kg"},"flowProperty":{"@type":"FlowProperty","@id":"93a60a56-a3c8-11da-a746-0800200b9a66","name":"Mass","category":"Technical flow properties","refUnit":"kg"},"uncertainty":{"@type":"Uncertainty","distributionType":"LOG_NORMAL_DISTRIBUTION","geomMean":0.005121,"geomSd":1.9536247511787213}},{"@type":"Exchange","isAvoidedProduct":false,"isInput":false,"amount":0.004102,"dqEntry":"(1;1;3;1;1)","description":"Emissions to air from open burning. ","internalId":25,"flow":{"@type":"Flow","@id":"afcbd980-14c2-4e1d-a0aa-5f6464e5c76b","name":"Hydrochloric acid","category":"Elementary flows/Emission to air/high population density","flowType":"ELEMENTARY_FLOW","refUnit":"kg"},"unit":{"@type":"Unit","@id":"20aadc24-a391-41cf-b340-3e4529f44bde","name":"kg"},"flowProperty":{"@type":"FlowProperty","@id":"93a60a56-a3c8-11da-a746-0800200b9a66","name":"Mass","category":"Technical flow properties","refUnit":"kg"},"uncertainty":{"@type":"Uncertainty","distributionType":"LOG_NORMAL_DISTRIBUTION","geomMean":0.004102,"geomSd":1.9026240580024838}},{"@type":"Exchange","isAvoidedProduct":false,"isInput":false,"amount":0.0020293,"dqEntry":"(1;1;3;1;1)","description":"Emissions from open burning to residues left on ground. ","internalId":82,"flow":{"@type":"Flow","@id":"bc269269-1874-4423-b5f0-eed0f5227684","name":"Potassium I","category":"Elementary flows/Emission to soil/industrial","flowType":"ELEMENTARY_FLOW","refUnit":"kg"},"unit":{"@type":"Unit","@id":"20aadc24-a391-41cf-b340-3e4529f44bde","name":"kg"},"flowProperty":{"@type":"FlowProperty","@id":"93a60a56-a3c8-11da-a746-0800200b9a66","name":"Mass","category":"Technical flow properties","refUnit":"kg"},"uncertainty":{"@type":"Uncertainty","distributionType":"LOG_NORMAL_DISTRIBUTION","geomMean":0.002029,"geomSd":2.119243641165519}},{"@type":"Exchange","isAvoidedProduct":false,"isInput":false,"amount":7.1145E-7,"dqEntry":"(1;1;3;1;1)","description":"Emissions to air from open burning. ","internalId":54,"flow":{"@type":"Flow","@id":"2cba713d-ab0b-44cb-babb-f8cac262554f","name":"Vanadium V","category":"Elementary flows/Emission to air/high population density","flowType":"ELEMENTARY_FLOW","refUnit":"kg"},"unit":{"@type":"Unit","@id":"20aadc24-a391-41cf-b340-3e4529f44bde","name":"kg"},"flowProperty":{"@type":"FlowProperty","@id":"93a60a56-a3c8-11da-a746-0800200b9a66","name":"Mass","category":"Technical flow properties","refUnit":"kg"},"uncertainty":{"@type":"Uncertainty","distributionType":"LOG_NORMAL_DISTRIBUTION","geomMean":7.115E-7,"geomSd":3.1215576162599117}},{"@type":"Exchange","isAvoidedProduct":false,"isInput":false,"amount":7.344E-5,"dqEntry":"(1;1;3;1;1)","description":"Emissions from open burning to residues left on ground. ","internalId":88,"flow":{"@type":"Flow","@id":"e070bd24-fd16-4963-8f4d-78bb4c402400","name":"Tin ion","category":"Elementary flows/Emission to soil/industrial","flowType":"ELEMENTARY_FLOW","refUnit":"kg"},"unit":{"@type":"Unit","@id":"20aadc24-a391-41cf-b340-3e4529f44bde","name":"kg"},"flowProperty":{"@type":"FlowProperty","@id":"93a60a56-a3c8-11da-a746-0800200b9a66","name":"Mass","category":"Technical flow properties","refUnit":"kg"},"uncertainty":{"@type":"Uncertainty","distributionType":"LOG_NORMAL_DISTRIBUTION","geomMean":7.344E-5,"geomSd":2.722495166976986}},{"@type":"Exchange","isAvoidedProduct":false,"isInput":false,"amount":6.549E-8,"dqEntry":"(1;1;3;1;1)","description":"Emissions to air from open burning. ","internalId":13,"flow":{"@type":"Flow","@id":"36e53653-1338-42c7-816c-f6667809e0b1","name":"Cadmium II","category":"Elementary flows/Emission to air/high population density","flowType":"ELEMENTARY_FLOW","refUnit":"kg"},"unit":{"@type":"Unit","@id":"20aadc24-a391-41cf-b340-3e4529f44bde","name":"kg"},"flowProperty":{"@type":"FlowProperty","@id":"93a60a56-a3c8-11da-a746-0800200b9a66","name":"Mass","category":"Technical flow properties","refUnit":"kg"},"uncertainty":{"@type":"Uncertainty","distributionType":"LOG_NORMAL_DISTRIBUTION","geomMean":6.549E-8,"geomSd":3.1393882989350086}},{"@type":"Exchange","isAvoidedProduct":false,"isInput":false,"amount":5.3286E-9,"dqEntry":"(1;1;3;1;1)","description":"Emissions to air from open burning. ","internalId":7,"flow":{"@type":"Flow","@id":"f4d0a2c8-efef-4188-85da-5801097389a2","name":"Arsenic ion","category":"Elementary flows/Emission to air/high population density","flowType":"ELEMENTARY_FLOW","refUnit":"kg"},"unit":{"@type":"Unit","@id":"20aadc24-a391-41cf-b340-3e4529f44bde","name":"kg"},"flowProperty":{"@type":"FlowProperty","@id":"93a60a56-a3c8-11da-a746-0800200b9a66","name":"Mass","category":"Technical flow properties","refUnit":"kg"},"uncertainty":{"@type":"Uncertainty","distributionType":"LOG_NORMAL_DISTRIBUTION","geomMean":5.329E-9,"geomSd":3.6602671138069343}},{"@type":"Exchange","isAvoidedProduct":false,"isInput":false,"amount":3.7346E-4,"dqEntry":"(1;1;3;1;1)","description":"Emissions from open burning to residues left on ground. ","internalId":69,"flow":{"@type":"Flow","@id":"0a5e8a67-f9ae-48b3-bfa7-e9d37c30a191","name":"Copper ion","category":"Elementary flows/Emission to soil/industrial","flowType":"ELEMENTARY_FLOW","refUnit":"kg"},"unit":{"@type":"Unit","@id":"20aadc24-a391-41cf-b340-3e4529f44bde","name":"kg"},"flowProperty":{"@type":"FlowProperty","@id":"93a60a56-a3c8-11da-a746-0800200b9a66","name":"Mass","category":"Technical flow properties","refUnit":"kg"},"uncertainty":{"@type":"Uncertainty","distributionType":"LOG_NORMAL_DISTRIBUTION","geomMean":3.735E-4,"geomSd":3.698395506385842}},{"@type":"Exchange","isAvoidedProduct":false,"isInput":false,"amount":0.012413,"dqEntry":"(1;1;3;1;1)","description":"Emissions from open burning to residues left on ground. ","internalId":57,"flow":{"@type":"Flow","@id":"765546a9-b056-4d27-ad14-2f016511bdcb","name":"Aluminium III","category":"Elementary flows/Emission to soil/industrial","flowType":"ELEMENTARY_FLOW","refUnit":"kg"},"unit":{"@type":"Unit","@id":"20aadc24-a391-41cf-b340-3e4529f44bde","name":"kg"},"flowProperty":{"@type":"FlowProperty","@id":"93a60a56-a3c8-11da-a746-0800200b9a66","name":"Mass","category":"Technical flow properties","refUnit":"kg"},"uncertainty":{"@type":"Uncertainty","distributionType":"LOG_NORMAL_DISTRIBUTION","geomMean":0.01241,"geomSd":1.7941240251235056}},{"@type":"Exchange","isAvoidedProduct":false,"isInput":false,"amount":0.43825,"dqEntry":"(1;1;3;1;1)","description":"Emissions to air from open burning. ","internalId":15,"flow":{"@type":"Flow","@id":"f9749677-9c9f-4678-ab55-c607dfdc2cb9","name":"Carbon dioxide, fossil","category":"Elementary flows/Emission to air/high population density","flowType":"ELEMENTARY_FLOW","refUnit":"kg"},"unit":{"@type":"Unit","@id":"20aadc24-a391-41cf-b340-3e4529f44bde","name":"kg"},"flowProperty":{"@type":"FlowProperty","@id":"93a60a56-a3c8-11da-a746-0800200b9a66","name":"Mass","category":"Technical flow properties","refUnit":"kg"},"uncertainty":{"@type":"Uncertainty","distributionType":"LOG_NORMAL_DISTRIBUTION","geomMean":0.4383,"geomSd":1.2106526800315305}},{"@type":"Exchange","isAvoidedProduct":false,"isInput":false,"amount":0.012883,"dqEntry":"(1;1;3;1;1)","description":"Emissions from open burning to residues left on ground. ","internalId":73,"flow":{"@type":"Flow","@id":"98693cdf-d9fc-43ed-bfe6-78dfe5742d33","name":"Iron ion","category":"Elementary flows/Emission to soil/industrial","flowType":"ELEMENTARY_FLOW","refUnit":"kg"},"unit":{"@type":"Unit","@id":"20aadc24-a391-41cf-b340-3e4529f44bde","name":"kg"},"flowProperty":{"@type":"FlowProperty","@id":"93a60a56-a3c8-11da-a746-0800200b9a66","name":"Mass","category":"Technical flow properties","refUnit":"kg"},"uncertainty":{"@type":"Uncertainty","distributionType":"LOG_NORMAL_DISTRIBUTION","geomMean":0.01288,"geomSd":2.211425204758152}},{"@type":"Exchange","isAvoidedProduct":false,"isInput":false,"amount":9.7975E-4,"dqEntry":"(1;1;3;1;1)","description":"Process-specific (constant) emissions to air from open burning. ","internalId":9,"flow":{"@type":"Flow","@id":"1bb6a502-3ff9-4a79-835c-5588b855f1f5","name":"Benzene","category":"Elementary flows/Emission to air/high population density","flowType":"ELEMENTARY_FLOW","refUnit":"kg"},"unit":{"@type":"Unit","@id":"20aadc24-a391-41cf-b340-3e4529f44bde","name":"kg"},"flowProperty":{"@type":"FlowProperty","@id":"93a60a56-a3c8-11da-a746-0800200b9a66","name":"Mass","category":"Technical flow properties","refUnit":"kg"},"uncertainty":{"@type":"Uncertainty","distributionType":"LOG_NORMAL_DISTRIBUTION","geomMean":9.798E-4,"geomSd":1.2247433959093252}},{"@type":"Exchange","isAvoidedProduct":false,"isInput":false,"amount":4.3458E-6,"dqEntry":"(1;1;3;1;1)","description":"Emissions to air from open burning. ","internalId":12,"flow":{"@type":"Flow","@id":"77c46f0e-c8c0-4bc3-992c-2a9725d49f70","name":"Bromine","category":"Elementary flows/Emission to air/high population density","flowType":"ELEMENTARY_FLOW","refUnit":"kg"},"unit":{"@type":"Unit","@id":"20aadc24-a391-41cf-b340-3e4529f44bde","name":"kg"},"flowProperty":{"@type":"FlowProperty","@id":"93a60a56-a3c8-11da-a746-0800200b9a66","name":"Mass","category":"Technical flow properties","refUnit":"kg"},"uncertainty":{"@type":"Uncertainty","distributionType":"LOG_NORMAL_DISTRIBUTION","geomMean":4.346E-6,"geomSd":3.033264951458391}},{"@type":"Exchange","isAvoidedProduct":false,"isInput":false,"amount":1.9907E-8,"dqEntry":"(1;1;3;1;1)","description":"Emissions to air from open burning. ","internalId":46,"flow":{"@type":"Flow","@id":"a79be2ee-ac83-4328-a136-a34ba1f99089","name":"Selenium IV","category":"Elementary flows/Emission to air/high population density","flowType":"ELEMENTARY_FLOW","refUnit":"kg"},"unit":{"@type":"Unit","@id":"20aadc24-a391-41cf-b340-3e4529f44bde","name":"kg"},"flowProperty":{"@type":"FlowProperty","@id":"93a60a56-a3c8-11da-a746-0800200b9a66","name":"Mass","category":"Technical flow properties","refUnit":"kg"},"uncertainty":{"@type":"Uncertainty","distributionType":"LOG_NORMAL_DISTRIBUTION","geomMean":1.991E-8,"geomSd":3.7346325078325315}},{"@type":"Exchange","isAvoidedProduct":false,"isInput":false,"amount":0.013854,"dqEntry":"(1;1;3;1;1)","description":"Emissions from open burning to residues left on ground. ","internalId":64,"flow":{"@type":"Flow","@id":"57117e3c-15aa-4b4d-b953-6d33986aa5aa","name":"Calcium","category":"Elementary flows/Emission to soil/industrial","flowType":"ELEMENTARY_FLOW","refUnit":"kg"},"unit":{"@type":"Unit","@id":"20aadc24-a391-41cf-b340-3e4529f44bde","name":"kg"},"flowProperty":{"@type":"FlowProperty","@id":"93a60a56-a3c8-11da-a746-0800200b9a66","name":"Mass","category":"Technical flow properties","refUnit":"kg"},"uncertainty":{"@type":"Uncertainty","distributionType":"LOG_NORMAL_DISTRIBUTION","geomMean":0.01385,"geomSd":1.7716460455751952}},{"@type":"Exchange","isAvoidedProduct":false,"isInput":false,"amount":0.023602,"dqEntry":"(1;1;3;1;1)","description":"Process-specific (constant) emissions to air from open burning. ","internalId":18,"flow":{"@type":"Flow","@id":"9afa0173-ecbd-4f2c-9c5c-b3128a032812","name":"Carbon monoxide, non-fossil","category":"Elementary flows/Emission to air/high population density","flowType":"ELEMENTARY_FLOW","refUnit":"kg"},"unit":{"@type":"Unit","@id":"20aadc24-a391-41cf-b340-3e4529f44bde","name":"kg"},"flowProperty":{"@type":"FlowProperty","@id":"93a60a56-a3c8-11da-a746-0800200b9a66","name":"Mass","category":"Technical flow properties","refUnit":"kg"},"uncertainty":{"@type":"Uncertainty","distributionType":"LOG_NORMAL_DISTRIBUTION","geomMean":0.0236,"geomSd":2.2360643672873772}},{"@type":"Exchange","isAvoidedProduct":false,"isInput":false,"amount":3.2746E-4,"dqEntry":"(1;1;3;1;1)","description":"Process-specific (constant) emissions to air from open burning. ","internalId":10,"flow":{"@type":"Flow","@id":"7c09916a-b6b5-47f5-bdf6-30d2511beb82","name":"Benzene, ethyl-","category":"Elementary flows/Emission to air/high population density","flowType":"ELEMENTARY_FLOW","refUnit":"kg"},"unit":{"@type":"Unit","@id":"20aadc24-a391-41cf-b340-3e4529f44bde","name":"kg"},"flowProperty":{"@type":"FlowProperty","@id":"93a60a56-a3c8-11da-a746-0800200b9a66","name":"Mass","category":"Technical flow properties","refUnit":"kg"},"uncertainty":{"@type":"Uncertainty","distributionType":"LOG_NORMAL_DISTRIBUTION","geomMean":3.275E-4,"geomSd":1.2247433959093252}},{"@type":"Exchange","isAvoidedProduct":false,"isInput":false,"amount":1.291E-6,"dqEntry":"(1;1;3;1;1)","description":"Emissions from open burning to residues left on ground. ","internalId":68,"flow":{"@type":"Flow","@id":"381a22c9-3722-4378-810d-86958f7b6d32","name":"Cobalt II","category":"Elementary flows/Emission to soil/industrial","flowType":"ELEMENTARY_FLOW","refUnit":"kg"},"unit":{"@type":"Unit","@id":"20aadc24-a391-41cf-b340-3e4529f44bde","name":"kg"},"flowProperty":{"@type":"FlowProperty","@id":"93a60a56-a3c8-11da-a746-0800200b9a66","name":"Mass","category":"Technical flow properties","refUnit":"kg"},"uncertainty":{"@type":"Uncertainty","distributionType":"LOG_NORMAL_DISTRIBUTION","geomMean":1.291E-6,"geomSd":3.446280169577113}},{"@type":"Exchange","isAvoidedProduct":false,"isInput":false,"amount":0.0017486,"dqEntry":"(1;1;3;1;1)","description":"Emissions to air from open burning. ","internalId":41,"flow":{"@type":"Flow","@id":"ccb169c3-8aae-4727-89bb-a7dd122946f3","name":"Particulate Matter, \u003e 2.5 um and \u003c 10um","category":"Elementary flows/Emission to air/high population density","flowType":"ELEMENTARY_FLOW","refUnit":"kg"},"unit":{"@type":"Unit","@id":"20aadc24-a391-41cf-b340-3e4529f44bde","name":"kg"},"flowProperty":{"@type":"FlowProperty","@id":"93a60a56-a3c8-11da-a746-0800200b9a66","name":"Mass","category":"Technical flow properties","refUnit":"kg"},"uncertainty":{"@type":"Uncertainty","distributionType":"LOG_NORMAL_DISTRIBUTION","geomMean":0.001749,"geomSd":1.8286857657136022}},{"@type":"Exchange","isAvoidedProduct":false,"isInput":false,"amount":0.0033702,"dqEntry":"(1;1;3;1;1)","description":"Emissions from open burning to residues left on ground. ","internalId":75,"flow":{"@type":"Flow","@id":"581ddcdf-82b7-4f87-83ee-761a44fea7f7","name":"Magnesium","category":"Elementary flows/Emission to soil/industrial","flowType":"ELEMENTARY_FLOW","refUnit":"kg"},"unit":{"@type":"Unit","@id":"20aadc24-a391-41cf-b340-3e4529f44bde","name":"kg"},"flowProperty":{"@type":"FlowProperty","@id":"93a60a56-a3c8-11da-a746-0800200b9a66","name":"Mass","category":"Technical flow properties","refUnit":"kg"},"uncertainty":{"@type":"Uncertainty","distributionType":"LOG_NORMAL_DISTRIBUTION","geomMean":0.00337,"geomSd":2.0297495761918056}},{"@type":"Exchange","isAvoidedProduct":false,"isInput":false,"amount":4.028E-9,"dqEntry":"(1;1;3;1;1)","description":"Emissions from open burning to residues left on ground. ","internalId":72,"flow":{"@type":"Flow","@id":"bb6d97ec-cfaa-49e1-8105-89abf4319656","name":"Iodide","category":"Elementary flows/Emission to soil/industrial","flowType":"ELEMENTARY_FLOW","refUnit":"kg"},"unit":{"@type":"Unit","@id":"20aadc24-a391-41cf-b340-3e4529f44bde","name":"kg"},"flowProperty":{"@type":"FlowProperty","@id":"93a60a56-a3c8-11da-a746-0800200b9a66","name":"Mass","category":"Technical flow properties","refUnit":"kg"},"uncertainty":{"@type":"Uncertainty","distributionType":"LOG_NORMAL_DISTRIBUTION","geomMean":4.028E-9,"geomSd":4.004888603098523}},{"@type":"Exchange","isAvoidedProduct":false,"isInput":false,"amount":5.275E-4,"dqEntry":"(1;1;3;1;1)","description":"Process-specific (constant) emissions to air from open burning. ","internalId":50,"flow":{"@type":"Flow","@id":"d85a44cb-8407-4997-a146-581e4f35f39d","name":"Styrene","category":"Elementary flows/Emission to air/high population density","flowType":"ELEMENTARY_FLOW","refUnit":"kg"},"unit":{"@type":"Unit","@id":"20aadc24-a391-41cf-b340-3e4529f44bde","name":"kg"},"flowProperty":{"@type":"FlowProperty","@id":"93a60a56-a3c8-11da-a746-0800200b9a66","name":"Mass","category":"Technical flow properties","refUnit":"kg"},"uncertainty":{"@type":"Uncertainty","distributionType":"LOG_NORMAL_DISTRIBUTION","geomMean":5.275E-4,"geomSd":1.2247433959093252}},{"@type":"Exchange","isAvoidedProduct":false,"isInput":false,"amount":8.8765E-4,"dqEntry":"(1;1;3;1;1)","description":"Emissions from open burning to residues left on ground. ","internalId":81,"flow":{"@type":"Flow","@id":"2f8952b0-c90c-4e3d-b546-52b862fc8f11","name":"Phosphorus","category":"Elementary flows/Emission to soil/industrial","flowType":"ELEMENTARY_FLOW","refUnit":"kg"},"unit":{"@type":"Unit","@id":"20aadc24-a391-41cf-b340-3e4529f44bde","name":"kg"},"flowProperty":{"@type":"FlowProperty","@id":"93a60a56-a3c8-11da-a746-0800200b9a66","name":"Mass","category":"Technical flow properties","refUnit":"kg"},"uncertainty":{"@type":"Uncertainty","distributionType":"LOG_NORMAL_DISTRIBUTION","geomMean":8.877E-4,"geomSd":2.2703198573205614}},{"@type":"Exchange","isAvoidedProduct":false,"isInput":false,"amount":9.6871E-4,"dqEntry":"(1;1;3;1;1)","description":"Emissions from open burning to residues left on ground. ","internalId":87,"flow":{"@type":"Flow","@id":"16f40b1c-f7c8-4100-9916-81a260493951","name":"Sulfur","category":"Elementary flows/Emission to soil/industrial","flowType":"ELEMENTARY_FLOW","refUnit":"kg"},"unit":{"@type":"Unit","@id":"20aadc24-a391-41cf-b340-3e4529f44bde","name":"kg"},"flowProperty":{"@type":"FlowProperty","@id":"93a60a56-a3c8-11da-a746-0800200b9a66","name":"Mass","category":"Technical flow properties","refUnit":"kg"},"uncertainty":{"@type":"Uncertainty","distributionType":"LOG_NORMAL_DISTRIBUTION","geomMean":9.687E-4,"geomSd":2.2297406507085045}},{"@type":"Exchange","isAvoidedProduct":false,"isInput":false,"amount":2.877E-9,"dqEntry":"(1;1;3;1;1)","description":"Emissions to air from open burning. ","internalId":11,"flow":{"@type":"Flow","@id":"3e419ebc-c0f1-4f85-a544-cf3460a680b6","name":"Boron","category":"Elementary flows/Emission to air/high population density","flowType":"ELEMENTARY_FLOW","refUnit":"kg"},"unit":{"@type":"Unit","@id":"20aadc24-a391-41cf-b340-3e4529f44bde","name":"kg"},"flowProperty":{"@type":"FlowProperty","@id":"93a60a56-a3c8-11da-a746-0800200b9a66","name":"Mass","category":"Technical flow properties","refUnit":"kg"},"uncertainty":{"@type":"Uncertainty","distributionType":"LOG_NORMAL_DISTRIBUTION","geomMean":2.877E-9,"geomSd":3.317212032043102}},{"@type":"Exchange","isAvoidedProduct":false,"isInput":false,"amount":0.014998,"dqEntry":"(1;1;3;1;1)","description":"Process-specific (constant) emissions to air from open burning. ","internalId":17,"flow":{"@type":"Flow","@id":"6edcc2df-88a3-48e1-83d8-ffc38d31c35b","name":"Carbon monoxide, fossil","category":"Elementary flows/Emission to air/high population density","flowType":"ELEMENTARY_FLOW","refUnit":"kg"},"unit":{"@type":"Unit","@id":"20aadc24-a391-41cf-b340-3e4529f44bde","name":"kg"},"flowProperty":{"@type":"FlowProperty","@id":"93a60a56-a3c8-11da-a746-0800200b9a66","name":"Mass","category":"Technical flow properties","refUnit":"kg"},"uncertainty":{"@type":"Uncertainty","distributionType":"LOG_NORMAL_DISTRIBUTION","geomMean":0.015,"geomSd":2.2360643672873772}},{"@type":"Exchange","isAvoidedProduct":false,"isInput":false,"amount":7.7587E-8,"dqEntry":"(1;1;3;1;1)","description":"Emissions to air from open burning. ","internalId":36,"flow":{"@type":"Flow","@id":"e43a270f-4f88-4789-a0b8-7aba56677743","name":"Nickel II","category":"Elementary flows/Emission to air/high population density","flowType":"ELEMENTARY_FLOW","refUnit":"kg"},"unit":{"@type":"Unit","@id":"20aadc24-a391-41cf-b340-3e4529f44bde","name":"kg"},"flowProperty":{"@type":"FlowProperty","@id":"93a60a56-a3c8-11da-a746-0800200b9a66","name":"Mass","category":"Technical flow properties","refUnit":"kg"},"uncertainty":{"@type":"Uncertainty","distributionType":"LOG_NORMAL_DISTRIBUTION","geomMean":7.759E-8,"geomSd":2.8043292684140844}},{"@type":"Exchange","isAvoidedProduct":false,"isInput":false,"amount":0.04851,"dqEntry":"(1;1;3;1;1)","description":"Emissions from open burning to residues left on ground. ","internalId":84,"flow":{"@type":"Flow","@id":"a57cb19d-f436-4c0c-a2ab-097c544bd95f","name":"Silicon","category":"Elementary flows/Emission to soil/industrial","flowType":"ELEMENTARY_FLOW","refUnit":"kg"},"unit":{"@type":"Unit","@id":"20aadc24-a391-41cf-b340-3e4529f44bde","name":"kg"},"flowProperty":{"@type":"FlowProperty","@id":"93a60a56-a3c8-11da-a746-0800200b9a66","name":"Mass","category":"Technical flow properties","refUnit":"kg"},"uncertainty":{"@type":"Uncertainty","distributionType":"LOG_NORMAL_DISTRIBUTION","geomMean":0.04851,"geomSd":1.5475795213230938}},{"@type":"Exchange","isAvoidedProduct":false,"isInput":false,"amount":2.5715E-4,"dqEntry":"(1;1;3;1;1)","description":"Emissions from open burning to residues left on ground. ","internalId":76,"flow":{"@type":"Flow","@id":"9c706cff-cb82-4207-a589-95896e04dc08","name":"Manganese II","category":"Elementary flows/Emission to soil/industrial","flowType":"ELEMENTARY_FLOW","refUnit":"kg"},"unit":{"@type":"Unit","@id":"20aadc24-a391-41cf-b340-3e4529f44bde","name":"kg"},"flowProperty":{"@type":"FlowProperty","@id":"93a60a56-a3c8-11da-a746-0800200b9a66","name":"Mass","category":"Technical flow properties","refUnit":"kg"},"uncertainty":{"@type":"Uncertainty","distributionType":"LOG_NORMAL_DISTRIBUTION","geomMean":2.572E-4,"geomSd":2.494203313319377}},{"@type":"Exchange","isAvoidedProduct":false,"isInput":false,"amount":0.68964,"dqEntry":"(1;1;3;1;1)","description":"Emissions to air from open burning. ","internalId":16,"flow":{"@type":"Flow","@id":"73ed05cc-9727-4abf-9516-4b5c0fe54a16","name":"Carbon dioxide, non-fossil","category":"Elementary flows/Emission to air/high population density","flowType":"ELEMENTARY_FLOW","refUnit":"kg"},"unit":{"@type":"Unit","@id":"20aadc24-a391-41cf-b340-3e4529f44bde","name":"kg"},"flowProperty":{"@type":"FlowProperty","@id":"93a60a56-a3c8-11da-a746-0800200b9a66","name":"Mass","category":"Technical flow properties","refUnit":"kg"},"uncertainty":{"@type":"Uncertainty","distributionType":"LOG_NORMAL_DISTRIBUTION","geomMean":0.6896,"geomSd":1.2106526800315305}},{"@type":"Exchange","isAvoidedProduct":false,"isInput":false,"amount":0.0028767,"dqEntry":"(1;1;3;1;1)","description":"Emissions from open burning to residues left on ground. ","internalId":66,"flow":{"@type":"Flow","@id":"b1991748-2151-4b51-8cdb-a8b4203677dc","name":"Chloride","category":"Elementary flows/Emission to soil/industrial","flowType":"ELEMENTARY_FLOW","refUnit":"kg"},"unit":{"@type":"Unit","@id":"20aadc24-a391-41cf-b340-3e4529f44bde","name":"kg"},"flowProperty":{"@type":"FlowProperty","@id":"93a60a56-a3c8-11da-a746-0800200b9a66","name":"Mass","category":"Technical flow properties","refUnit":"kg"},"uncertainty":{"@type":"Uncertainty","distributionType":"LOG_NORMAL_DISTRIBUTION","geomMean":0.002877,"geomSd":1.9045461575588956}},{"@type":"Exchange","isAvoidedProduct":false,"isInput":false,"amount":1.1682E-5,"dqEntry":"(1;1;3;1;1)","description":"Emissions from open burning to residues left on ground. ","internalId":63,"flow":{"@type":"Flow","@id":"89721e33-60fa-4447-bfc6-2f27d44a7893","name":"Cadmium II","category":"Elementary flows/Emission to soil/industrial","flowType":"ELEMENTARY_FLOW","refUnit":"kg"},"unit":{"@type":"Unit","@id":"20aadc24-a391-41cf-b340-3e4529f44bde","name":"kg"},"flowProperty":{"@type":"FlowProperty","@id":"93a60a56-a3c8-11da-a746-0800200b9a66","name":"Mass","category":"Technical flow properties","refUnit":"kg"},"uncertainty":{"@type":"Uncertainty","distributionType":"LOG_NORMAL_DISTRIBUTION","geomMean":1.168E-5,"geomSd":3.0541839185243624}},{"@type":"Exchange","isAvoidedProduct":false,"isInput":false,"amount":4.5095E-4,"dqEntry":"(1;1;3;1;1)","description":"Emissions to air from open burning. ","internalId":51,"flow":{"@type":"Flow","@id":"8c52f40c-69b7-4538-8923-b371523c71f5","name":"Sulfur dioxide","category":"Elementary flows/Emission to air/high population density","flowType":"ELEMENTARY_FLOW","refUnit":"kg"},"unit":{"@type":"Unit","@id":"20aadc24-a391-41cf-b340-3e4529f44bde","name":"kg"},"flowProperty":{"@type":"FlowProperty","@id":"93a60a56-a3c8-11da-a746-0800200b9a66","name":"Mass","category":"Technical flow properties","refUnit":"kg"},"uncertainty":{"@type":"Uncertainty","distributionType":"LOG_NORMAL_DISTRIBUTION","geomMean":4.51E-4,"geomSd":2.2446743369812605}},{"@type":"Exchange","isAvoidedProduct":false,"isInput":false,"amount":3.443E-4,"dqEntry":"(1;1;3;1;1)","description":"Process-specific (constant) emissions to air from open burning. ","internalId":38,"flow":{"@type":"Flow","@id":"9d1efa17-070a-4602-a65f-daf5056b0647","name":"PAH, polycyclic aromatic hydrocarbons","category":"Elementary flows/Emission to air/high population density","flowType":"ELEMENTARY_FLOW","refUnit":"kg"},"unit":{"@type":"Unit","@id":"20aadc24-a391-41cf-b340-3e4529f44bde","name":"kg"},"flowProperty":{"@type":"FlowProperty","@id":"93a60a56-a3c8-11da-a746-0800200b9a66","name":"Mass","category":"Technical flow properties","refUnit":"kg"},"uncertainty":{"@type":"Uncertainty","distributionType":"LOG_NORMAL_DISTRIBUTION","geomMean":3.443E-4,"geomSd":1.7320551586065398}},{"@type":"Exchange","isAvoidedProduct":false,"isInput":false,"amount":2.5494E-6,"dqEntry":"(1;1;3;1;1)","description":"Emissions to air from open burning. ","internalId":29,"flow":{"@type":"Flow","@id":"6a903634-c97f-4c49-a7c0-88f0e6ac7a23","name":"Lead II","category":"Elementary flows/Emission to air/high population density","flowType":"ELEMENTARY_FLOW","refUnit":"kg"},"unit":{"@type":"Unit","@id":"20aadc24-a391-41cf-b340-3e4529f44bde","name":"kg"},"flowProperty":{"@type":"FlowProperty","@id":"93a60a56-a3c8-11da-a746-0800200b9a66","name":"Mass","category":"Technical flow properties","refUnit":"kg"},"uncertainty":{"@type":"Uncertainty","distributionType":"LOG_NORMAL_DISTRIBUTION","geomMean":2.549E-6,"geomSd":2.4625271137680476}},{"@type":"Exchange","isAvoidedProduct":false,"isInput":false,"amount":1.1189E-7,"dqEntry":"(1;1;3;1;1)","description":"Process-specific (constant) emissions to air from open burning. ","internalId":44,"flow":{"@type":"Flow","@id":"456b8003-1508-4000-a53c-752e02023445","name":"Polychlorinated biphenyls","category":"Elementary flows/Emission to air/high population density","flowType":"ELEMENTARY_FLOW","refUnit":"kg"},"unit":{"@type":"Unit","@id":"20aadc24-a391-41cf-b340-3e4529f44bde","name":"kg"},"flowProperty":{"@type":"FlowProperty","@id":"93a60a56-a3c8-11da-a746-0800200b9a66","name":"Mass","category":"Technical flow properties","refUnit":"kg"},"uncertainty":{"@type":"Uncertainty","distributionType":"LOG_NORMAL_DISTRIBUTION","geomMean":1.119E-7,"geomSd":1.2247433959093252}},{"@type":"Exchange","isAvoidedProduct":false,"isInput":false,"amount":3.696E-11,"dqEntry":"(1;1;3;1;1)","description":"Process-specific (constant) emissions to air from open burning. ","internalId":70,"flow":{"@type":"Flow","@id":"7533d11b-e96e-4a99-80f2-91400a62d650","name":"Dioxins, measured as 2,3,7,8-tetrachlorodibenzo-p-dioxin","category":"Elementary flows/Emission to soil/industrial","flowType":"ELEMENTARY_FLOW","refUnit":"kg"},"unit":{"@type":"Unit","@id":"20aadc24-a391-41cf-b340-3e4529f44bde","name":"kg"},"flowProperty":{"@type":"FlowProperty","@id":"93a60a56-a3c8-11da-a746-0800200b9a66","name":"Mass","category":"Technical flow properties","refUnit":"kg"},"uncertainty":{"@type":"Uncertainty","distributionType":"LOG_NORMAL_DISTRIBUTION","geomMean":3.696E-11,"geomSd":3.2287405756809253}},{"@type":"Exchange","isAvoidedProduct":false,"isInput":false,"amount":1.1625E-4,"dqEntry":"(1;1;3;1;1)","description":"Emissions to air from open burning. ","internalId":22,"flow":{"@type":"Flow","@id":"6dc1b46f-ee89-4495-95c4-b8a637bcd6cb","name":"Dinitrogen monoxide","category":"Elementary flows/Emission to air/high population density","flowType":"ELEMENTARY_FLOW","refUnit":"kg"},"unit":{"@type":"Unit","@id":"20aadc24-a391-41cf-b340-3e4529f44bde","name":"kg"},"flowProperty":{"@type":"FlowProperty","@id":"93a60a56-a3c8-11da-a746-0800200b9a66","name":"Mass","category":"Technical flow properties","refUnit":"kg"},"uncertainty":{"@type":"Uncertainty","distributionType":"LOG_NORMAL_DISTRIBUTION","geomMean":1.163E-4,"geomSd":1.2247433959093252}},{"@type":"Exchange","isAvoidedProduct":false,"isInput":false,"amount":8.072E-9,"dqEntry":"(1;1;3;1;1)","description":"Emissions to air from open burning. ","internalId":27,"flow":{"@type":"Flow","@id":"f9923ae7-bdab-44d8-897c-44310aea76b7","name":"Iodine","category":"Elementary flows/Emission to air/high population density","flowType":"ELEMENTARY_FLOW","refUnit":"kg"},"unit":{"@type":"Unit","@id":"20aadc24-a391-41cf-b340-3e4529f44bde","name":"kg"},"flowProperty":{"@type":"FlowProperty","@id":"93a60a56-a3c8-11da-a746-0800200b9a66","name":"Mass","category":"Technical flow properties","refUnit":"kg"},"uncertainty":{"@type":"Uncertainty","distributionType":"LOG_NORMAL_DISTRIBUTION","geomMean":8.072E-9,"geomSd":4.000703972123381}},{"@type":"Exchange","isAvoidedProduct":false,"isInput":false,"amount":1.4755E-4,"dqEntry":"(1;1;3;1;1)","description":"Emissions from open burning to residues left on ground. ","internalId":60,"flow":{"@type":"Flow","@id":"5719929a-8c5b-48cc-a039-b11a9f380467","name":"Barium II","category":"Elementary flows/Emission to soil/industrial","flowType":"ELEMENTARY_FLOW","refUnit":"kg"},"unit":{"@type":"Unit","@id":"20aadc24-a391-41cf-b340-3e4529f44bde","name":"kg"},"flowProperty":{"@type":"FlowProperty","@id":"93a60a56-a3c8-11da-a746-0800200b9a66","name":"Mass","category":"Technical flow properties","refUnit":"kg"},"uncertainty":{"@type":"Uncertainty","distributionType":"LOG_NORMAL_DISTRIBUTION","geomMean":1.476E-4,"geomSd":2.594459485244081}},{"@type":"Exchange","isAvoidedProduct":false,"isInput":false,"amount":3.0439E-5,"dqEntry":"(1;1;3;1;1)","description":"Emissions to air from open burning. ","internalId":45,"flow":{"@type":"Flow","@id":"aac39edf-68c5-4f38-9aa9-17e3ca265109","name":"Potassium I","category":"Elementary flows/Emission to air/high population density","flowType":"ELEMENTARY_FLOW","refUnit":"kg"},"unit":{"@type":"Unit","@id":"20aadc24-a391-41cf-b340-3e4529f44bde","name":"kg"},"flowProperty":{"@type":"FlowProperty","@id":"93a60a56-a3c8-11da-a746-0800200b9a66","name":"Mass","category":"Technical flow properties","refUnit":"kg"},"uncertainty":{"@type":"Uncertainty","distributionType":"LOG_NORMAL_DISTRIBUTION","geomMean":3.044E-5,"geomSd":2.179500298295142}},{"@type":"Exchange","isAvoidedProduct":false,"isInput":false,"amount":8.2777E-8,"dqEntry":"(1;1;3;1;1)","description":"Emissions to air from open burning. ","internalId":19,"flow":{"@type":"Flow","@id":"7705f0e1-5b14-44f4-b330-1245b5c7fc08","name":"Chromium III","category":"Elementary flows/Emission to air/high population density","flowType":"ELEMENTARY_FLOW","refUnit":"kg"},"unit":{"@type":"Unit","@id":"20aadc24-a391-41cf-b340-3e4529f44bde","name":"kg"},"flowProperty":{"@type":"FlowProperty","@id":"93a60a56-a3c8-11da-a746-0800200b9a66","name":"Mass","category":"Technical flow properties","refUnit":"kg"},"uncertainty":{"@type":"Uncertainty","distributionType":"LOG_NORMAL_DISTRIBUTION","geomMean":8.278E-8,"geomSd":2.6471088044314057}},{"@type":"Exchange","isAvoidedProduct":false,"isInput":false,"amount":1.073E-4,"dqEntry":"(1;1;3;1;1)","description":"Emissions from open burning to residues left on ground. ","internalId":79,"flow":{"@type":"Flow","@id":"a72a45ee-395a-4d25-b893-9d183e43e76e","name":"Nickel II","category":"Elementary flows/Emission to soil/industrial","flowType":"ELEMENTARY_FLOW","refUnit":"kg"},"unit":{"@type":"Unit","@id":"20aadc24-a391-41cf-b340-3e4529f44bde","name":"kg"},"flowProperty":{"@type":"FlowProperty","@id":"93a60a56-a3c8-11da-a746-0800200b9a66","name":"Mass","category":"Technical flow properties","refUnit":"kg"},"uncertainty":{"@type":"Uncertainty","distributionType":"LOG_NORMAL_DISTRIBUTION","geomMean":1.073E-4,"geomSd":2.653784356205021}},{"@type":"Exchange","isAvoidedProduct":false,"isInput":false,"amount":7.4947E-6,"dqEntry":"(1;1;3;1;1)","description":"Emissions to air from open burning. ","internalId":30,"flow":{"@type":"Flow","@id":"ebfe261d-ab0d-4ade-8743-183c8c6bdcc6","name":"Magnesium","category":"Elementary flows/Emission to air/high population density","flowType":"ELEMENTARY_FLOW","refUnit":"kg"},"unit":{"@type":"Unit","@id":"20aadc24-a391-41cf-b340-3e4529f44bde","name":"kg"},"flowProperty":{"@type":"FlowProperty","@id":"93a60a56-a3c8-11da-a746-0800200b9a66","name":"Mass","category":"Technical flow properties","refUnit":"kg"},"uncertainty":{"@type":"Uncertainty","distributionType":"LOG_NORMAL_DISTRIBUTION","geomMean":7.495E-6,"geomSd":2.147315709995848}},{"@type":"Exchange","isAvoidedProduct":false,"isInput":false,"amount":7.2764E-8,"dqEntry":"(1;1;3;1;1)","description":"Emissions to air from open burning. ","internalId":47,"flow":{"@type":"Flow","@id":"997dccfb-6574-46b8-ad93-7f31074abf9a","name":"Silicon","category":"Elementary flows/Emission to air/high population density","flowType":"ELEMENTARY_FLOW","refUnit":"kg"},"unit":{"@type":"Unit","@id":"20aadc24-a391-41cf-b340-3e4529f44bde","name":"kg"},"flowProperty":{"@type":"FlowProperty","@id":"93a60a56-a3c8-11da-a746-0800200b9a66","name":"Mass","category":"Technical flow properties","refUnit":"kg"},"uncertainty":{"@type":"Uncertainty","distributionType":"LOG_NORMAL_DISTRIBUTION","geomMean":7.276E-8,"geomSd":2.0173760697585608}},{"@type":"Exchange","isAvoidedProduct":false,"isInput":false,"amount":1.9453E-6,"dqEntry":"(1;1;3;1;1)","description":"Emissions from open burning to residues left on ground. ","internalId":78,"flow":{"@type":"Flow","@id":"c126f8a0-6bc4-42e6-9220-d6ccfef3f2ed","name":"Molybdenum VI","category":"Elementary flows/Emission to soil/industrial","flowType":"ELEMENTARY_FLOW","refUnit":"kg"},"unit":{"@type":"Unit","@id":"20aadc24-a391-41cf-b340-3e4529f44bde","name":"kg"},"flowProperty":{"@type":"FlowProperty","@id":"93a60a56-a3c8-11da-a746-0800200b9a66","name":"Mass","category":"Technical flow properties","refUnit":"kg"},"uncertainty":{"@type":"Uncertainty","distributionType":"LOG_NORMAL_DISTRIBUTION","geomMean":1.945E-6,"geomSd":3.3787216681298444}},{"@type":"Exchange","isAvoidedProduct":false,"isInput":false,"amount":1.4799E-5,"dqEntry":"(1;1;3;1;1)","description":"Process-specific (constant) emissions to air from open burning. ","internalId":42,"flow":{"@type":"Flow","@id":"d761d96f-d236-4131-89c8-ad3269d02a6b","name":"Phenol","category":"Elementary flows/Emission to air/high population density","flowType":"ELEMENTARY_FLOW","refUnit":"kg"},"unit":{"@type":"Unit","@id":"20aadc24-a391-41cf-b340-3e4529f44bde","name":"kg"},"flowProperty":{"@type":"FlowProperty","@id":"93a60a56-a3c8-11da-a746-0800200b9a66","name":"Mass","category":"Technical flow properties","refUnit":"kg"},"uncertainty":{"@type":"Uncertainty","distributionType":"LOG_NORMAL_DISTRIBUTION","geomMean":1.48E-5,"geomSd":1.2247433959093252}},{"@type":"Exchange","isAvoidedProduct":false,"isInput":false,"amount":7.3099E-6,"dqEntry":"(1;1;3;1;1)","description":"Emissions to air from open burning. ","internalId":56,"flow":{"@type":"Flow","@id":"748f22a9-eba4-4726-bef5-92c7442ce189","name":"Zinc II","category":"Elementary flows/Emission to air/high population density","flowType":"ELEMENTARY_FLOW","refUnit":"kg"},"unit":{"@type":"Unit","@id":"20aadc24-a391-41cf-b340-3e4529f44bde","name":"kg"},"flowProperty":{"@type":"FlowProperty","@id":"93a60a56-a3c8-11da-a746-0800200b9a66","name":"Mass","category":"Technical flow properties","refUnit":"kg"},"uncertainty":{"@type":"Uncertainty","distributionType":"LOG_NORMAL_DISTRIBUTION","geomMean":7.31E-6,"geomSd":2.287362805725653}},{"@type":"Exchange","isAvoidedProduct":false,"isInput":false,"amount":1.4853E-6,"dqEntry":"(1;1;3;1;1)","description":"Emissions to air from open burning. ","internalId":8,"flow":{"@type":"Flow","@id":"5ffb3576-740f-41ba-814f-8538d83a4b3b","name":"Barium II","category":"Elementary flows/Emission to air/high population density","flowType":"ELEMENTARY_FLOW","refUnit":"kg"},"unit":{"@type":"Unit","@id":"20aadc24-a391-41cf-b340-3e4529f44bde","name":"kg"},"flowProperty":{"@type":"FlowProperty","@id":"93a60a56-a3c8-11da-a746-0800200b9a66","name":"Mass","category":"Technical flow properties","refUnit":"kg"},"uncertainty":{"@type":"Uncertainty","distributionType":"LOG_NORMAL_DISTRIBUTION","geomMean":1.485E-6,"geomSd":2.662974469509155}},{"@type":"Exchange","isAvoidedProduct":false,"isInput":false,"amount":4.4365E-4,"dqEntry":"(1;1;3;1;1)","description":"Process-specific (constant) emissions to air from open burning. ","internalId":24,"flow":{"@type":"Flow","@id":"20664d0e-24e3-4daa-8c5c-2ade6e0c2723","name":"Formaldehyde","category":"Elementary flows/Emission to air/high population density","flowType":"ELEMENTARY_FLOW","refUnit":"kg"},"unit":{"@type":"Unit","@id":"20aadc24-a391-41cf-b340-3e4529f44bde","name":"kg"},"flowProperty":{"@type":"FlowProperty","@id":"93a60a56-a3c8-11da-a746-0800200b9a66","name":"Mass","category":"Technical flow properties","refUnit":"kg"},"uncertainty":{"@type":"Uncertainty","distributionType":"LOG_NORMAL_DISTRIBUTION","geomMean":4.437E-4,"geomSd":1.2247433959093252}},{"@type":"Exchange","isAvoidedProduct":false,"isInput":false,"amount":3.72E-4,"dqEntry":"(1;1;3;1;1)","description":"Process-specific (constant) emissions to air from open burning. ","internalId":53,"flow":{"@type":"Flow","@id":"39946c56-cdf6-4a22-9ac9-1cd333b65533","name":"Toluene","category":"Elementary flows/Emission to air/high population density","flowType":"ELEMENTARY_FLOW","refUnit":"kg"},"unit":{"@type":"Unit","@id":"20aadc24-a391-41cf-b340-3e4529f44bde","name":"kg"},"flowProperty":{"@type":"FlowProperty","@id":"93a60a56-a3c8-11da-a746-0800200b9a66","name":"Mass","category":"Technical flow properties","refUnit":"kg"},"uncertainty":{"@type":"Uncertainty","distributionType":"LOG_NORMAL_DISTRIBUTION","geomMean":3.72E-4,"geomSd":1.2247433959093252}},{"@type":"Exchange","isAvoidedProduct":false,"isInput":false,"amount":1.3306E-10,"dqEntry":"(1;1;3;1;1)","description":"Process-specific (constant) emissions to air from open burning. ","internalId":23,"flow":{"@type":"Flow","@id":"237a5f15-8119-472a-8988-88b7ecb42405","name":"Dioxins, measured as 2,3,7,8-tetrachlorodibenzo-p-dioxin","category":"Elementary flows/Emission to air/high population density","flowType":"ELEMENTARY_FLOW","refUnit":"kg"},"unit":{"@type":"Unit","@id":"20aadc24-a391-41cf-b340-3e4529f44bde","name":"kg"},"flowProperty":{"@type":"FlowProperty","@id":"93a60a56-a3c8-11da-a746-0800200b9a66","name":"Mass","category":"Technical flow properties","refUnit":"kg"},"uncertainty":{"@type":"Uncertainty","distributionType":"LOG_NORMAL_DISTRIBUTION","geomMean":1.331E-10,"geomSd":2.5732557913760017}},{"@type":"Exchange","isAvoidedProduct":false,"isInput":false,"amount":3.6644E-9,"dqEntry":"(1;1;3;1;1)","description":"Emissions to air from open burning. ","internalId":48,"flow":{"@type":"Flow","@id":"c6462d84-caa9-425a-a923-45238690c6f3","name":"Silver I","category":"Elementary flows/Emission to air/high population density","flowType":"ELEMENTARY_FLOW","refUnit":"kg"},"unit":{"@type":"Unit","@id":"20aadc24-a391-41cf-b340-3e4529f44bde","name":"kg"},"flowProperty":{"@type":"FlowProperty","@id":"93a60a56-a3c8-11da-a746-0800200b9a66","name":"Mass","category":"Technical flow properties","refUnit":"kg"},"uncertainty":{"@type":"Uncertainty","distributionType":"LOG_NORMAL_DISTRIBUTION","geomMean":3.664E-9,"geomSd":3.6509607329061344}},{"@type":"Exchange","isAvoidedProduct":false,"isInput":false,"amount":0.0056561,"dqEntry":"(1;1;3;1;1)","description":"Emissions from open burning to residues left on ground. ","internalId":65,"flow":{"@type":"Flow","@id":"7f8fd1ca-0412-4b2e-90fd-a9d294d947a3","name":"Carbon","category":"Elementary flows/Emission to soil/industrial","flowType":"ELEMENTARY_FLOW","refUnit":"kg"},"unit":{"@type":"Unit","@id":"20aadc24-a391-41cf-b340-3e4529f44bde","name":"kg"},"flowProperty":{"@type":"FlowProperty","@id":"93a60a56-a3c8-11da-a746-0800200b9a66","name":"Mass","category":"Technical flow properties","refUnit":"kg"},"uncertainty":{"@type":"Uncertainty","distributionType":"LOG_NORMAL_DISTRIBUTION","geomMean":0.005656,"geomSd":1.3105996099772599}},{"@type":"Exchange","isAvoidedProduct":false,"isInput":false,"amount":0.0046086,"dqEntry":"(1;1;3;1;1)","description":"Emissions to air from open burning. ","internalId":37,"flow":{"@type":"Flow","@id":"d068f3e2-b033-417b-a359-ca4f25da9731","name":"Nitrogen oxides","category":"Elementary flows/Emission to air/high population density","flowType":"ELEMENTARY_FLOW","refUnit":"kg"},"unit":{"@type":"Unit","@id":"20aadc24-a391-41cf-b340-3e4529f44bde","name":"kg"},"flowProperty":{"@type":"FlowProperty","@id":"93a60a56-a3c8-11da-a746-0800200b9a66","name":"Mass","category":"Technical flow properties","refUnit":"kg"},"uncertainty":{"@type":"Uncertainty","distributionType":"LOG_NORMAL_DISTRIBUTION","geomMean":0.004609,"geomSd":1.8659359469082746}},{"@type":"Exchange","isAvoidedProduct":false,"isInput":false,"amount":1.1016E-10,"dqEntry":"(1;1;3;1;1)","description":"Emissions to air from open burning. ","internalId":52,"flow":{"@type":"Flow","@id":"19b6e569-85a4-4ea9-a590-d61a21e3c846","name":"Tin ion","category":"Elementary flows/Emission to air/high population density","flowType":"ELEMENTARY_FLOW","refUnit":"kg"},"unit":{"@type":"Unit","@id":"20aadc24-a391-41cf-b340-3e4529f44bde","name":"kg"},"flowProperty":{"@type":"FlowProperty","@id":"93a60a56-a3c8-11da-a746-0800200b9a66","name":"Mass","category":"Technical flow properties","refUnit":"kg"},"uncertainty":{"@type":"Uncertainty","distributionType":"LOG_NORMAL_DISTRIBUTION","geomMean":1.102E-10,"geomSd":3.134037772124189}},{"@type":"Exchange","isAvoidedProduct":false,"isInput":false,"amount":3.1513E-4,"dqEntry":"(1;1;3;1;1)","description":"Emissions from open burning to residues left on ground. ","internalId":67,"flow":{"@type":"Flow","@id":"e65a9c58-21f1-48b6-b738-d05a8f10e5f3","name":"Chromium III","category":"Elementary flows/Emission to soil/industrial","flowType":"ELEMENTARY_FLOW","refUnit":"kg"},"unit":{"@type":"Unit","@id":"20aadc24-a391-41cf-b340-3e4529f44bde","name":"kg"},"flowProperty":{"@type":"FlowProperty","@id":"93a60a56-a3c8-11da-a746-0800200b9a66","name":"Mass","category":"Technical flow properties","refUnit":"kg"},"uncertainty":{"@type":"Uncertainty","distributionType":"LOG_NORMAL_DISTRIBUTION","geomMean":3.151E-4,"geomSd":2.458919877514906}},{"@type":"Exchange","isAvoidedProduct":false,"isInput":false,"amount":8.5032E-6,"dqEntry":"(1;1;3;1;1)","description":"Emissions from open burning to residues left on ground. ","internalId":89,"flow":{"@type":"Flow","@id":"1a5850a0-0069-4b73-bb91-7a61e8d45ae5","name":"Vanadium V","category":"Elementary flows/Emission to soil/industrial","flowType":"ELEMENTARY_FLOW","refUnit":"kg"},"unit":{"@type":"Unit","@id":"20aadc24-a391-41cf-b340-3e4529f44bde","name":"kg"},"flowProperty":{"@type":"FlowProperty","@id":"93a60a56-a3c8-11da-a746-0800200b9a66","name":"Mass","category":"Technical flow properties","refUnit":"kg"},"uncertainty":{"@type":"Uncertainty","distributionType":"LOG_NORMAL_DISTRIBUTION","geomMean":8.503E-6,"geomSd":3.0981221803872985}},{"@type":"Exchange","isAvoidedProduct":false,"isInput":false,"amount":9.7593E-9,"dqEntry":"(1;1;3;1;1)","description":"Emissions to air from open burning. ","internalId":35,"flow":{"@type":"Flow","@id":"c26d4716-ce1e-43da-a662-cd9498b1e8bc","name":"Molybdenum VI","category":"Elementary flows/Emission to air/high population density","flowType":"ELEMENTARY_FLOW","refUnit":"kg"},"unit":{"@type":"Unit","@id":"20aadc24-a391-41cf-b340-3e4529f44bde","name":"kg"},"flowProperty":{"@type":"FlowProperty","@id":"93a60a56-a3c8-11da-a746-0800200b9a66","name":"Mass","category":"Technical flow properties","refUnit":"kg"},"uncertainty":{"@type":"Uncertainty","distributionType":"LOG_NORMAL_DISTRIBUTION","geomMean":9.759E-9,"geomSd":3.468576734049746}},{"@type":"Exchange","isAvoidedProduct":false,"isInput":true,"amount":0.91366,"dqEntry":"(1;1;3;1;1)","description":"oxygen from ambient air needed to combust and oxidise this waste. Net demand, i.e. without air O2 leaving the process uncombusted. ","internalId":91,"flow":{"@type":"Flow","@id":"af01e564-f816-4906-bd4f-b7c932f926b9","name":"Oxygen","category":"Elementary flows/Resource/in air","flowType":"ELEMENTARY_FLOW","refUnit":"kg"},"unit":{"@type":"Unit","@id":"20aadc24-a391-41cf-b340-3e4529f44bde","name":"kg"},"flowProperty":{"@type":"FlowProperty","@id":"93a60a56-a3c8-11da-a746-0800200b9a66","name":"Mass","category":"Technical flow properties","refUnit":"kg"},"uncertainty":{"@type":"Uncertainty","distributionType":"LOG_NORMAL_DISTRIBUTION","geomMean":0.9137,"geomSd":1.2425901929949952}},{"@type":"Exchange","isAvoidedProduct":false,"isInput":false,"amount":1.5186E-5,"dqEntry":"(1;1;3;1;1)","description":"Emissions to air from open burning. ","internalId":28,"flow":{"@type":"Flow","@id":"32cd0492-c0cb-4898-a2b1-675eedc5b688","name":"Iron ion","category":"Elementary flows/Emission to air/high population density","flowType":"ELEMENTARY_FLOW","refUnit":"kg"},"unit":{"@type":"Unit","@id":"20aadc24-a391-41cf-b340-3e4529f44bde","name":"kg"},"flowProperty":{"@type":"FlowProperty","@id":"93a60a56-a3c8-11da-a746-0800200b9a66","name":"Mass","category":"Technical flow properties","refUnit":"kg"},"uncertainty":{"@type":"Uncertainty","distributionType":"LOG_NORMAL_DISTRIBUTION","geomMean":1.519E-5,"geomSd":1.8245775570624112}},{"@type":"Exchange","isAvoidedProduct":false,"isInput":false,"amount":6.1988E-7,"dqEntry":"(1;1;3;1;1)","description":"Emissions from open burning to residues left on ground. ","internalId":59,"flow":{"@type":"Flow","@id":"ebc4c2a3-c004-4053-8048-f41fdd9324c8","name":"Arsenic ion","category":"Elementary flows/Emission to soil/industrial","flowType":"ELEMENTARY_FLOW","refUnit":"kg"},"unit":{"@type":"Unit","@id":"20aadc24-a391-41cf-b340-3e4529f44bde","name":"kg"},"flowProperty":{"@type":"FlowProperty","@id":"93a60a56-a3c8-11da-a746-0800200b9a66","name":"Mass","category":"Technical flow properties","refUnit":"kg"},"uncertainty":{"@type":"Uncertainty","distributionType":"LOG_NORMAL_DISTRIBUTION","geomMean":6.199E-7,"geomSd":3.5849828703754856}},{"@type":"Exchange","isAvoidedProduct":false,"isInput":false,"amount":7.1904E-6,"dqEntry":"(1;1;3;1;1)","description":"Emissions from open burning to residues left on ground. ","internalId":61,"flow":{"@type":"Flow","@id":"58a3086e-3ded-4751-a313-05608f725081","name":"Boron","category":"Elementary flows/Emission to soil/industrial","flowType":"ELEMENTARY_FLOW","refUnit":"kg"},"unit":{"@type":"Unit","@id":"20aadc24-a391-41cf-b340-3e4529f44bde","name":"kg"},"flowProperty":{"@type":"FlowProperty","@id":"93a60a56-a3c8-11da-a746-0800200b9a66","name":"Mass","category":"Technical flow properties","refUnit":"kg"},"uncertainty":{"@type":"Uncertainty","distributionType":"LOG_NORMAL_DISTRIBUTION","geomMean":7.19E-6,"geomSd":3.1429559541016476}},{"@type":"Exchange","isAvoidedProduct":false,"isInput":false,"amount":3.3845E-11,"dqEntry":"(1;1;3;1;1)","description":"Emissions to air from open burning. ","internalId":6,"flow":{"@type":"Flow","@id":"3ea5684a-6d64-4f96-8c09-1d90f997c9d4","name":"Antimony ion","category":"Elementary flows/Emission to air/high population density","flowType":"ELEMENTARY_FLOW","refUnit":"kg"},"unit":{"@type":"Unit","@id":"20aadc24-a391-41cf-b340-3e4529f44bde","name":"kg"},"flowProperty":{"@type":"FlowProperty","@id":"93a60a56-a3c8-11da-a746-0800200b9a66","name":"Mass","category":"Technical flow properties","refUnit":"kg"},"uncertainty":{"@type":"Uncertainty","distributionType":"LOG_NORMAL_DISTRIBUTION","geomMean":3.385E-11,"geomSd":3.3504362703980672}},{"@type":"Exchange","isAvoidedProduct":false,"isInput":false,"amount":2.0781E-4,"dqEntry":"(1;1;3;1;1)","description":"Emissions to air from open burning. ","internalId":14,"flow":{"@type":"Flow","@id":"a912f450-5233-489b-a2e9-8c029fab480f","name":"Calcium","category":"Elementary flows/Emission to air/high population density","flowType":"ELEMENTARY_FLOW","refUnit":"kg"},"unit":{"@type":"Unit","@id":"20aadc24-a391-41cf-b340-3e4529f44bde","name":"kg"},"flowProperty":{"@type":"FlowProperty","@id":"93a60a56-a3c8-11da-a746-0800200b9a66","name":"Mass","category":"Technical flow properties","refUnit":"kg"},"uncertainty":{"@type":"Uncertainty","distributionType":"LOG_NORMAL_DISTRIBUTION","geomMean":2.078E-4,"geomSd":1.8372163864499933}},{"@type":"Exchange","isAvoidedProduct":false,"isInput":false,"amount":0.001249,"dqEntry":"(1;1;3;1;1)","description":"Emissions to air from open burning. ","internalId":40,"flow":{"@type":"Flow","@id":"1eb1b94c-e9d8-47ab-969b-9cca920157d8","name":"Particulate Matter, \u003e 10 um","category":"Elementary flows/Emission to air/high population density","flowType":"ELEMENTARY_FLOW","refUnit":"kg"},"unit":{"@type":"Unit","@id":"20aadc24-a391-41cf-b340-3e4529f44bde","name":"kg"},"flowProperty":{"@type":"FlowProperty","@id":"93a60a56-a3c8-11da-a746-0800200b9a66","name":"Mass","category":"Technical flow properties","refUnit":"kg"},"uncertainty":{"@type":"Uncertainty","distributionType":"LOG_NORMAL_DISTRIBUTION","geomMean":0.001249,"geomSd":1.8286857657136022}},{"@type":"Exchange","isAvoidedProduct":false,"isInput":false,"amount":0.0036075,"dqEntry":"(1;1;3;1;1)","description":"Process-specific (constant) emissions to air from open burning. ","internalId":34,"flow":{"@type":"Flow","@id":"baf58fc9-573c-419c-8c16-831ac03203b9","name":"Methane, non-fossil","category":"Elementary flows/Emission to air/high population density","flowType":"ELEMENTARY_FLOW","refUnit":"kg"},"unit":{"@type":"Unit","@id":"20aadc24-a391-41cf-b340-3e4529f44bde","name":"kg"},"flowProperty":{"@type":"FlowProperty","@id":"93a60a56-a3c8-11da-a746-0800200b9a66","name":"Mass","category":"Technical flow properties","refUnit":"kg"},"uncertainty":{"@type":"Uncertainty","distributionType":"LOG_NORMAL_DISTRIBUTION","geomMean":0.003608,"geomSd":1.2247433959093252}},{"@type":"Exchange","isAvoidedProduct":false,"isInput":false,"amount":6.3245E-6,"dqEntry":"(1;1;3;1;1)","description":"Emissions to air from open burning. ","internalId":26,"flow":{"@type":"Flow","@id":"257eacb9-96fe-4a3d-961a-f5e6c7823ff0","name":"Hydrogen fluoride","category":"Elementary flows/Emission to air/high population density","flowType":"ELEMENTARY_FLOW","refUnit":"kg"},"unit":{"@type":"Unit","@id":"20aadc24-a391-41cf-b340-3e4529f44bde","name":"kg"},"flowProperty":{"@type":"FlowProperty","@id":"93a60a56-a3c8-11da-a746-0800200b9a66","name":"Mass","category":"Technical flow properties","refUnit":"kg"},"uncertainty":{"@type":"Uncertainty","distributionType":"LOG_NORMAL_DISTRIBUTION","geomMean":6.325E-6,"geomSd":2.788556995642819}},{"@type":"Exchange","isAvoidedProduct":false,"isInput":false,"amount":2.2077E-6,"dqEntry":"(1;1;3;1;1)","description":"Emissions to air from open burning. ","internalId":31,"flow":{"@type":"Flow","@id":"b0546417-3064-4878-bd6f-2da75cefdf63","name":"Manganese II","category":"Elementary flows/Emission to air/high population density","flowType":"ELEMENTARY_FLOW","refUnit":"kg"},"unit":{"@type":"Unit","@id":"20aadc24-a391-41cf-b340-3e4529f44bde","name":"kg"},"flowProperty":{"@type":"FlowProperty","@id":"93a60a56-a3c8-11da-a746-0800200b9a66","name":"Mass","category":"Technical flow properties","refUnit":"kg"},"uncertainty":{"@type":"Uncertainty","distributionType":"LOG_NORMAL_DISTRIBUTION","geomMean":2.208E-6,"geomSd":2.5671160620533415}},{"@type":"Exchange","isAvoidedProduct":false,"isInput":false,"amount":4.284E-4,"dqEntry":"(1;1;3;1;1)","description":"Process-specific (constant) emissions to air from open burning. ","internalId":4,"flow":{"@type":"Flow","@id":"5ad58fcc-e9ba-4155-a3c9-e4ffb3065a6f","name":"Acetaldehyde","category":"Elementary flows/Emission to air/high population density","flowType":"ELEMENTARY_FLOW","refUnit":"kg"},"unit":{"@type":"Unit","@id":"20aadc24-a391-41cf-b340-3e4529f44bde","name":"kg"},"flowProperty":{"@type":"FlowProperty","@id":"93a60a56-a3c8-11da-a746-0800200b9a66","name":"Mass","category":"Technical flow properties","refUnit":"kg"},"uncertainty":{"@type":"Uncertainty","distributionType":"LOG_NORMAL_DISTRIBUTION","geomMean":4.284E-4,"geomSd":1.2247433959093252}},{"@type":"Exchange","isAvoidedProduct":false,"isInput":false,"amount":0.0013039,"dqEntry":"(1;1;3;1;1)","description":"Emissions from open burning to residues left on ground. ","internalId":90,"flow":{"@type":"Flow","@id":"b88999ec-84fd-462d-9dec-7e20a4636a58","name":"Zinc II","category":"Elementary flows/Emission to soil/industrial","flowType":"ELEMENTARY_FLOW","refUnit":"kg"},"unit":{"@type":"Unit","@id":"20aadc24-a391-41cf-b340-3e4529f44bde","name":"kg"},"flowProperty":{"@type":"FlowProperty","@id":"93a60a56-a3c8-11da-a746-0800200b9a66","name":"Mass","category":"Technical flow properties","refUnit":"kg"},"uncertainty":{"@type":"Uncertainty","distributionType":"LOG_NORMAL_DISTRIBUTION","geomMean":0.001304,"geomSd":2.2009695449179407}},{"@type":"Exchange","isAvoidedProduct":false,"isInput":false,"amount":7.1034E-7,"dqEntry":"(1;1;3;1;1)","description":"Emissions from open burning to residues left on ground. ","internalId":85,"flow":{"@type":"Flow","@id":"16316600-f12a-410b-8726-3faee64de60a","name":"Silver I","category":"Elementary flows/Emission to soil/industrial","flowType":"ELEMENTARY_FLOW","refUnit":"kg"},"unit":{"@type":"Unit","@id":"20aadc24-a391-41cf-b340-3e4529f44bde","name":"kg"},"flowProperty":{"@type":"FlowProperty","@id":"93a60a56-a3c8-11da-a746-0800200b9a66","name":"Mass","category":"Technical flow properties","refUnit":"kg"},"uncertainty":{"@type":"Uncertainty","distributionType":"LOG_NORMAL_DISTRIBUTION","geomMean":7.103E-7,"geomSd":3.5609927539880015}},{"@type":"Exchange","isAvoidedProduct":false,"isInput":false,"amount":5.035E-5,"dqEntry":"(1;1;3;1;1)","description":"Emissions from open burning to residues left on ground. ","internalId":71,"flow":{"@type":"Flow","@id":"a768b3a4-dce7-48f2-bb44-89c8a4ba00d1","name":"Fluoride","category":"Elementary flows/Emission to soil/industrial","flowType":"ELEMENTARY_FLOW","refUnit":"kg"},"unit":{"@type":"Unit","@id":"20aadc24-a391-41cf-b340-3e4529f44bde","name":"kg"},"flowProperty":{"@type":"FlowProperty","@id":"93a60a56-a3c8-11da-a746-0800200b9a66","name":"Mass","category":"Technical flow properties","refUnit":"kg"},"uncertainty":{"@type":"Uncertainty","distributionType":"LOG_NORMAL_DISTRIBUTION","geomMean":5.035E-5,"geomSd":2.7704759712897733}},{"@type":"Exchange","isAvoidedProduct":false,"isInput":false,"amount":0.0022925,"dqEntry":"(1;1;3;1;1)","description":"Process-specific (constant) emissions to air from open burning. ","internalId":33,"flow":{"@type":"Flow","@id":"5f7aad3d-566c-4d0d-ad59-e765f971aa0f","name":"Methane, fossil","category":"Elementary flows/Emission to air/high population density","flowType":"ELEMENTARY_FLOW","refUnit":"kg"},"unit":{"@type":"Unit","@id":"20aadc24-a391-41cf-b340-3e4529f44bde","name":"kg"},"flowProperty":{"@type":"FlowProperty","@id":"93a60a56-a3c8-11da-a746-0800200b9a66","name":"Mass","category":"Technical flow properties","refUnit":"kg"},"uncertainty":{"@type":"Uncertainty","distributionType":"LOG_NORMAL_DISTRIBUTION","geomMean":0.002293,"geomSd":1.2247433959093252}},{"@type":"Exchange","isAvoidedProduct":false,"isInput":false,"amount":9.2061E-6,"dqEntry":"(1;1;3;1;1)","description":"Emissions from open burning to residues left on ground. ","internalId":62,"flow":{"@type":"Flow","@id":"2113ec49-2b48-4808-8e40-837769be8337","name":"Bromine","category":"Elementary flows/Emission to soil/industrial","flowType":"ELEMENTARY_FLOW","refUnit":"kg"},"unit":{"@type":"Unit","@id":"20aadc24-a391-41cf-b340-3e4529f44bde","name":"kg"},"flowProperty":{"@type":"FlowProperty","@id":"93a60a56-a3c8-11da-a746-0800200b9a66","name":"Mass","category":"Technical flow properties","refUnit":"kg"},"uncertainty":{"@type":"Uncertainty","distributionType":"LOG_NORMAL_DISTRIBUTION","geomMean":9.206E-6,"geomSd":3.028891567956337}},{"@type":"Exchange","isAvoidedProduct":false,"isInput":false,"amount":7.1357E-7,"dqEntry":"(1;1;3;1;1)","description":"Emissions to air from open burning. ","internalId":32,"flow":{"@type":"Flow","@id":"a850e6de-a007-432f-be7f-ce6e2cf1f2ae","name":"Mercury II","category":"Elementary flows/Emission to air/high population density","flowType":"ELEMENTARY_FLOW","refUnit":"kg"},"unit":{"@type":"Unit","@id":"20aadc24-a391-41cf-b340-3e4529f44bde","name":"kg"},"flowProperty":{"@type":"FlowProperty","@id":"93a60a56-a3c8-11da-a746-0800200b9a66","name":"Mass","category":"Technical flow properties","refUnit":"kg"},"uncertainty":{"@type":"Uncertainty","distributionType":"LOG_NORMAL_DISTRIBUTION","geomMean":7.136E-7,"geomSd":3.435699011300104}},{"@type":"Exchange","isAvoidedProduct":false,"isInput":false,"amount":2.3346E-5,"dqEntry":"(1;1;3;1;1)","description":"Emissions to air from open burning. ","internalId":49,"flow":{"@type":"Flow","@id":"98eb1d16-9d7a-4716-9be4-1449341a832f","name":"Sodium","category":"Elementary flows/Emission to air/high population density","flowType":"ELEMENTARY_FLOW","refUnit":"kg"},"unit":{"@type":"Unit","@id":"20aadc24-a391-41cf-b340-3e4529f44bde","name":"kg"},"flowProperty":{"@type":"FlowProperty","@id":"93a60a56-a3c8-11da-a746-0800200b9a66","name":"Mass","category":"Technical flow properties","refUnit":"kg"},"uncertainty":{"@type":"Uncertainty","distributionType":"LOG_NORMAL_DISTRIBUTION","geomMean":2.335E-5,"geomSd":2.0497801442961143}},{"@type":"Exchange","isAvoidedProduct":false,"isInput":false,"amount":3.1276E-5,"dqEntry":"(1;1;3;1;1)","description":"Emissions from open burning to residues left on ground. ","internalId":80,"flow":{"@type":"Flow","@id":"eadc37a4-8b1e-4dd2-8f4a-39d89d5f39ba","name":"Nitrogen","category":"Elementary flows/Emission to soil/industrial","flowType":"ELEMENTARY_FLOW","refUnit":"kg"},"unit":{"@type":"Unit","@id":"20aadc24-a391-41cf-b340-3e4529f44bde","name":"kg"},"flowProperty":{"@type":"FlowProperty","@id":"93a60a56-a3c8-11da-a746-0800200b9a66","name":"Mass","category":"Technical flow properties","refUnit":"kg"},"uncertainty":{"@type":"Uncertainty","distributionType":"LOG_NORMAL_DISTRIBUTION","geomMean":3.128E-5,"geomSd":2.1153061903639565}},{"@type":"Exchange","isAvoidedProduct":false,"isInput":false,"amount":6.1483E-4,"dqEntry":"(1;1;3;1;1)","description":"water vapour from waste humidity, hydrogen oxidation. ","internalId":55,"flow":{"@type":"Flow","@id":"5d368100-b1bc-4456-8420-e469edccf349","name":"Water","category":"Elementary flows/Emission to air/high population density","flowType":"ELEMENTARY_FLOW","refUnit":"m3"},"unit":{"@type":"Unit","@id":"1c3a9695-398d-4b1f-b07e-a8715b610f70","name":"m3"},"flowProperty":{"@type":"FlowProperty","@id":"93a60a56-a3c8-22da-a746-0800200c9a66","name":"Volume","category":"Technical flow properties","refUnit":"m3"},"uncertainty":{"@type":"Uncertainty","distributionType":"LOG_NORMAL_DISTRIBUTION","geomMean":6.148E-4,"geomSd":1.3506973624875085}},{"@type":"Exchange","isAvoidedProduct":false,"isInput":false,"amount":2.9978E-7,"dqEntry":"(1;1;3;1;1)","description":"Emissions from open burning to residues left on ground. ","internalId":83,"flow":{"@type":"Flow","@id":"56a24912-2d66-4124-87d8-f760c2fe3973","name":"Selenium IV","category":"Elementary flows/Emission to soil/industrial","flowType":"ELEMENTARY_FLOW","refUnit":"kg"},"unit":{"@type":"Unit","@id":"20aadc24-a391-41cf-b340-3e4529f44bde","name":"kg"},"flowProperty":{"@type":"FlowProperty","@id":"93a60a56-a3c8-11da-a746-0800200b9a66","name":"Mass","category":"Technical flow properties","refUnit":"kg"},"uncertainty":{"@type":"Uncertainty","distributionType":"LOG_NORMAL_DISTRIBUTION","geomMean":2.998E-7,"geomSd":3.7063151698609587}},{"@type":"Exchange","isAvoidedProduct":false,"isInput":true,"amount":-0.017098,"dqEntry":"(1;1;1;1;1)","description":"metallic iron scrap removed from ash reamains and recycled. ","costValue":-0.0029921499999999994,"currency":{"@type":"Currency","@id":"7de74e65-ff97-404f-bf57-5d2a9134fb43","name":"Euro","refUnit":"EUR"},"internalId":3,"flow":{"@type":"Flow","@id":"4f312355-ac65-4635-8fb2-006dba64ce60","name":"iron scrap, sorted, pressed","category":"E:Water supply; sewerage, waste management and remediation activities/38:Waste collection, treatment and disposal activities; materials recovery/383:Materials recovery/3830:Materials recovery","flowType":"PRODUCT_FLOW","refUnit":"kg"},"unit":{"@type":"Unit","@id":"20aadc24-a391-41cf-b340-3e4529f44bde","name":"kg"},"flowProperty":{"@type":"FlowProperty","@id":"93a60a56-a3c8-11da-a746-0800200b9a66","name":"Mass","category":"Technical flow properties","refUnit":"kg"},"uncertainty":{"@type":"Uncertainty","distributionType":"LOG_NORMAL_DISTRIBUTION","geomMean":0.017098,"geomSd":1.6360095799078946},"defaultProvider":{"@type":"Process","@id":"be6c5fac-617c-3bce-a1ac-d509e547c634","name":"iron scrap, sorted, pressed, Recycled Content cut-off | iron scrap, sorted, pressed | Cutoff, U","category":"D:Electricity, gas, steam and air conditioning supply/E:Water supply; sewerage, waste management and remediation activities/38:Waste collection, treatment and disposal activities; materials recovery","processType":"UNIT_PROCESS","flowType":"PRODUCT_FLOW","location":"GLO"}},{"@type":"Exchange","isAvoidedProduct":false,"isInput":false,"amount":7.2722E-7,"dqEntry":"(1;1;3;1;1)","description":"Emissions to air from open burning. ","internalId":21,"flow":{"@type":"Flow","@id":"88cde01c-df69-40bb-9b14-6eac71bea5b8","name":"Copper ion","category":"Elementary flows/Emission to air/high population density","flowType":"ELEMENTARY_FLOW","refUnit":"kg"},"unit":{"@type":"Unit","@id":"20aadc24-a391-41cf-b340-3e4529f44bde","name":"kg"},"flowProperty":{"@type":"FlowProperty","@id":"93a60a56-a3c8-11da-a746-0800200b9a66","name":"Mass","category":"Technical flow properties","refUnit":"kg"},"uncertainty":{"@type":"Uncertainty","distributionType":"LOG_NORMAL_DISTRIBUTION","geomMean":7.272E-7,"geomSd":2.37491685138274}},{"@type":"Exchange","isAvoidedProduct":false,"isInput":false,"amount":0.0032474,"dqEntry":"(1;1;3;1;1)","description":"Emissions to air from open burning. ","internalId":39,"flow":{"@type":"Flow","@id":"230d8a0a-517c-43fe-8357-1818dd12997a","name":"Particulate Matter, \u003c 2.5 um","category":"Elementary flows/Emission to air/high population density","flowType":"ELEMENTARY_FLOW","refUnit":"kg"},"unit":{"@type":"Unit","@id":"20aadc24-a391-41cf-b340-3e4529f44bde","name":"kg"},"flowProperty":{"@type":"FlowProperty","@id":"93a60a56-a3c8-11da-a746-0800200b9a66","name":"Mass","category":"Technical flow properties","refUnit":"kg"},"uncertainty":{"@type":"Uncertainty","distributionType":"LOG_NORMAL_DISTRIBUTION","geomMean":0.003247,"geomSd":1.8286857657136022}},{"@type":"Exchange","isAvoidedProduct":false,"isInput":true,"amount":-8.3857E-4,"dqEntry":"(1;1;1;1;1)","description":"metallic copper scrap removed from ash reamains and recycled. ","costValue":-0.0023815387999999997,"currency":{"@type":"Currency","@id":"7de74e65-ff97-404f-bf57-5d2a9134fb43","name":"Euro","refUnit":"EUR"},"internalId":2,"flow":{"@type":"Flow","@id":"cc0d4252-6207-41d6-8567-bcbad58a7bef","name":"copper scrap, sorted, pressed","category":"E:Water supply; sewerage, waste management and remediation activities/38:Waste collection, treatment and disposal activities; materials recovery/381:Waste collection/3811:Collection of non-hazardous waste","flowType":"PRODUCT_FLOW","refUnit":"kg"},"unit":{"@type":"Unit","@id":"20aadc24-a391-41cf-b340-3e4529f44bde","name":"kg"},"flowProperty":{"@type":"FlowProperty","@id":"93a60a56-a3c8-11da-a746-0800200b9a66","name":"Mass","category":"Technical flow properties","refUnit":"kg"},"uncertainty":{"@type":"Uncertainty","distributionType":"LOG_NORMAL_DISTRIBUTION","geomMean":8.3857E-4,"geomSd":2.2163140150440155},"defaultProvider":{"@type":"Process","@id":"27faf2fc-cdbc-3b17-9652-be5f8e6ed2b7","name":"copper scrap, sorted, pressed, Recycled Content cut-off | copper scrap, sorted, pressed | Cutoff, U","category":"D:Electricity, gas, steam and air conditioning supply/E:Water supply; sewerage, waste management and remediation activities/38:Waste collection, treatment and disposal activities; materials recovery","processType":"UNIT_PROCESS","flowType":"PRODUCT_FLOW","location":"GLO"}},{"@type":"Exchange","isAvoidedProduct":false,"isInput":false,"amount":6.141E-6,"dqEntry":"(1;1;3;1;1)","description":"Emissions to air from open burning. ","internalId":43,"flow":{"@type":"Flow","@id":"198ce8e3-f05a-4bec-9f7f-325347453326","name":"Phosphorus","category":"Elementary flows/Emission to air/high population density","flowType":"ELEMENTARY_FLOW","refUnit":"kg"},"unit":{"@type":"Unit","@id":"20aadc24-a391-41cf-b340-3e4529f44bde","name":"kg"},"flowProperty":{"@type":"FlowProperty","@id":"93a60a56-a3c8-11da-a746-0800200b9a66","name":"Mass","category":"Technical flow properties","refUnit":"kg"},"uncertainty":{"@type":"Uncertainty","distributionType":"LOG_NORMAL_DISTRIBUTION","geomMean":6.141E-6,"geomSd":2.3501436357659578}},{"@type":"Exchange","isAvoidedProduct":false,"isInput":false,"amount":6.2749E-6,"dqEntry":"(1;1;3;1;1)","description":"Emissions to air from open burning. ","internalId":5,"flow":{"@type":"Flow","@id":"6f0b8b7c-3888-4174-b7e3-916d42d678ee","name":"Aluminium III","category":"Elementary flows/Emission to air/high population density","flowType":"ELEMENTARY_FLOW","refUnit":"kg"},"unit":{"@type":"Unit","@id":"20aadc24-a391-41cf-b340-3e4529f44bde","name":"kg"},"flowProperty":{"@type":"FlowProperty","@id":"93a60a56-a3c8-11da-a746-0800200b9a66","name":"Mass","category":"Technical flow properties","refUnit":"kg"},"uncertainty":{"@type":"Uncertainty","distributionType":"LOG_NORMAL_DISTRIBUTION","geomMean":6.275E-6,"geomSd":1.9731229463188973}},{"@type":"Exchange","isAvoidedProduct":false,"isInput":false,"amount":2.2564E-5,"dqEntry":"(1;1;3;1;1)","description":"Emissions from open burning to residues left on ground. ","internalId":58,"flow":{"@type":"Flow","@id":"2b2369a4-26bb-4b18-8479-752fdf7a5e7f","name":"Antimony ion","category":"Elementary flows/Emission to soil/industrial","flowType":"ELEMENTARY_FLOW","refUnit":"kg"},"unit":{"@type":"Unit","@id":"20aadc24-a391-41cf-b340-3e4529f44bde","name":"kg"},"flowProperty":{"@type":"FlowProperty","@id":"93a60a56-a3c8-11da-a746-0800200b9a66","name":"Mass","category":"Technical flow properties","refUnit":"kg"},"uncertainty":{"@type":"Uncertainty","distributionType":"LOG_NORMAL_DISTRIBUTION","geomMean":2.256E-5,"geomSd":2.9360918204573254}},{"@type":"Exchange","isAvoidedProduct":false,"isInput":false,"amount":7.2882E-7,"dqEntry":"(1;1;3;1;1)","description":"Emissions from open burning to residues left on ground. ","internalId":77,"flow":{"@type":"Flow","@id":"e2128dc4-e065-4030-81b3-c978d7bc48ec","name":"Mercury II","category":"Elementary flows/Emission to soil/industrial","flowType":"ELEMENTARY_FLOW","refUnit":"kg"},"unit":{"@type":"Unit","@id":"20aadc24-a391-41cf-b340-3e4529f44bde","name":"kg"},"flowProperty":{"@type":"FlowProperty","@id":"93a60a56-a3c8-11da-a746-0800200b9a66","name":"Mass","category":"Technical flow properties","refUnit":"kg"},"uncertainty":{"@type":"Uncertainty","distributionType":"LOG_NORMAL_DISTRIBUTION","geomMean":7.288E-7,"geomSd":3.435559826848108}},{"@type":"Exchange","isAvoidedProduct":false,"isInput":false,"amount":5.4259E-8,"dqEntry":"(1;1;3;1;1)","description":"Emissions to air from open burning. ","internalId":20,"flow":{"@type":"Flow","@id":"ca04300a-8338-4601-ba7c-66c10a4f6322","name":"Cobalt II","category":"Elementary flows/Emission to air/high population density","flowType":"ELEMENTARY_FLOW","refUnit":"kg"},"unit":{"@type":"Unit","@id":"20aadc24-a391-41cf-b340-3e4529f44bde","name":"kg"},"flowProperty":{"@type":"FlowProperty","@id":"93a60a56-a3c8-11da-a746-0800200b9a66","name":"Mass","category":"Technical flow properties","refUnit":"kg"},"uncertainty":{"@type":"Uncertainty","distributionType":"LOG_NORMAL_DISTRIBUTION","geomMean":5.426E-8,"geomSd":3.482665889054014}}],"socialAspects":[],"allocationFactors":[]}