{"@type":"Process","@id":"1bd33595-3b32-4023-ab40-3438600a3cc7","name":"waste rubber, granulate, amorphous, recycled","description":"The functional unit represents the production of 1 kg of polyethylene terephthalate granulate, recycled, amorphous. This process delivers the byproduct waste polethylene, unsorted, for recycling.;About 40’000 t of PET bottles per year are collected in Switzerland and further processed to bottle grade (30 % recycling content) or amorphous (50 % recycling content) PET granulate. 20 % of the PET cannot be recycled again and is incinerated. Data for the PET recycling processes were derived via PET Recycling Schweiz (PRS).;After sorting, the pure-coloured PET bales are processed according to the United Resource Recovery Corporation (URRC)-procedure in one of two recycling plants in Switzerland. First, the wire around the PET bales is cut away and the bottles are separated again. The PET bottles pass through a metal separator which also separates aluminium-containing labels. The bottles are then shredded with knives to 12 mm size in the mill. The so-called flakes arrive from above into the air separator that separates the label residues from the PET flakes. The label residues end up in the incin-erator. Purified from the labels, the flakes land in a pool of water where the bottle caps, made of PE, float on top where-as the PET flakes which are heavier than water, sink to the bottom. Thus, the PE caps can be easily separated from the PET and are transferred to the PE recycling. The PET flakes are treated with 50% sodium hydroxide and the flakes-liquor mixture is heated to approximately 200 degree. The liquor dissolves the PET surface layer. With this procedure, even the SiOx coating of the bottle-inside is removed. The purified PET flakes are washed with water and then dried. The PET flakes have now such a high quality again that they may come into contact with bottle again. There are two recycled PET grades produced in Switzerland: amorphous and bottle grade. For bottle grade, the viscosity of the recycled flakes is increased to a comparable level of primary PET by solid state polymerization (SSP). Data were derived from involved recycling facilities.;For further information see Kägi et al. (2017). Life Cycle Inventories for Swiss Recycling Processes - Part Carbotech: Recycling of Cardboard, Glass, PE, PET, Tinplate Service is starting with the receipt of bales of sorted waste PET This module includes all processes of the production of recycled PET granulate, amorphous up to the factory gate. Machinery infrastructure is excluded economic allocation should be used: 98 % is allocated to recycled PET granulate, 2% to waste PE Dataset documentation: https://v391.ecoquery.ecoinvent.org/Details/UPR/6df5eef2-8610-46f9-8639-412ed3f24c99/dd7f13f5-0658-489c-a19c-f2ff8a00bdd9","category":"MSW/Current Management/USA/rubber management","version":"03.04.010","lastChange":"2024-02-24T12:04:20.607Z","processType":"UNIT_PROCESS","isInfrastructureProcess":false,"processDocumentation":{"samplingDescription":"Uncertainty estimation according to the pedigree matrix","isCopyrightProtected":true,"validFrom":"2014-01-01","validUntil":"2022-12-31","dataDocumentor":{"@type":"Actor","@id":"3860cfbd-a932-45c0-90c7-658d5bea9ea3","name":"Thomas Kägi"},"dataGenerator":{"@type":"Actor","@id":"3860cfbd-a932-45c0-90c7-658d5bea9ea3","name":"Thomas Kägi"},"publication":{"@type":"Source","@id":"08b30482-96b3-4811-a707-78422c8e8180","name":"Kägi T.2017"}},"lastInternalId":26,"exchangeDqSystem":{"@type":"DQSystem","@id":"e7ac7cf6-5457-453e-99f9-d889826fffe8","name":"Ecoinvent Data Quality System"},"parameters":[],"exchanges":[{"@type":"Exchange","isAvoidedProduct":false,"isInput":true,"amount":6.932,"dqEntry":"(1;1;4;1;1)","internalId":6,"flow":{"@type":"Flow","@id":"71e2f1db-a2c5-44d0-8337-dfff15be974d","name":"heat, district or industrial, other than natural gas","category":"D:Electricity, gas, steam and air conditioning supply/35:Electricity, gas, steam and air conditioning supply/353:Steam and air conditioning supply/3530:Steam and air conditioning supply","flowType":"PRODUCT_FLOW","refUnit":"MJ"},"unit":{"@type":"Unit","@id":"52765a6c-3896-43c2-b2f4-c679acf13efe","name":"MJ"},"flowProperty":{"@type":"FlowProperty","@id":"f6811440-ee37-11de-8a39-0800200c9a66","name":"Energy","category":"Technical flow properties","refUnit":"MJ"},"uncertainty":{"@type":"Uncertainty","distributionType":"LOG_NORMAL_DISTRIBUTION","geomMean":6.932,"geomSd":1.0247973619913604},"defaultProvider":{"@type":"Process","@id":"3f13c0b8-bd90-3923-9be5-0c020c1b96ce","name":"market for heat, district or industrial, other than natural gas | heat, district or industrial, other than natural gas | Consequential, U","category":"D:Electricity, gas, steam and air conditioning supply/35:Electricity, gas, steam and air conditioning supply/353:Steam and air conditioning supply/3530:Steam and air conditioning supply","processType":"UNIT_PROCESS","flowType":"PRODUCT_FLOW","location":"CH"}},{"@type":"Exchange","isAvoidedProduct":false,"isInput":true,"amount":6.24E-5,"dqEntry":"(1;1;4;1;1)","description":"activityLink introduced to establish a direct link to the corresponding regional supply of this product","internalId":4,"flow":{"@type":"Flow","@id":"579049d0-3db8-4496-a234-2f61ed28a72b","name":"extrusion, plastic film","category":"C:Manufacturing/22:Manufacture of rubber and plastics products/222:Manufacture of plastics products/2220:Manufacture of plastics products","flowType":"PRODUCT_FLOW","refUnit":"kg"},"unit":{"@type":"Unit","@id":"20aadc24-a391-41cf-b340-3e4529f44bde","name":"kg"},"flowProperty":{"@type":"FlowProperty","@id":"93a60a56-a3c8-11da-a746-0800200b9a66","name":"Mass","category":"Technical flow properties","refUnit":"kg"},"uncertainty":{"@type":"Uncertainty","distributionType":"LOG_NORMAL_DISTRIBUTION","geomMean":6.24E-5,"geomSd":1.0247973619913604},"defaultProvider":{"@type":"Process","@id":"4c6f7b83-b829-31c5-89c4-d4ff42e937f6","name":"extrusion, plastic film | extrusion, plastic film | Consequential, U","category":"C:Manufacturing/22:Manufacture of rubber and plastics products/222:Manufacture of plastics products/2220:Manufacture of plastics products","processType":"UNIT_PROCESS","flowType":"PRODUCT_FLOW","location":"RER"}},{"@type":"Exchange","isAvoidedProduct":false,"isInput":false,"amount":3.7E-5,"dqEntry":"(5;5;5;4;2)","description":"Not included in the original report. Added based on the US inventory in order to have better consistency.","internalId":19,"flow":{"@type":"Flow","@id":"4ec70203-13b0-58cc-b4dd-2fcce8a96732","name":"VOC, volatile organic compounds","category":"Elementary flows/Emission to air/unspecified","flowType":"ELEMENTARY_FLOW","refUnit":"kg"},"unit":{"@type":"Unit","@id":"20aadc24-a391-41cf-b340-3e4529f44bde","name":"kg"},"flowProperty":{"@type":"FlowProperty","@id":"93a60a56-a3c8-11da-a746-0800200b9a66","name":"Mass","category":"Technical flow properties","refUnit":"kg"},"uncertainty":{"@type":"Uncertainty","distributionType":"LOG_NORMAL_DISTRIBUTION","geomMean":3.7E-5,"geomSd":1.0247973619913604}},{"@type":"Exchange","isAvoidedProduct":false,"isInput":true,"amount":0.0011,"dqEntry":"(1;1;4;1;5)","internalId":2,"flow":{"@type":"Flow","@id":"2be73167-58e8-4706-a68f-167c80df9f72","name":"chemical, organic","category":"C:Manufacturing/20:Manufacture of chemicals and chemical products/201:Manufacture of basic chemicals, fertilizers and nitrogen compounds, plastics","flowType":"PRODUCT_FLOW","refUnit":"kg"},"unit":{"@type":"Unit","@id":"20aadc24-a391-41cf-b340-3e4529f44bde","name":"kg"},"flowProperty":{"@type":"FlowProperty","@id":"93a60a56-a3c8-11da-a746-0800200b9a66","name":"Mass","category":"Technical flow properties","refUnit":"kg"},"uncertainty":{"@type":"Uncertainty","distributionType":"LOG_NORMAL_DISTRIBUTION","geomMean":0.0011,"geomSd":1.0247973619913604},"defaultProvider":{"@type":"Process","@id":"5162125b-c4ce-3d48-8577-8e8a3622f3fa","name":"market for chemical, organic | chemical, organic | Consequential, U","category":"C:Manufacturing/20:Manufacture of chemicals and chemical products/201:Manufacture of basic chemicals, fertilizers and nitrogen compounds, plastics","processType":"UNIT_PROCESS","flowType":"PRODUCT_FLOW","location":"GLO"}},{"@type":"Exchange","isAvoidedProduct":false,"isInput":false,"amount":3.9E-5,"dqEntry":"(5;5;5;4;2)","description":"Not included in the original report. Added based on the US inventory in order to have better consistency.","internalId":18,"flow":{"@type":"Flow","@id":"b967e1bf-f09b-4c89-8740-ace21db47bba","name":"Particulate Matter, \u003e 2.5 um and \u003c 10um","category":"Elementary flows/Emission to air/unspecified","flowType":"ELEMENTARY_FLOW","refUnit":"kg"},"unit":{"@type":"Unit","@id":"20aadc24-a391-41cf-b340-3e4529f44bde","name":"kg"},"flowProperty":{"@type":"FlowProperty","@id":"93a60a56-a3c8-11da-a746-0800200b9a66","name":"Mass","category":"Technical flow properties","refUnit":"kg"},"uncertainty":{"@type":"Uncertainty","distributionType":"LOG_NORMAL_DISTRIBUTION","geomMean":3.9E-5,"geomSd":1.0247973619913604}},{"@type":"Exchange","isAvoidedProduct":false,"isInput":true,"amount":3.0E-6,"dqEntry":"(1;1;4;1;1)","description":"activityLink introduced to establish a direct link to the corresponding regional supply of this product","internalId":17,"flow":{"@type":"Flow","@id":"444d81a0-13e0-41a4-8f63-e691b0133c04","name":"wire drawing, steel","category":"C:Manufacturing/24:Manufacture of basic metals/241:Manufacture of basic iron and steel/2410:Manufacture of basic iron and steel","flowType":"PRODUCT_FLOW","refUnit":"kg"},"unit":{"@type":"Unit","@id":"20aadc24-a391-41cf-b340-3e4529f44bde","name":"kg"},"flowProperty":{"@type":"FlowProperty","@id":"93a60a56-a3c8-11da-a746-0800200b9a66","name":"Mass","category":"Technical flow properties","refUnit":"kg"},"uncertainty":{"@type":"Uncertainty","distributionType":"LOG_NORMAL_DISTRIBUTION","geomMean":3.0E-6,"geomSd":1.0247973619913604},"defaultProvider":{"@type":"Process","@id":"1befc198-d327-3f3f-b8cc-72b3605a9633","name":"wire drawing, steel | wire drawing, steel | Consequential, U","category":"C:Manufacturing/24:Manufacture of basic metals/241:Manufacture of basic iron and steel/2410:Manufacture of basic iron and steel","processType":"UNIT_PROCESS","flowType":"PRODUCT_FLOW","location":"RER"}},{"@type":"Exchange","isAvoidedProduct":false,"isInput":true,"amount":2.0E-9,"dqEntry":"(4;1;4;1;4)","description":"activityLink introduced to establish a direct link to the corresponding regional supply of this product","internalId":15,"flow":{"@type":"Flow","@id":"91ecda95-607d-54b4-ac43-91b892561678","name":"waste preparation facility","category":"F:Construction/42:Civil engineering/429:Construction of other civil engineering projects/4290:Construction of other civil engineering projects","flowType":"PRODUCT_FLOW","refUnit":"Item(s)"},"unit":{"@type":"Unit","@id":"6dabe201-aaac-4509-92f0-d00c26cb72ab","name":"Item(s)"},"flowProperty":{"@type":"FlowProperty","@id":"01846770-4cfe-4a25-8ad9-919d8d378345","name":"Number of items","category":"Technical flow properties","refUnit":"Item(s)"},"uncertainty":{"@type":"Uncertainty","distributionType":"LOG_NORMAL_DISTRIBUTION","geomMean":2.0E-9,"geomSd":1.0247973619913604},"defaultProvider":{"@type":"Process","@id":"8a9c2849-c2b4-3308-a3a3-cf89b178d9f1","name":"waste preparation facility construction | waste preparation facility | Consequential, U","category":"F:Construction/42:Civil engineering/429:Construction of other civil engineering projects/4290:Construction of other civil engineering projects","processType":"UNIT_PROCESS","flowType":"PRODUCT_FLOW","location":"CH"}},{"@type":"Exchange","isAvoidedProduct":false,"isInput":true,"amount":0.0011,"dqEntry":"(1;1;4;1;1)","internalId":12,"flow":{"@type":"Flow","@id":"9d63da75-8289-4b96-a900-67ec3bd40a16","name":"sulfuric acid","category":"C:Manufacturing/20:Manufacture of chemicals and chemical products/201:Manufacture of basic chemicals, fertilizers and nitrogen compounds, plastics/2012:Manufacture of fertilizers and nitrogen compounds","flowType":"PRODUCT_FLOW","refUnit":"kg"},"unit":{"@type":"Unit","@id":"20aadc24-a391-41cf-b340-3e4529f44bde","name":"kg"},"flowProperty":{"@type":"FlowProperty","@id":"93a60a56-a3c8-11da-a746-0800200b9a66","name":"Mass","category":"Technical flow properties","refUnit":"kg"},"uncertainty":{"@type":"Uncertainty","distributionType":"LOG_NORMAL_DISTRIBUTION","geomMean":0.0011,"geomSd":1.0247973619913604},"defaultProvider":{"@type":"Process","@id":"a3b4d884-a000-34f7-8e17-912f40f4041b","name":"market for sulfuric acid | sulfuric acid | Consequential, U","category":"C:Manufacturing/20:Manufacture of chemicals and chemical products/201:Manufacture of basic chemicals, fertilizers and nitrogen compounds, plastics/2012:Manufacture of fertilizers and nitrogen compounds","processType":"UNIT_PROCESS","flowType":"PRODUCT_FLOW","location":"RER"}},{"@type":"Exchange","isAvoidedProduct":false,"isInput":true,"amount":3.0E-6,"dqEntry":"(1;1;4;1;1)","internalId":11,"flow":{"@type":"Flow","@id":"817c3650-4fed-4ef2-b9b6-404a198834e6","name":"steel, low-alloyed","category":"C:Manufacturing/24:Manufacture of basic metals/241:Manufacture of basic iron and steel/2410:Manufacture of basic iron and steel","flowType":"PRODUCT_FLOW","refUnit":"kg"},"unit":{"@type":"Unit","@id":"20aadc24-a391-41cf-b340-3e4529f44bde","name":"kg"},"flowProperty":{"@type":"FlowProperty","@id":"93a60a56-a3c8-11da-a746-0800200b9a66","name":"Mass","category":"Technical flow properties","refUnit":"kg"},"uncertainty":{"@type":"Uncertainty","distributionType":"LOG_NORMAL_DISTRIBUTION","geomMean":3.0E-6,"geomSd":1.0247973619913604},"defaultProvider":{"@type":"Process","@id":"35295ead-57b5-32d9-b01c-d653539cd925","name":"market for steel, low-alloyed | steel, low-alloyed | Consequential, U","category":"C:Manufacturing/24:Manufacture of basic metals/241:Manufacture of basic iron and steel/2410:Manufacture of basic iron and steel","processType":"UNIT_PROCESS","flowType":"PRODUCT_FLOW","location":"GLO"}},{"@type":"Exchange","isAvoidedProduct":false,"isInput":true,"amount":0.2881,"dqEntry":"(1;1;4;1;2)","internalId":5,"flow":{"@type":"Flow","@id":"1125e767-7b5d-442e-81d6-9b0d3e1919ac","name":"heat, district or industrial, natural gas","category":"D:Electricity, gas, steam and air conditioning supply/35:Electricity, gas, steam and air conditioning supply/353:Steam and air conditioning supply/3530:Steam and air conditioning supply","flowType":"PRODUCT_FLOW","refUnit":"MJ"},"unit":{"@type":"Unit","@id":"52765a6c-3896-43c2-b2f4-c679acf13efe","name":"MJ"},"flowProperty":{"@type":"FlowProperty","@id":"f6811440-ee37-11de-8a39-0800200c9a66","name":"Energy","category":"Technical flow properties","refUnit":"MJ"},"uncertainty":{"@type":"Uncertainty","distributionType":"LOG_NORMAL_DISTRIBUTION","geomMean":0.2881,"geomSd":1.0247973619913604},"defaultProvider":{"@type":"Process","@id":"2184cc29-0594-32bd-b0a0-edc494dae9f1","name":"market for heat, district or industrial, natural gas | heat, district or industrial, natural gas | Consequential, U","category":"D:Electricity, gas, steam and air conditioning supply/35:Electricity, gas, steam and air conditioning supply/353:Steam and air conditioning supply/3530:Steam and air conditioning supply","processType":"UNIT_PROCESS","flowType":"PRODUCT_FLOW","location":"CH"}},{"@type":"Exchange","isAvoidedProduct":false,"isInput":true,"amount":0.421,"dqEntry":"(1;1;4;1;1)","internalId":3,"flow":{"@type":"Flow","@id":"d69294d7-8d64-4915-a896-9996a014c410","name":"electricity, low voltage","category":"D:Electricity, gas, steam and air conditioning supply/35:Electricity, gas, steam and air conditioning supply/351:Electric power generation, transmission and distribution/3510:Electric power generation, transmission and distribution","flowType":"PRODUCT_FLOW","refUnit":"MJ"},"unit":{"@type":"Unit","@id":"86ad2244-1f0e-4912-af53-7865283103e4","name":"kWh"},"flowProperty":{"@type":"FlowProperty","@id":"f6811440-ee37-11de-8a39-0800200c9a66","name":"Energy","category":"Technical flow properties","refUnit":"MJ"},"uncertainty":{"@type":"Uncertainty","distributionType":"LOG_NORMAL_DISTRIBUTION","geomMean":0.421,"geomSd":1.0247973619913604},"defaultProvider":{"@type":"Process","@id":"52b71783-2050-3afa-abba-81770419d3db","name":"market for electricity, low voltage | electricity, low voltage | Consequential, U","category":"D:Electricity, gas, steam and air conditioning supply/35:Electricity, gas, steam and air conditioning supply/351:Electric power generation, transmission and distribution/3510:Electric power generation, transmission and distribution","processType":"UNIT_PROCESS","flowType":"PRODUCT_FLOW","location":"CH"}},{"@type":"Exchange","isAvoidedProduct":false,"isInput":true,"amount":0.0025,"dqEntry":"(1;1;4;1;1)","internalId":10,"flow":{"@type":"Flow","@id":"61396bcb-bf35-411a-a6a6-8543ccef83e8","name":"sodium hydroxide, without water, in 50% solution state","category":"C:Manufacturing/20:Manufacture of chemicals and chemical products/201:Manufacture of basic chemicals, fertilizers and nitrogen compounds, plastics/2011:Manufacture of basic chemicals","flowType":"PRODUCT_FLOW","refUnit":"kg"},"unit":{"@type":"Unit","@id":"20aadc24-a391-41cf-b340-3e4529f44bde","name":"kg"},"flowProperty":{"@type":"FlowProperty","@id":"93a60a56-a3c8-11da-a746-0800200b9a66","name":"Mass","category":"Technical flow properties","refUnit":"kg"},"uncertainty":{"@type":"Uncertainty","distributionType":"LOG_NORMAL_DISTRIBUTION","geomMean":0.0025,"geomSd":1.0247973619913604},"defaultProvider":{"@type":"Process","@id":"2b48d0de-5561-368d-821f-ce8e4bfe28d8","name":"market for sodium hydroxide, without water, in 50% solution state | sodium hydroxide, without water, in 50% solution state | Consequential, U","category":"C:Manufacturing/20:Manufacture of chemicals and chemical products/201:Manufacture of basic chemicals, fertilizers and nitrogen compounds, plastics/2011:Manufacture of basic chemicals","processType":"UNIT_PROCESS","flowType":"PRODUCT_FLOW","location":"GLO"}},{"@type":"Exchange","isAvoidedProduct":false,"isInput":true,"amount":1.09E-6,"dqEntry":"(1;1;4;1;1)","internalId":21,"flow":{"@type":"Flow","@id":"d512585c-a3ff-3bd4-8854-3d23c14926c0","name":"Water, unspecified natural origin, CH","category":"Elementary flows/Resource/in water","flowType":"ELEMENTARY_FLOW","refUnit":"m3"},"unit":{"@type":"Unit","@id":"1c3a9695-398d-4b1f-b07e-a8715b610f70","name":"m3"},"flowProperty":{"@type":"FlowProperty","@id":"93a60a56-a3c8-22da-a746-0800200c9a66","name":"Volume","category":"Technical flow properties","refUnit":"m3"},"uncertainty":{"@type":"Uncertainty","distributionType":"LOG_NORMAL_DISTRIBUTION","geomMean":1.09E-6,"geomSd":1.0247973619913604}},{"@type":"Exchange","isAvoidedProduct":false,"isInput":true,"amount":0.0044,"dqEntry":"(1;1;4;1;1)","internalId":20,"flow":{"@type":"Flow","@id":"f1ca67fc-fd5c-3179-aeb9-c689f7a8a2af","name":"Water, cooling, unspecified natural origin, CH","category":"Elementary flows/Resource/in water","flowType":"ELEMENTARY_FLOW","refUnit":"m3"},"unit":{"@type":"Unit","@id":"1c3a9695-398d-4b1f-b07e-a8715b610f70","name":"m3"},"flowProperty":{"@type":"FlowProperty","@id":"93a60a56-a3c8-22da-a746-0800200c9a66","name":"Volume","category":"Technical flow properties","refUnit":"m3"},"uncertainty":{"@type":"Uncertainty","distributionType":"LOG_NORMAL_DISTRIBUTION","geomMean":0.0044,"geomSd":1.0247973619913604}},{"@type":"Exchange","isAvoidedProduct":false,"isInput":true,"amount":3.0E-4,"dqEntry":"(1;1;4;1;3)","internalId":9,"flow":{"@type":"Flow","@id":"3372cdea-bef5-4186-9ae6-b67a016aa67d","name":"soap","category":"C:Manufacturing/10:Manufacture of food products/104:Manufacture of vegetable and animal oils and fats/1040:Manufacture of vegetable and animal oils and fats","flowType":"PRODUCT_FLOW","refUnit":"kg"},"unit":{"@type":"Unit","@id":"20aadc24-a391-41cf-b340-3e4529f44bde","name":"kg"},"flowProperty":{"@type":"FlowProperty","@id":"93a60a56-a3c8-11da-a746-0800200b9a66","name":"Mass","category":"Technical flow properties","refUnit":"kg"},"uncertainty":{"@type":"Uncertainty","distributionType":"LOG_NORMAL_DISTRIBUTION","geomMean":3.0E-4,"geomSd":1.0247973619913604},"defaultProvider":{"@type":"Process","@id":"92f9f611-684d-3d7b-b6b9-9bbc90383ea5","name":"market for soap | soap | Consequential, U","category":"C:Manufacturing/20:Manufacture of chemicals and chemical products/202:Manufacture of other chemical products/2023:Manufacture of soap and detergents, cleaning and polishing preparations, pe","processType":"UNIT_PROCESS","flowType":"PRODUCT_FLOW","location":"GLO"}},{"@type":"Exchange","isAvoidedProduct":false,"isInput":false,"amount":0.0632,"dqEntry":"(1; 1; 1; 1; 1)","internalId":22,"flow":{"@type":"Flow","@id":"27da8130-82ba-485c-a800-b89efdcb0491","name":"municipal solid waste","category":"E:Water supply; sewerage, waste management and remediation activities/38:Waste collection, treatment and disposal activities; materials recovery/382:Waste treatment and disposal/3821:Treatment and disposal of non-hazardous waste","flowType":"WASTE_FLOW","refUnit":"kg"},"unit":{"@type":"Unit","@id":"20aadc24-a391-41cf-b340-3e4529f44bde","name":"kg"},"flowProperty":{"@type":"FlowProperty","@id":"93a60a56-a3c8-11da-a746-0800200b9a66","name":"Mass","category":"Technical flow properties","refUnit":"kg"},"uncertainty":{"@type":"Uncertainty","distributionType":"LOG_NORMAL_DISTRIBUTION","geomMean":0.0632,"geomSd":1.0248},"defaultProvider":{"@type":"Process","@id":"85f35fba-79f7-33bc-b9f9-d99e38b4f3ed","name":"market for municipal solid waste | municipal solid waste | Consequential, U","category":"E:Water supply; sewerage, waste management and remediation activities/38:Waste collection, treatment and disposal activities; materials recovery/382:Waste treatment and disposal/3821:Treatment and disposal of non-hazardous waste","processType":"UNIT_PROCESS","flowType":"WASTE_FLOW","location":"CH"}},{"@type":"Exchange","isAvoidedProduct":false,"isInput":false,"amount":0.0044,"dqEntry":"(1; 1; 1; 1; 1)","internalId":23,"flow":{"@type":"Flow","@id":"e8a51ec1-60cb-4ead-a948-ad1142c61918","name":"wastewater, average","category":"E:Water supply; sewerage, waste management and remediation activities/37:Sewerage/370:Sewerage/3700:Sewerage","flowType":"WASTE_FLOW","refUnit":"m3"},"unit":{"@type":"Unit","@id":"1c3a9695-398d-4b1f-b07e-a8715b610f70","name":"m3"},"flowProperty":{"@type":"FlowProperty","@id":"93a60a56-a3c8-22da-a746-0800200c9a66","name":"Volume","category":"Technical flow properties","refUnit":"m3"},"uncertainty":{"@type":"Uncertainty","distributionType":"LOG_NORMAL_DISTRIBUTION","geomMean":0.0044,"geomSd":1.0248},"defaultProvider":{"@type":"Process","@id":"7b006503-74fe-348c-b72e-80a3e89eb1e0","name":"market for wastewater, average | wastewater, average | Consequential, U","category":"E:Water supply; sewerage, waste management and remediation activities/37:Sewerage/370:Sewerage/3700:Sewerage","processType":"UNIT_PROCESS","flowType":"WASTE_FLOW","location":"CH"}},{"@type":"Exchange","isAvoidedProduct":false,"isInput":true,"amount":0.001,"internalId":24,"flow":{"@type":"Flow","@id":"035fbf76-5ba9-46f2-a1d1-888804bc4684","name":"recycle（rubber）","category":"MSW/rubber","flowType":"WASTE_FLOW","refUnit":"kg"},"unit":{"@type":"Unit","@id":"83192ffa-5990-490b-a23a-b45ca072db6f","name":"t"},"flowProperty":{"@type":"FlowProperty","@id":"93a60a56-a3c8-11da-a746-0800200b9a66","name":"Mass","category":"Technical flow properties","refUnit":"kg"},"isQuantitativeReference":true},{"@type":"Exchange","isAvoidedProduct":false,"isInput":false,"amount":0.98,"internalId":26,"flow":{"@type":"Flow","@id":"ff15b377-b16a-4881-9fff-fe6c5efd4a9a","name":"recycled rubber, granulated","category":"MSW/recycled products","flowType":"ELEMENTARY_FLOW","refUnit":"kg"},"unit":{"@type":"Unit","@id":"20aadc24-a391-41cf-b340-3e4529f44bde","name":"kg"},"flowProperty":{"@type":"FlowProperty","@id":"93a60a56-a3c8-11da-a746-0800200b9a66","name":"Mass","category":"Technical flow properties","refUnit":"kg"}}],"socialAspects":[],"allocationFactors":[]}