{"@type":"Process","@id":"32401b88-1e93-400c-9105-dc6d8fb5f807","name":"anaerobic digestion","description":"Biowaste in the current process is defined as follows: ;None;Biodegradable garden and park waste, food and kitchen waste from households, restaurants, caterers and retail premises, comparable waste from food processing plants, it also includes forestry or agricultural residues and manure. It does not include sewage sludge, or other biodegradable waste such as natural textiles, paper or processed wood. ;The anaerobic digestion treatment is a collection of processes by which microorganisms break down biodegradable material in the absence of oxygen. The treatment process produces biogas (a mixture of mainly methane and carbon dioxide) and residual products called solid and liquid digestate.;The relevant resulting emissions to air from the treatment process are summarised in the following table:;The resulting outputs biogas, \"digestate, solid\" and \"digestate, liquid\" refer to 1 kg fresh weight of biogenic waste. ;The contents of digestate are as follows:;The heavy metal contents of digestate are presented in the following tables:;Previous studies in the corresponding field showed that the evaluation of heavy metal emissions into soil with various single score methods such as Eco-Indicator 99 and ecological scarcity have a significant impact on the overall results. It is therefore advised to take special care when evaluating these systems, especially to avoid potential double counting.;The output digestate uses a special property \"humus equivalents\" which depicts the amount of organic carbon, which would lead to a buildup of humus.;Different substrates have different capacities of organic matter to form humus (see following figure);The proposed method to account for humus C is based on the following methodology:;The organic carbon content of soil (Corg) is normally used to declare the amount of organic matter of soil. The content of humus is calculated from Corg, using the assumption that humus contains 58% carbon on average.;The amount of humus is therefore calculated out of Corg as follows: ;humus content [%] or [mg g-1] \u003d (Ctotal - Cinorg) / 0.58;If an allocation approach with substution is applied, the corresponding amounts of substitutes are calculated based on their capacity to build up humus. The conversion is based on the humus factors, which are listed in the next table:;None;More detailed descriptions and background information can be found in the corresponding report. The process described starts at the treatment site, after delivery of the materials for treatment. Energy demand for operating a anaerobic treatment plant was included as well as process emissions and the needed infrastructure of the plant. Dataset documentation: https://v391.ecoquery.ecoinvent.org/Details/UPR/b437c5dd-f9be-4100-9161-78fd7dc78f39/dd7f13f5-0658-489c-a19c-f2ff8a00bdd9","category":"MSW/Current Management/USA/food management","version":"03.07.013","lastChange":"2024-02-24T13:43:11.726Z","processType":"UNIT_PROCESS","isInfrastructureProcess":false,"processDocumentation":{"timeDescription":"Year when reference used for this inventory was published.","technologyDescription":"Included processes: Infrastructure for the pre-treatment process, digestion of bio-waste and the succsesive treatment of the fermented material (de-watering and post composting).;Remark: Infrastructure expenditures are recorded for a plant with a yearly capacity of 10\"000t and a lifetime of 25 years.  For stationary machines a lifetime of 10 years is assumed. As a first approximation, the machines are taken into account as cast iron.; Geography: Data represents a Swiss plant.;Technology: Thermophile, single stage digestion with post composting.;None;The process step-by-step, from shredding to products:;None;None;1. Reception and weighing (+ storage of feedstock);None;None;2. Shredding (depending on structure of feedstock);None;3. Anaerobic digestion (AD) and solid/liquid separation;None;4. Rotting process, turning over, aeration and watering ;5. Post-processing and conditioning;The scheme for industrial composting as used here is presented the following figure:;To assure best practice and good quality of the resulting product, it is assumed that the treatment process adheres to the following procedure:","dataTreatmentDescription":"none","samplingDescription":"The data for this dataset was generated within a project in 2009-2011 financed by the Swiss Federal Office for Energy.","isCopyrightProtected":true,"geographyDescription":"Values refer to the situation in Switzerland.","creationDate":"2016-01-11T16:08:23","validFrom":"2011-01-01","validUntil":"2022-12-31","dataDocumentor":{"@type":"Actor","@id":"fb0e4bc2-6d48-4df3-9015-ab56bacd8393","name":"Mischa Zschokke-Gohl"},"dataGenerator":{"@type":"Actor","@id":"fb0e4bc2-6d48-4df3-9015-ab56bacd8393","name":"Mischa Zschokke-Gohl"},"publication":{"@type":"Source","@id":"0d890fb1-911e-42f3-b6d0-e0e2dbf9d409","name":"Dinkel F.2012"}},"lastInternalId":24,"exchangeDqSystem":{"@type":"DQSystem","@id":"e7ac7cf6-5457-453e-99f9-d889826fffe8","name":"Ecoinvent Data Quality System"},"parameters":[],"exchanges":[{"@type":"Exchange","isAvoidedProduct":false,"isInput":false,"amount":3.3E-5,"dqEntry":"(2;3;3;1;1)","internalId":11,"flow":{"@type":"Flow","@id":"6dc1b46f-ee89-4495-95c4-b8a637bcd6cb","name":"Dinitrogen monoxide","category":"Elementary flows/Emission to air/high population density","flowType":"ELEMENTARY_FLOW","refUnit":"kg"},"unit":{"@type":"Unit","@id":"20aadc24-a391-41cf-b340-3e4529f44bde","name":"kg"},"flowProperty":{"@type":"FlowProperty","@id":"93a60a56-a3c8-11da-a746-0800200b9a66","name":"Mass","category":"Technical flow properties","refUnit":"kg"},"uncertainty":{"@type":"Uncertainty","distributionType":"LOG_NORMAL_DISTRIBUTION","geomMean":3.3E-5,"geomSd":1.2214027581601699}},{"@type":"Exchange","isAvoidedProduct":false,"isInput":false,"amount":1.09E-7,"dqEntry":"(5;5;5;5;5)","internalId":17,"flow":{"@type":"Flow","@id":"a703733d-fabc-487b-826a-06c11ac4c0c6","name":"Nitrogen, organic bound","category":"Elementary flows/Emission to water/unspecified","flowType":"ELEMENTARY_FLOW","refUnit":"kg"},"unit":{"@type":"Unit","@id":"20aadc24-a391-41cf-b340-3e4529f44bde","name":"kg"},"flowProperty":{"@type":"FlowProperty","@id":"93a60a56-a3c8-11da-a746-0800200b9a66","name":"Mass","category":"Technical flow properties","refUnit":"kg"},"uncertainty":{"@type":"Uncertainty","distributionType":"LOG_NORMAL_DISTRIBUTION","geomMean":1.09E-7,"geomSd":1.1051709180756477}},{"@type":"Exchange","isAvoidedProduct":false,"isInput":true,"amount":3.52112676056338E-4,"dqEntry":"(3;4;5;1;2)","description":"Diesel usage per ton: 2.5 l \u003d\u003d\u003e approx 2.1 kg / t; operating hours per ton: approx. 0.35 h","internalId":7,"flow":{"@type":"Flow","@id":"d5863802-d93f-4c5e-a028-bc34668ef3c5","name":"machine operation, diesel, \u003e\u003d 74.57 kW, low load factor","category":"F:Construction/43:Specialized construction activities/431:Demolition and site preparation/4312:Site preparation","flowType":"PRODUCT_FLOW","refUnit":"d"},"unit":{"@type":"Unit","@id":"227a54d9-44e7-468c-b8bb-f2dd1ae68c7a","name":"h"},"flowProperty":{"@type":"FlowProperty","@id":"c0447923-0e60-4b3c-97c2-a86dddd9eea5","name":"Duration","category":"Technical flow properties","refUnit":"d"},"uncertainty":{"@type":"Uncertainty","distributionType":"LOG_NORMAL_DISTRIBUTION","geomMean":3.52112676056338E-4,"geomSd":1.1051709180756477},"defaultProvider":{"@type":"Process","@id":"62e1d3a2-22a9-3904-b28b-a3f65412daf7","name":"market for machine operation, diesel, \u003e\u003d 74.57 kW, low load factor | machine operation, diesel, \u003e\u003d 74.57 kW, low load factor | Consequential, U","category":"F:Construction/43:Specialized construction activities/431:Demolition and site preparation/4312:Site preparation","processType":"UNIT_PROCESS","flowType":"PRODUCT_FLOW","location":"GLO"}},{"@type":"Exchange","isAvoidedProduct":false,"isInput":false,"amount":9.28E-8,"dqEntry":"(5;5;5;5;5)","internalId":16,"flow":{"@type":"Flow","@id":"9f5bfac4-cbb6-4b38-afb9-cf563fc5ca15","name":"Nitrite","category":"Elementary flows/Emission to water/unspecified","flowType":"ELEMENTARY_FLOW","refUnit":"kg"},"unit":{"@type":"Unit","@id":"20aadc24-a391-41cf-b340-3e4529f44bde","name":"kg"},"flowProperty":{"@type":"FlowProperty","@id":"93a60a56-a3c8-11da-a746-0800200b9a66","name":"Mass","category":"Technical flow properties","refUnit":"kg"},"uncertainty":{"@type":"Uncertainty","distributionType":"LOG_NORMAL_DISTRIBUTION","geomMean":9.28E-8,"geomSd":1.1051709180756477}},{"@type":"Exchange","isAvoidedProduct":false,"isInput":true,"amount":0.225,"description":"Water input for the plant. An equal amount of wastewater is generated.","internalId":8,"flow":{"@type":"Flow","@id":"c5adb1fb-872e-4446-a3bb-c4b61aa4bd45","name":"tap water","category":"E:Water supply; sewerage, waste management and remediation activities/36:Water collection, treatment and supply/360:Water collection, treatment and supply/3600:Water collection, treatment and supply","flowType":"PRODUCT_FLOW","refUnit":"kg"},"unit":{"@type":"Unit","@id":"20aadc24-a391-41cf-b340-3e4529f44bde","name":"kg"},"flowProperty":{"@type":"FlowProperty","@id":"93a60a56-a3c8-11da-a746-0800200b9a66","name":"Mass","category":"Technical flow properties","refUnit":"kg"},"defaultProvider":{"@type":"Process","@id":"79f6fa3a-771a-3714-a116-45d8a7b2a544","name":"market for tap water | tap water | Consequential, U","category":"E:Water supply; sewerage, waste management and remediation activities/36:Water collection, treatment and supply/360:Water collection, treatment and supply/3600:Water collection, treatment and supply","processType":"UNIT_PROCESS","flowType":"PRODUCT_FLOW","location":"CH"}},{"@type":"Exchange","isAvoidedProduct":false,"isInput":false,"amount":0.21,"dqEntry":"(2;3;3;1;1)","internalId":10,"flow":{"@type":"Flow","@id":"73ed05cc-9727-4abf-9516-4b5c0fe54a16","name":"Carbon dioxide, non-fossil","category":"Elementary flows/Emission to air/high population density","flowType":"ELEMENTARY_FLOW","refUnit":"kg"},"unit":{"@type":"Unit","@id":"20aadc24-a391-41cf-b340-3e4529f44bde","name":"kg"},"flowProperty":{"@type":"FlowProperty","@id":"93a60a56-a3c8-11da-a746-0800200b9a66","name":"Mass","category":"Technical flow properties","refUnit":"kg"},"uncertainty":{"@type":"Uncertainty","distributionType":"LOG_NORMAL_DISTRIBUTION","geomMean":0.21,"geomSd":1.1051709180756477}},{"@type":"Exchange","isAvoidedProduct":false,"isInput":true,"amount":0.2416,"dqEntry":"(2;2;3;1;1)","description":"Process heating for anaerobic digestion","internalId":6,"flow":{"@type":"Flow","@id":"dd80f0f2-f4d5-40f0-9035-09c1a7f3f07b","name":"heat, central or small-scale, other than natural gas","category":"D:Electricity, gas, steam and air conditioning supply/35:Electricity, gas, steam and air conditioning supply/353:Steam and air conditioning supply/3530:Steam and air conditioning supply","flowType":"PRODUCT_FLOW","refUnit":"MJ"},"unit":{"@type":"Unit","@id":"52765a6c-3896-43c2-b2f4-c679acf13efe","name":"MJ"},"flowProperty":{"@type":"FlowProperty","@id":"f6811440-ee37-11de-8a39-0800200c9a66","name":"Energy","category":"Technical flow properties","refUnit":"MJ"},"uncertainty":{"@type":"Uncertainty","distributionType":"LOG_NORMAL_DISTRIBUTION","geomMean":0.2416,"geomSd":1.1051709180756477},"defaultProvider":{"@type":"Process","@id":"87869d33-2ed6-33df-a157-d8dbefccb1c3","name":"market for heat, central or small-scale, other than natural gas | heat, central or small-scale, other than natural gas | Consequential, U","category":"D:Electricity, gas, steam and air conditioning supply/35:Electricity, gas, steam and air conditioning supply/353:Steam and air conditioning supply/3530:Steam and air conditioning supply","processType":"UNIT_PROCESS","flowType":"PRODUCT_FLOW","location":"CH"}},{"@type":"Exchange","isAvoidedProduct":false,"isInput":false,"amount":9.28E-8,"dqEntry":"(5;5;5;5;5)","internalId":14,"flow":{"@type":"Flow","@id":"fb005c47-7b90-41f3-a5ca-f0eb11db354a","name":"Ammonium","category":"Elementary flows/Emission to water/unspecified","flowType":"ELEMENTARY_FLOW","refUnit":"kg"},"unit":{"@type":"Unit","@id":"20aadc24-a391-41cf-b340-3e4529f44bde","name":"kg"},"flowProperty":{"@type":"FlowProperty","@id":"93a60a56-a3c8-11da-a746-0800200b9a66","name":"Mass","category":"Technical flow properties","refUnit":"kg"},"uncertainty":{"@type":"Uncertainty","distributionType":"LOG_NORMAL_DISTRIBUTION","geomMean":9.28E-8,"geomSd":1.1051709180756477}},{"@type":"Exchange","isAvoidedProduct":false,"isInput":false,"amount":7.04E-8,"internalId":18,"flow":{"@type":"Flow","@id":"2d4b8ec1-8d53-4e62-8a11-ebc45909b02e","name":"Phosphorus","category":"Elementary flows/Emission to water/unspecified","flowType":"ELEMENTARY_FLOW","refUnit":"kg"},"unit":{"@type":"Unit","@id":"20aadc24-a391-41cf-b340-3e4529f44bde","name":"kg"},"flowProperty":{"@type":"FlowProperty","@id":"93a60a56-a3c8-11da-a746-0800200b9a66","name":"Mass","category":"Technical flow properties","refUnit":"kg"}},{"@type":"Exchange","isAvoidedProduct":false,"isInput":false,"amount":2.97E-6,"dqEntry":"(5;5;5;5;5)","internalId":15,"flow":{"@type":"Flow","@id":"5189de76-6bbb-44ba-8c42-5714f1b4371f","name":"Nitrate","category":"Elementary flows/Emission to water/unspecified","flowType":"ELEMENTARY_FLOW","refUnit":"kg"},"unit":{"@type":"Unit","@id":"20aadc24-a391-41cf-b340-3e4529f44bde","name":"kg"},"flowProperty":{"@type":"FlowProperty","@id":"93a60a56-a3c8-11da-a746-0800200b9a66","name":"Mass","category":"Technical flow properties","refUnit":"kg"},"uncertainty":{"@type":"Uncertainty","distributionType":"LOG_NORMAL_DISTRIBUTION","geomMean":2.97E-6,"geomSd":1.1051709180756477}},{"@type":"Exchange","isAvoidedProduct":false,"isInput":false,"amount":0.0024,"dqEntry":"(2;3;3;1;1)","internalId":13,"flow":{"@type":"Flow","@id":"baf58fc9-573c-419c-8c16-831ac03203b9","name":"Methane, non-fossil","category":"Elementary flows/Emission to air/high population density","flowType":"ELEMENTARY_FLOW","refUnit":"kg"},"unit":{"@type":"Unit","@id":"20aadc24-a391-41cf-b340-3e4529f44bde","name":"kg"},"flowProperty":{"@type":"FlowProperty","@id":"93a60a56-a3c8-11da-a746-0800200b9a66","name":"Mass","category":"Technical flow properties","refUnit":"kg"},"uncertainty":{"@type":"Uncertainty","distributionType":"LOG_NORMAL_DISTRIBUTION","geomMean":0.0024,"geomSd":1.151909910168909}},{"@type":"Exchange","isAvoidedProduct":false,"isInput":false,"amount":8.96E-5,"dqEntry":"(2;3;3;1;1)","internalId":12,"flow":{"@type":"Flow","@id":"e3cfaa07-9b68-4461-a06f-a0e4e59d41d3","name":"Hydrogen sulfide","category":"Elementary flows/Emission to air/high population density","flowType":"ELEMENTARY_FLOW","refUnit":"kg"},"unit":{"@type":"Unit","@id":"20aadc24-a391-41cf-b340-3e4529f44bde","name":"kg"},"flowProperty":{"@type":"FlowProperty","@id":"93a60a56-a3c8-11da-a746-0800200b9a66","name":"Mass","category":"Technical flow properties","refUnit":"kg"},"uncertainty":{"@type":"Uncertainty","distributionType":"LOG_NORMAL_DISTRIBUTION","geomMean":8.96E-5,"geomSd":1.2505791921887124}},{"@type":"Exchange","isAvoidedProduct":false,"isInput":true,"amount":1.67E-9,"dqEntry":"(5;5;5;5;5)","description":"activityLink introduced to establish a direct link to the corresponding regional supply of this product","internalId":2,"flow":{"@type":"Flow","@id":"3f521fb7-d13e-4405-848e-aa0dd5a9322f","name":"anaerobic digestion plant, for biowaste","category":"F:Construction/42:Civil engineering/429:Construction of other civil engineering projects/4290:Construction of other civil engineering projects","flowType":"PRODUCT_FLOW","refUnit":"Item(s)"},"unit":{"@type":"Unit","@id":"6dabe201-aaac-4509-92f0-d00c26cb72ab","name":"Item(s)"},"flowProperty":{"@type":"FlowProperty","@id":"01846770-4cfe-4a25-8ad9-919d8d378345","name":"Number of items","category":"Technical flow properties","refUnit":"Item(s)"},"uncertainty":{"@type":"Uncertainty","distributionType":"LOG_NORMAL_DISTRIBUTION","geomMean":1.67E-9,"geomSd":1.1051709180756477},"defaultProvider":{"@type":"Process","@id":"f70956fe-6202-3c2d-a66f-c3778f0209a5","name":"anaerobic digestion plant construction, for biowaste | anaerobic digestion plant, for biowaste | Consequential, U","category":"F:Construction/42:Civil engineering/429:Construction of other civil engineering projects/4290:Construction of other civil engineering projects","processType":"UNIT_PROCESS","flowType":"PRODUCT_FLOW","location":"CH"}},{"@type":"Exchange","isAvoidedProduct":false,"isInput":true,"amount":0.002135,"dqEntry":"(2;3;3;1;1)","description":"Own calcluations","internalId":5,"flow":{"@type":"Flow","@id":"d69294d7-8d64-4915-a896-9996a014c410","name":"electricity, low voltage","category":"D:Electricity, gas, steam and air conditioning supply/35:Electricity, gas, steam and air conditioning supply/351:Electric power generation, transmission and distribution/3510:Electric power generation, transmission and distribution","flowType":"PRODUCT_FLOW","refUnit":"MJ"},"unit":{"@type":"Unit","@id":"86ad2244-1f0e-4912-af53-7865283103e4","name":"kWh"},"flowProperty":{"@type":"FlowProperty","@id":"f6811440-ee37-11de-8a39-0800200c9a66","name":"Energy","category":"Technical flow properties","refUnit":"MJ"},"uncertainty":{"@type":"Uncertainty","distributionType":"LOG_NORMAL_DISTRIBUTION","geomMean":0.002135,"geomSd":1.1051709180756477},"defaultProvider":{"@type":"Process","@id":"52b71783-2050-3afa-abba-81770419d3db","name":"market for electricity, low voltage | electricity, low voltage | Consequential, U","category":"D:Electricity, gas, steam and air conditioning supply/35:Electricity, gas, steam and air conditioning supply/351:Electric power generation, transmission and distribution/3510:Electric power generation, transmission and distribution","processType":"UNIT_PROCESS","flowType":"PRODUCT_FLOW","location":"CH"}},{"@type":"Exchange","isAvoidedProduct":false,"isInput":true,"amount":0.001,"internalId":19,"flow":{"@type":"Flow","@id":"e6c7b4e2-8cbf-4eb9-92f8-1964091c9078","name":"Anaerobic digestion","category":"MSW/food","flowType":"WASTE_FLOW","refUnit":"kg"},"unit":{"@type":"Unit","@id":"83192ffa-5990-490b-a23a-b45ca072db6f","name":"t"},"flowProperty":{"@type":"FlowProperty","@id":"93a60a56-a3c8-11da-a746-0800200b9a66","name":"Mass","category":"Technical flow properties","refUnit":"kg"},"uncertainty":{"@type":"Uncertainty","distributionType":"NORMAL_DISTRIBUTION","mean":0.001,"sd":1.0E-4},"isQuantitativeReference":true},{"@type":"Exchange","isAvoidedProduct":false,"isInput":false,"amount":2.25E-4,"dqEntry":"(2; 2; 1; 1; 2)","internalId":22,"flow":{"@type":"Flow","@id":"e8a51ec1-60cb-4ead-a948-ad1142c61918","name":"wastewater, average","category":"E:Water supply; sewerage, waste management and remediation activities/37:Sewerage/370:Sewerage/3700:Sewerage","flowType":"WASTE_FLOW","refUnit":"m3"},"unit":{"@type":"Unit","@id":"1c3a9695-398d-4b1f-b07e-a8715b610f70","name":"m3"},"flowProperty":{"@type":"FlowProperty","@id":"93a60a56-a3c8-22da-a746-0800200c9a66","name":"Volume","category":"Technical flow properties","refUnit":"m3"},"uncertainty":{"@type":"Uncertainty","distributionType":"LOG_NORMAL_DISTRIBUTION","geomMean":2.25E-4,"geomSd":1.10517},"defaultProvider":{"@type":"Process","@id":"7b006503-74fe-348c-b72e-80a3e89eb1e0","name":"market for wastewater, average | wastewater, average | Consequential, U","category":"E:Water supply; sewerage, waste management and remediation activities/37:Sewerage/370:Sewerage/3700:Sewerage","processType":"UNIT_PROCESS","flowType":"WASTE_FLOW","location":"CH"}},{"@type":"Exchange","isAvoidedProduct":false,"isInput":false,"amount":0.62,"internalId":23,"flow":{"@type":"Flow","@id":"ee72df53-b18e-4c96-a7c5-e3e70591739b","name":"digester sludge","category":"MSW/recycled products","flowType":"ELEMENTARY_FLOW","refUnit":"kg"},"unit":{"@type":"Unit","@id":"20aadc24-a391-41cf-b340-3e4529f44bde","name":"kg"},"flowProperty":{"@type":"FlowProperty","@id":"93a60a56-a3c8-11da-a746-0800200b9a66","name":"Mass","category":"Technical flow properties","refUnit":"kg"}},{"@type":"Exchange","isAvoidedProduct":false,"isInput":false,"amount":0.1,"costValue":0.0109,"currency":{"@type":"Currency","@id":"7de74e65-ff97-404f-bf57-5d2a9134fb43","name":"Euro","refUnit":"EUR"},"internalId":24,"flow":{"@type":"Flow","@id":"67b619c0-d35d-4e6d-a0d3-c2c228b20951","name":"biogas","category":"MSW/energy","flowType":"ELEMENTARY_FLOW","refUnit":"m3"},"unit":{"@type":"Unit","@id":"1c3a9695-398d-4b1f-b07e-a8715b610f70","name":"m3"},"flowProperty":{"@type":"FlowProperty","@id":"93a60a56-a3c8-22da-a746-0800200c9a66","name":"Volume","category":"Technical flow properties","refUnit":"m3"}}],"socialAspects":[],"allocationFactors":[]}