{"@type":"Process","@id":"39ccf757-39e4-4092-9e68-a2bf43e7477c","name":"cast iron","description":"","category":"MSW/Current Management/resource","version":"00.00.002","lastChange":"2024-02-24T06:54:28.335Z","processType":"UNIT_PROCESS","isInfrastructureProcess":false,"processDocumentation":{"isCopyrightProtected":false,"creationDate":"2024-02-24T10:57:45.147"},"lastInternalId":3,"parameters":[],"exchanges":[{"@type":"Exchange","isAvoidedProduct":false,"isInput":false,"amount":1.0,"internalId":1,"flow":{"@type":"Flow","@id":"4447af36-0897-4b00-8fd0-fd6a446dda6a","name":"cast iron","category":"C:Manufacturing/24:Manufacture of basic metals/241:Manufacture of basic iron and steel/2410:Manufacture of basic iron and steel","flowType":"PRODUCT_FLOW","refUnit":"kg"},"unit":{"@type":"Unit","@id":"20aadc24-a391-41cf-b340-3e4529f44bde","name":"kg"},"flowProperty":{"@type":"FlowProperty","@id":"93a60a56-a3c8-11da-a746-0800200b9a66","name":"Mass","category":"Technical flow properties","refUnit":"kg"},"isQuantitativeReference":true},{"@type":"Exchange","isAvoidedProduct":false,"isInput":true,"amount":0.9,"internalId":3,"flow":{"@type":"Flow","@id":"8ce3ff02-7a1e-48e3-881e-3248b944f28a","name":"Iron","category":"Elementary flows/Resource/in ground","flowType":"ELEMENTARY_FLOW","refUnit":"kg"},"unit":{"@type":"Unit","@id":"20aadc24-a391-41cf-b340-3e4529f44bde","name":"kg"},"flowProperty":{"@type":"FlowProperty","@id":"93a60a56-a3c8-11da-a746-0800200b9a66","name":"Mass","category":"Technical flow properties","refUnit":"kg"}}],"socialAspects":[],"allocationFactors":[]}