{"@type":"Process","@id":"46c9d6e1-d0bd-3233-8f9c-0cbb397fa0c0","name":"waste paper sorting facility construction | waste paper sorting facility | Cutoff, U","description":"The dataset represents a waste paper sorting site with a annual production of 33 kt and a total life time of 50 years.;[This dataset was already contained in the ecoinvent database version 2. It was not individually updated during the transfer to ecoinvent version 3. Life Cycle Impact Assessment results may still have changed, as they are affected by changes in the supply chain, i.e. in other datasets. This dataset was generated following the ecoinvent quality guidelines for version 2. It may have been subject to central changes described in the ecoinvent version 3 change report (http://www.ecoinvent.org/database/ecoinvent-version-3/reports-of-changes/), and the results of the central updates were reviewed extensively. The changes added e.g. consistent water flows and other information throughout the database. The documentation of this dataset can be found in the ecoinvent reports of version 2, which are still available via the ecoinvent website. The change report linked above covers all central changes that were made during the conversion process.]  this module includes the land-use, buildings (hall and multi-story), the internal parkings and streets, the machineries for box waste paper sorting as well as the dismanteling/disposal of the whole infrastructure Dataset documentation: https://v391.ecoquery.ecoinvent.org/Details/UPR/6862cb65-88ad-4898-aa95-a3b43fd33a0b/290c1f85-4cc4-4fa1-b0c8-2cb7f4276dce","category":"F:Construction/42:Civil engineering/429:Construction of other civil engineering projects/4290:Construction of other civil engineering projects","version":"03.126.003","lastChange":"2022-12-15T18:24:36.075Z","tags":["ConvertedDataset"],"processType":"UNIT_PROCESS","isInfrastructureProcess":false,"location":{"@type":"Location","@id":"d66c264e-1dbd-33e6-911d-3ffc70908e8e","name":"Europe"},"processDocumentation":{"technologyDescription":"estimation of typical technology for sorting of waste paper","dataTreatmentDescription":"Land-use data are based on one production site. Other information is rough estimation.","samplingDescription":"literature and estimations from similar processes","isCopyrightProtected":true,"geographyDescription":"Land-use from 1 Swiss waste paper sorting plant, used here for whole Europe","creationDate":"2010-07-28T18:26:11","validFrom":"1993-01-01","validUntil":"2022-12-31","dataDocumentor":{"@type":"Actor","@id":"89ae408f-f095-4276-96ca-c871888cf632","name":"Roland Hischier"},"dataGenerator":{"@type":"Actor","@id":"89ae408f-f095-4276-96ca-c871888cf632","name":"Roland Hischier"},"publication":{"@type":"Source","@id":"2349c548-1d2c-46fd-bbad-b93abc019d7d","name":"Hischier R.2007"}},"lastInternalId":14,"exchangeDqSystem":{"@type":"DQSystem","@id":"e7ac7cf6-5457-453e-99f9-d889826fffe8","name":"Ecoinvent Data Quality System"},"parameters":[],"exchanges":[{"@type":"Exchange","isAvoidedProduct":false,"isInput":false,"amount":1.0,"description":"EcoSpold01Location\u003dRER","costValue":3.5796292E7,"currency":{"@type":"Currency","@id":"7de74e65-ff97-404f-bf57-5d2a9134fb43","name":"Euro","refUnit":"EUR"},"internalId":1,"flow":{"@type":"Flow","@id":"1cf35746-90ec-4584-9226-c5b979d90cda","name":"waste paper sorting facility","category":"F:Construction/42:Civil engineering/429:Construction of other civil engineering projects/4290:Construction of other civil engineering projects","flowType":"PRODUCT_FLOW","refUnit":"Item(s)"},"unit":{"@type":"Unit","@id":"6dabe201-aaac-4509-92f0-d00c26cb72ab","name":"Item(s)"},"flowProperty":{"@type":"FlowProperty","@id":"01846770-4cfe-4a25-8ad9-919d8d378345","name":"Number of items","category":"Technical flow properties","refUnit":"Item(s)"},"isQuantitativeReference":true},{"@type":"Exchange","isAvoidedProduct":false,"isInput":true,"amount":3500.0,"dqEntry":"(5;4;5;3;4)","description":"Rough estimation\nEcoSpold01Location\u003dRER","internalId":3,"flow":{"@type":"Flow","@id":"006863b7-d736-4eb6-bbf8-648d292184ad","name":"building, multi-storey","category":"F:Construction/41:Construction of buildings/410:Construction of buildings/4100:Construction of buildings","flowType":"PRODUCT_FLOW","refUnit":"m3"},"unit":{"@type":"Unit","@id":"1c3a9695-398d-4b1f-b07e-a8715b610f70","name":"m3"},"flowProperty":{"@type":"FlowProperty","@id":"93a60a56-a3c8-22da-a746-0800200c9a66","name":"Volume","category":"Technical flow properties","refUnit":"m3"},"uncertainty":{"@type":"Uncertainty","distributionType":"LOG_NORMAL_DISTRIBUTION","geomMean":3500.0,"geomSd":1.8372616934040338},"defaultProvider":{"@type":"Process","@id":"299a8148-e399-3dbc-9b4a-06fdc35dc117","name":"building construction, multi-storey | building, multi-storey | Cutoff, U","category":"F:Construction/41:Construction of buildings/410:Construction of buildings/4100:Construction of buildings","processType":"UNIT_PROCESS","flowType":"PRODUCT_FLOW","location":"RER"}},{"@type":"Exchange","isAvoidedProduct":false,"isInput":true,"amount":20000.0,"dqEntry":"(5;4;5;3;4)","description":"EcoSpold01Location\u003dRER\nRough estimation","internalId":6,"flow":{"@type":"Flow","@id":"b685192a-e033-421e-9074-8fe7cb176046","name":"polyethylene, high density, granulate","category":"C:Manufacturing/20:Manufacture of chemicals and chemical products/201:Manufacture of basic chemicals, fertilizers and nitrogen compounds, plastics/2013:Manufacture of plastics and synthetic rubber in primary forms","flowType":"PRODUCT_FLOW","refUnit":"kg"},"unit":{"@type":"Unit","@id":"20aadc24-a391-41cf-b340-3e4529f44bde","name":"kg"},"flowProperty":{"@type":"FlowProperty","@id":"93a60a56-a3c8-11da-a746-0800200b9a66","name":"Mass","category":"Technical flow properties","refUnit":"kg"},"uncertainty":{"@type":"Uncertainty","distributionType":"LOG_NORMAL_DISTRIBUTION","geomMean":20000.0,"geomSd":1.3028773061287173},"defaultProvider":{"@type":"Process","@id":"72c0f3e0-be4b-3736-8296-48c3923b4c2e","name":"market for polyethylene, high density, granulate | polyethylene, high density, granulate | Cutoff, U","category":"C:Manufacturing/20:Manufacture of chemicals and chemical products/201:Manufacture of basic chemicals, fertilizers and nitrogen compounds, plastics/2013:Manufacture of plastics and synthetic rubber in primary forms","processType":"UNIT_PROCESS","flowType":"PRODUCT_FLOW","location":"GLO"}},{"@type":"Exchange","isAvoidedProduct":false,"isInput":true,"amount":250000.0,"dqEntry":"(5;4;5;3;4)","description":"EcoSpold01Location\u003dRER\nRough estimation","internalId":8,"flow":{"@type":"Flow","@id":"c5246dbb-0abd-4bee-8dda-d52a1b202322","name":"steel, chromium steel 18/8, hot rolled","category":"C:Manufacturing/24:Manufacture of basic metals/241:Manufacture of basic iron and steel/2410:Manufacture of basic iron and steel","flowType":"PRODUCT_FLOW","refUnit":"kg"},"unit":{"@type":"Unit","@id":"20aadc24-a391-41cf-b340-3e4529f44bde","name":"kg"},"flowProperty":{"@type":"FlowProperty","@id":"93a60a56-a3c8-11da-a746-0800200b9a66","name":"Mass","category":"Technical flow properties","refUnit":"kg"},"uncertainty":{"@type":"Uncertainty","distributionType":"LOG_NORMAL_DISTRIBUTION","geomMean":250000.0,"geomSd":1.3028773061287173},"defaultProvider":{"@type":"Process","@id":"5f79ad9b-1636-3233-83a4-151ad9047b74","name":"market for steel, chromium steel 18/8, hot rolled | steel, chromium steel 18/8, hot rolled | Cutoff, U","category":"C:Manufacturing/24:Manufacture of basic metals/241:Manufacture of basic iron and steel/2410:Manufacture of basic iron and steel","processType":"UNIT_PROCESS","flowType":"PRODUCT_FLOW","location":"GLO"}},{"@type":"Exchange","isAvoidedProduct":false,"isInput":true,"amount":8500.0,"dqEntry":"(5;4;5;3;4)","description":"EcoSpold01Location\u003dCH\nRough estimation","internalId":2,"flow":{"@type":"Flow","@id":"7aaf6060-f9b7-43bb-8aee-06aecf386798","name":"building, hall, steel construction","category":"F:Construction/41:Construction of buildings/410:Construction of buildings/4100:Construction of buildings","flowType":"PRODUCT_FLOW","refUnit":"m2"},"unit":{"@type":"Unit","@id":"3ce61faa-5716-41c1-aef6-b5920054acc9","name":"m2"},"flowProperty":{"@type":"FlowProperty","@id":"93a60a56-a3c8-19da-a746-0800200c9a66","name":"Area","category":"Technical flow properties","refUnit":"m2"},"uncertainty":{"@type":"Uncertainty","distributionType":"LOG_NORMAL_DISTRIBUTION","geomMean":8500.0,"geomSd":1.8372616934040338},"defaultProvider":{"@type":"Process","@id":"ec9c0dd7-e20f-3536-b45c-ef66747b5141","name":"market for building, hall, steel construction | building, hall, steel construction | Cutoff, U","category":"F:Construction/41:Construction of buildings/410:Construction of buildings/4100:Construction of buildings","processType":"UNIT_PROCESS","flowType":"PRODUCT_FLOW","location":"GLO"}},{"@type":"Exchange","isAvoidedProduct":false,"isInput":false,"amount":5000.0,"dqEntry":"(5;4;1;3;4)","description":"Calculated, based on input\nEcoSpold01Location\u003dRER","internalId":4,"flow":{"@type":"Flow","@id":"15442876-adcd-4acd-8f5b-bfca7ecab125","name":"electronics scrap from control units","category":"E:Water supply; sewerage, waste management and remediation activities/38:Waste collection, treatment and disposal activities; materials recovery/383:Materials recovery/3830:Materials recovery","flowType":"WASTE_FLOW","refUnit":"kg"},"unit":{"@type":"Unit","@id":"20aadc24-a391-41cf-b340-3e4529f44bde","name":"kg"},"flowProperty":{"@type":"FlowProperty","@id":"93a60a56-a3c8-11da-a746-0800200b9a66","name":"Mass","category":"Technical flow properties","refUnit":"kg"},"uncertainty":{"@type":"Uncertainty","distributionType":"LOG_NORMAL_DISTRIBUTION","geomMean":-5000.0,"geomSd":1.3028773061287173},"defaultProvider":{"@type":"Process","@id":"50307db6-22fb-3558-9cd3-934d4773df72","name":"market for electronics scrap from control units | electronics scrap from control units | Cutoff, U","category":"D:Electricity, gas, steam and air conditioning supply/E:Water supply; sewerage, waste management and remediation activities/38:Waste collection, treatment and disposal activities; materials recovery/383:Materials recovery/3830:Materials recovery","processType":"UNIT_PROCESS","flowType":"WASTE_FLOW","location":"GLO"}},{"@type":"Exchange","isAvoidedProduct":false,"isInput":false,"amount":20000.0,"dqEntry":"(5;4;1;3;4)","description":"Calculated, based on input\nEcoSpold01Location\u003dCH","internalId":10,"flow":{"@type":"Flow","@id":"7ee0ddc3-924d-4339-b9bf-7856af6a698f","name":"waste polyethylene","category":"E:Water supply; sewerage, waste management and remediation activities/38:Waste collection, treatment and disposal activities; materials recovery/382:Waste treatment and disposal/3821:Treatment and disposal of non-hazardous waste","flowType":"WASTE_FLOW","refUnit":"kg"},"unit":{"@type":"Unit","@id":"20aadc24-a391-41cf-b340-3e4529f44bde","name":"kg"},"flowProperty":{"@type":"FlowProperty","@id":"93a60a56-a3c8-11da-a746-0800200b9a66","name":"Mass","category":"Technical flow properties","refUnit":"kg"},"uncertainty":{"@type":"Uncertainty","distributionType":"LOG_NORMAL_DISTRIBUTION","geomMean":-20000.0,"geomSd":1.3028773061287173},"defaultProvider":{"@type":"Process","@id":"37510e1c-54a2-3242-b13d-d7492b987501","name":"market group for waste polyethylene | waste polyethylene | Cutoff, U","category":"D:Electricity, gas, steam and air conditioning supply/E:Water supply; sewerage, waste management and remediation activities/38:Waste collection, treatment and disposal activities; materials recovery/382:Waste treatment and disposal/3821:Treatment and disposal of non-hazardous waste","processType":"UNIT_PROCESS","flowType":"WASTE_FLOW","location":"RER"}},{"@type":"Exchange","isAvoidedProduct":false,"isInput":true,"amount":9000.0,"dqEntry":"(1;4;5;3;1)","description":"Estimated, based on data from one CH site","internalId":14,"flow":{"@type":"Flow","@id":"4624deff-2016-41d4-b2bf-3db8dab88779","name":"Transformation, to industrial area","category":"Elementary flows/Resource/land","flowType":"ELEMENTARY_FLOW","refUnit":"m2"},"unit":{"@type":"Unit","@id":"3ce61faa-5716-41c1-aef6-b5920054acc9","name":"m2"},"flowProperty":{"@type":"FlowProperty","@id":"93a60a56-a3c8-19da-a746-0800200c9a66","name":"Area","category":"Technical flow properties","refUnit":"m2"},"uncertainty":{"@type":"Uncertainty","distributionType":"LOG_NORMAL_DISTRIBUTION","geomMean":9000.0,"geomSd":1.4537780777466462}},{"@type":"Exchange","isAvoidedProduct":false,"isInput":true,"amount":18000.0,"dqEntry":"(1;4;5;3;1)","description":"Estimated, based on data from one CH site","internalId":11,"flow":{"@type":"Flow","@id":"4b6b9b76-3199-4bd0-b11d-f8f2efbeac4e","name":"Occupation, construction site","category":"Elementary flows/Resource/land","flowType":"ELEMENTARY_FLOW","refUnit":"m2*a"},"unit":{"@type":"Unit","@id":"c7266b67-4ea2-457f-b391-9b94e26e195a","name":"m2*a"},"flowProperty":{"@type":"FlowProperty","@id":"93a60a56-a3c8-21da-a746-0800200c9a66","name":"Area*time","category":"Technical flow properties","refUnit":"m2*a"},"uncertainty":{"@type":"Uncertainty","distributionType":"LOG_NORMAL_DISTRIBUTION","geomMean":18000.0,"geomSd":1.2775561233185384}},{"@type":"Exchange","isAvoidedProduct":false,"isInput":true,"amount":9000.0,"dqEntry":"(1;4;5;3;1)","description":"Estimated, based on data from one CH site","internalId":13,"flow":{"@type":"Flow","@id":"29630a65-f38c-48a5-9744-c0121f586640","name":"Transformation, from unspecified","category":"Elementary flows/Resource/land","flowType":"ELEMENTARY_FLOW","refUnit":"m2"},"unit":{"@type":"Unit","@id":"3ce61faa-5716-41c1-aef6-b5920054acc9","name":"m2"},"flowProperty":{"@type":"FlowProperty","@id":"93a60a56-a3c8-19da-a746-0800200c9a66","name":"Area","category":"Technical flow properties","refUnit":"m2"},"uncertainty":{"@type":"Uncertainty","distributionType":"LOG_NORMAL_DISTRIBUTION","geomMean":9000.0,"geomSd":1.4537780777466462}},{"@type":"Exchange","isAvoidedProduct":false,"isInput":true,"amount":450000.0,"dqEntry":"(1;4;5;3;1)","description":"Estimated, based on data from one CH site","internalId":12,"flow":{"@type":"Flow","@id":"fe9c3a98-a6d2-452d-a9a4-a13e64f1b95b","name":"Occupation, industrial area","category":"Elementary flows/Resource/land","flowType":"ELEMENTARY_FLOW","refUnit":"m2*a"},"unit":{"@type":"Unit","@id":"c7266b67-4ea2-457f-b391-9b94e26e195a","name":"m2*a"},"flowProperty":{"@type":"FlowProperty","@id":"93a60a56-a3c8-21da-a746-0800200c9a66","name":"Area*time","category":"Technical flow properties","refUnit":"m2*a"},"uncertainty":{"@type":"Uncertainty","distributionType":"LOG_NORMAL_DISTRIBUTION","geomMean":450000.0,"geomSd":1.2775561233185384}},{"@type":"Exchange","isAvoidedProduct":false,"isInput":true,"amount":5000.0,"dqEntry":"(5;4;5;3;4)","description":"Rough estimation\nEcoSpold01Location\u003dRER","internalId":5,"flow":{"@type":"Flow","@id":"245732f4-a5ce-4881-816b-a207ba8df4c8","name":"electronics, for control units","category":"C:Manufacturing/27:Manufacture of electrical equipment/271:Manufacture of electric motors, generators, transformers and electricity distribution and control apparatus/2710:Manufacture of electric motors, generators, transformers and electricity di","flowType":"PRODUCT_FLOW","refUnit":"kg"},"unit":{"@type":"Unit","@id":"20aadc24-a391-41cf-b340-3e4529f44bde","name":"kg"},"flowProperty":{"@type":"FlowProperty","@id":"93a60a56-a3c8-11da-a746-0800200b9a66","name":"Mass","category":"Technical flow properties","refUnit":"kg"},"uncertainty":{"@type":"Uncertainty","distributionType":"LOG_NORMAL_DISTRIBUTION","geomMean":5000.0,"geomSd":1.3028773061287173},"defaultProvider":{"@type":"Process","@id":"38dea157-4e66-31d8-9c40-19c8d44c6a39","name":"market for electronics, for control units | electronics, for control units | Cutoff, U","category":"C:Manufacturing/27:Manufacture of electrical equipment/271:Manufacture of electric motors, generators, transformers and electricity distribution and control apparatus/2710:Manufacture of electric motors, generators, transformers and electricity di","processType":"UNIT_PROCESS","flowType":"PRODUCT_FLOW","location":"GLO"}},{"@type":"Exchange","isAvoidedProduct":false,"isInput":true,"amount":7500.0,"dqEntry":"(5;4;5;3;4)","description":"EcoSpold01Location\u003dCH\nRough estimation","internalId":7,"flow":{"@type":"Flow","@id":"5911b1c9-b3ad-4e6e-893a-137262ad4f95","name":"road, company, internal","category":"F:Construction/42:Civil engineering/421:Construction of roads and railways/4210:Construction of roads and railways","flowType":"PRODUCT_FLOW","refUnit":"m2*a"},"unit":{"@type":"Unit","@id":"c7266b67-4ea2-457f-b391-9b94e26e195a","name":"m2*a"},"flowProperty":{"@type":"FlowProperty","@id":"93a60a56-a3c8-21da-a746-0800200c9a66","name":"Area*time","category":"Technical flow properties","refUnit":"m2*a"},"uncertainty":{"@type":"Uncertainty","distributionType":"LOG_NORMAL_DISTRIBUTION","geomMean":7500.0,"geomSd":1.8372616934040338},"defaultProvider":{"@type":"Process","@id":"385379e8-c34f-3b8d-b5b7-542ae5ad981d","name":"market for road, company, internal | road, company, internal | Cutoff, U","category":"F:Construction/42:Civil engineering/421:Construction of roads and railways/4210:Construction of roads and railways","processType":"UNIT_PROCESS","flowType":"PRODUCT_FLOW","location":"GLO"}},{"@type":"Exchange","isAvoidedProduct":false,"isInput":true,"amount":225000.0,"dqEntry":"(5;4;5;3;4)","description":"Rough estimation\nEcoSpold01Location\u003dRER","internalId":9,"flow":{"@type":"Flow","@id":"8cb650d5-8a48-4719-81b1-2080b3b4387f","name":"steel, low-alloyed, hot rolled","category":"C:Manufacturing/24:Manufacture of basic metals/241:Manufacture of basic iron and steel/2410:Manufacture of basic iron and steel","flowType":"PRODUCT_FLOW","refUnit":"kg"},"unit":{"@type":"Unit","@id":"20aadc24-a391-41cf-b340-3e4529f44bde","name":"kg"},"flowProperty":{"@type":"FlowProperty","@id":"93a60a56-a3c8-11da-a746-0800200b9a66","name":"Mass","category":"Technical flow properties","refUnit":"kg"},"uncertainty":{"@type":"Uncertainty","distributionType":"LOG_NORMAL_DISTRIBUTION","geomMean":225000.0,"geomSd":1.3028773061287173},"defaultProvider":{"@type":"Process","@id":"0f6f0cb3-ef67-3c66-b3e4-16777b31d7ad","name":"market for steel, low-alloyed, hot rolled | steel, low-alloyed, hot rolled | Cutoff, U","category":"C:Manufacturing/24:Manufacture of basic metals/241:Manufacture of basic iron and steel/2410:Manufacture of basic iron and steel","processType":"UNIT_PROCESS","flowType":"PRODUCT_FLOW","location":"GLO"}}],"socialAspects":[],"allocationFactors":[]}