{"@type":"Process","@id":"578fd180-9521-3931-bca9-ace70c221e44","name":"waste preparation facility construction | waste preparation facility | Cutoff, U","description":"The inventory is valid for the production of 1 facility with an estimated lifespan of 50 years and a production volume of 10’000 t per year. This inventory is a very rough estimation and should be used carefully. It should not be used if the building itself is in focus of the LCA.;In order to include the infrastructure of scrap sorting and preparation facilities in Switzerland, a new infrastructure inventory was created. It is based on the already existing ecoinvent inventory “scrap preparation facility {RER}” but without the administration building of 50x50x10 m3 which seems highly overestimated (size of half a soccer field, place for about 200 persons) for a production plant with a capacity of 10’000 t per year. The lifespan of the building is estimated to be 50 years. Service is starting with the components used for the building This module includes all processes of the production of the facility. Machinery infrastructure is excluded no allocation involved Dataset documentation: https://v391.ecoquery.ecoinvent.org/Details/UPR/8e63df01-3762-4442-9970-c4be9badfe23/290c1f85-4cc4-4fa1-b0c8-2cb7f4276dce","category":"F:Construction/42:Civil engineering/429:Construction of other civil engineering projects/4290:Construction of other civil engineering projects","version":"03.05.003","lastChange":"2022-12-15T18:24:36.139Z","processType":"UNIT_PROCESS","isInfrastructureProcess":false,"location":{"@type":"Location","@id":"d88fc6ed-f21e-3464-935f-f76288b84103","name":"Switzerland"},"processDocumentation":{"samplingDescription":"High uncertainty. Uncertainty estimation according to the pedigree matrix","isCopyrightProtected":true,"validFrom":"2000-01-01","validUntil":"2022-12-31","dataDocumentor":{"@type":"Actor","@id":"3860cfbd-a932-45c0-90c7-658d5bea9ea3","name":"Thomas Kägi"},"dataGenerator":{"@type":"Actor","@id":"3860cfbd-a932-45c0-90c7-658d5bea9ea3","name":"Thomas Kägi"},"publication":{"@type":"Source","@id":"08b30482-96b3-4811-a707-78422c8e8180","name":"Kägi T.2017"}},"lastInternalId":13,"exchangeDqSystem":{"@type":"DQSystem","@id":"e7ac7cf6-5457-453e-99f9-d889826fffe8","name":"Ecoinvent Data Quality System"},"parameters":[],"exchanges":[{"@type":"Exchange","isAvoidedProduct":false,"isInput":false,"amount":1.0,"costValue":2.2322E7,"currency":{"@type":"Currency","@id":"7de74e65-ff97-404f-bf57-5d2a9134fb43","name":"Euro","refUnit":"EUR"},"internalId":1,"flow":{"@type":"Flow","@id":"91ecda95-607d-54b4-ac43-91b892561678","name":"waste preparation facility","category":"F:Construction/42:Civil engineering/429:Construction of other civil engineering projects/4290:Construction of other civil engineering projects","flowType":"PRODUCT_FLOW","refUnit":"Item(s)"},"unit":{"@type":"Unit","@id":"6dabe201-aaac-4509-92f0-d00c26cb72ab","name":"Item(s)"},"flowProperty":{"@type":"FlowProperty","@id":"01846770-4cfe-4a25-8ad9-919d8d378345","name":"Number of items","category":"Technical flow properties","refUnit":"Item(s)"},"isQuantitativeReference":true},{"@type":"Exchange","isAvoidedProduct":false,"isInput":true,"amount":200.0,"dqEntry":"(5;5;5;5;5)","description":"activityLink introduced to establish a direct link to the corresponding regional supply of this product","internalId":5,"flow":{"@type":"Flow","@id":"26f457d5-9138-4502-a0b5-a3726ca8efa6","name":"conveyor belt","category":"C:Manufacturing/28:Manufacture of machinery and equipment n.e.c./281:Manufacture of general-purpose machinery/2816:Manufacture of lifting and handling equipment","flowType":"PRODUCT_FLOW","refUnit":"m"},"unit":{"@type":"Unit","@id":"3d314eab-ef11-4ff3-a35e-9bc5cd858694","name":"m"},"flowProperty":{"@type":"FlowProperty","@id":"838aaa23-0117-11db-92e3-0800200c9a66","name":"Length","category":"Technical flow properties","refUnit":"m"},"uncertainty":{"@type":"Uncertainty","distributionType":"LOG_NORMAL_DISTRIBUTION","geomMean":200.0,"geomSd":1.0247973619913604},"defaultProvider":{"@type":"Process","@id":"ce56f22d-693a-3f7e-9e3c-1229d8dd1921","name":"market for conveyor belt | conveyor belt | Cutoff, U","category":"C:Manufacturing/28:Manufacture of machinery and equipment n.e.c./281:Manufacture of general-purpose machinery/2816:Manufacture of lifting and handling equipment","processType":"UNIT_PROCESS","flowType":"PRODUCT_FLOW","location":"GLO"}},{"@type":"Exchange","isAvoidedProduct":false,"isInput":true,"amount":19.1,"dqEntry":"(5;5;5;5;5)","internalId":8,"flow":{"@type":"Flow","@id":"1e8b4d56-39a8-4f15-b606-435b988945dc","name":"unreinforced concrete, 15MPa","category":"C:Manufacturing/23:Manufacture of other non-metallic mineral products/239:Manufacture of non-metallic mineral products n.e.c./2395:Manufacture of articles of concrete, cement and plaster","flowType":"PRODUCT_FLOW","refUnit":"m3"},"unit":{"@type":"Unit","@id":"1c3a9695-398d-4b1f-b07e-a8715b610f70","name":"m3"},"flowProperty":{"@type":"FlowProperty","@id":"93a60a56-a3c8-22da-a746-0800200c9a66","name":"Volume","category":"Technical flow properties","refUnit":"m3"},"uncertainty":{"@type":"Uncertainty","distributionType":"LOG_NORMAL_DISTRIBUTION","geomMean":19.1,"geomSd":1.0247973619913604},"defaultProvider":{"@type":"Process","@id":"ad033e90-2db8-3802-b9c0-aa294c9a7693","name":"market for unreinforced concrete, 15MPa | unreinforced concrete, 15MPa | Cutoff, U","category":"C:Manufacturing/23:Manufacture of other non-metallic mineral products/239:Manufacture of non-metallic mineral products n.e.c./2395:Manufacture of articles of concrete, cement and plaster","processType":"UNIT_PROCESS","flowType":"PRODUCT_FLOW","location":"CH"}},{"@type":"Exchange","isAvoidedProduct":false,"isInput":true,"amount":37510.0,"dqEntry":"(5;5;5;5;5)","internalId":13,"flow":{"@type":"Flow","@id":"4624deff-2016-41d4-b2bf-3db8dab88779","name":"Transformation, to industrial area","category":"Elementary flows/Resource/land","flowType":"ELEMENTARY_FLOW","refUnit":"m2"},"unit":{"@type":"Unit","@id":"3ce61faa-5716-41c1-aef6-b5920054acc9","name":"m2"},"flowProperty":{"@type":"FlowProperty","@id":"93a60a56-a3c8-19da-a746-0800200c9a66","name":"Area","category":"Technical flow properties","refUnit":"m2"},"uncertainty":{"@type":"Uncertainty","distributionType":"LOG_NORMAL_DISTRIBUTION","geomMean":37510.0,"geomSd":1.0247973619913604}},{"@type":"Exchange","isAvoidedProduct":false,"isInput":true,"amount":13200.0,"dqEntry":"(5;5;5;5;5)","internalId":7,"flow":{"@type":"Flow","@id":"9ba48284-0f03-4fec-800d-de77833b12f6","name":"reinforcing steel","category":"C:Manufacturing/24:Manufacture of basic metals/241:Manufacture of basic iron and steel/2410:Manufacture of basic iron and steel","flowType":"PRODUCT_FLOW","refUnit":"kg"},"unit":{"@type":"Unit","@id":"20aadc24-a391-41cf-b340-3e4529f44bde","name":"kg"},"flowProperty":{"@type":"FlowProperty","@id":"93a60a56-a3c8-11da-a746-0800200b9a66","name":"Mass","category":"Technical flow properties","refUnit":"kg"},"uncertainty":{"@type":"Uncertainty","distributionType":"LOG_NORMAL_DISTRIBUTION","geomMean":13200.0,"geomSd":1.0247973619913604},"defaultProvider":{"@type":"Process","@id":"f2c3403c-cb58-3ab6-b8d2-143d39b53e13","name":"market for reinforcing steel | reinforcing steel | Cutoff, U","category":"C:Manufacturing/24:Manufacture of basic metals/241:Manufacture of basic iron and steel/2410:Manufacture of basic iron and steel","processType":"UNIT_PROCESS","flowType":"PRODUCT_FLOW","location":"GLO"}},{"@type":"Exchange","isAvoidedProduct":false,"isInput":true,"amount":154000.0,"dqEntry":"(5;5;5;5;5)","description":"activityLink introduced to establish a direct link to the corresponding regional supply of this product","internalId":6,"flow":{"@type":"Flow","@id":"4cc87eb6-20a4-4968-ab90-6d344d46755d","name":"industrial machine, heavy, unspecified","category":"C:Manufacturing/28:Manufacture of machinery and equipment n.e.c./282:Manufacture of special-purpose machinery/2824:Manufacture of machinery for mining, quarrying and construction","flowType":"PRODUCT_FLOW","refUnit":"kg"},"unit":{"@type":"Unit","@id":"20aadc24-a391-41cf-b340-3e4529f44bde","name":"kg"},"flowProperty":{"@type":"FlowProperty","@id":"93a60a56-a3c8-11da-a746-0800200b9a66","name":"Mass","category":"Technical flow properties","refUnit":"kg"},"uncertainty":{"@type":"Uncertainty","distributionType":"LOG_NORMAL_DISTRIBUTION","geomMean":154000.0,"geomSd":1.0247973619913604},"defaultProvider":{"@type":"Process","@id":"4108661d-bb85-31af-b7e1-7a678e1df664","name":"market for industrial machine, heavy, unspecified | industrial machine, heavy, unspecified | Cutoff, U","category":"C:Manufacturing/28:Manufacture of machinery and equipment n.e.c./282:Manufacture of special-purpose machinery/2824:Manufacture of machinery for mining, quarrying and construction","processType":"UNIT_PROCESS","flowType":"PRODUCT_FLOW","location":"RER"}},{"@type":"Exchange","isAvoidedProduct":false,"isInput":true,"amount":1670.0,"dqEntry":"(5;5;5;5;5)","description":"activityLink introduced to establish a direct link to the corresponding regional supply of this product","internalId":2,"flow":{"@type":"Flow","@id":"d72638dc-71b8-4c4f-b5c7-72cbe6bdd145","name":"building, hall","category":"F:Construction/41:Construction of buildings/410:Construction of buildings/4100:Construction of buildings","flowType":"PRODUCT_FLOW","refUnit":"m2"},"unit":{"@type":"Unit","@id":"3ce61faa-5716-41c1-aef6-b5920054acc9","name":"m2"},"flowProperty":{"@type":"FlowProperty","@id":"93a60a56-a3c8-19da-a746-0800200c9a66","name":"Area","category":"Technical flow properties","refUnit":"m2"},"uncertainty":{"@type":"Uncertainty","distributionType":"LOG_NORMAL_DISTRIBUTION","geomMean":1670.0,"geomSd":1.0247973619913604},"defaultProvider":{"@type":"Process","@id":"579fac1e-b6f2-3fe1-92f1-9c1701a2abed","name":"building construction, hall | building, hall | Cutoff, U","category":"F:Construction/41:Construction of buildings/410:Construction of buildings/4100:Construction of buildings","processType":"UNIT_PROCESS","flowType":"PRODUCT_FLOW","location":"CH"}},{"@type":"Exchange","isAvoidedProduct":false,"isInput":true,"amount":37500.0,"dqEntry":"(5;5;5;5;5)","internalId":12,"flow":{"@type":"Flow","@id":"29630a65-f38c-48a5-9744-c0121f586640","name":"Transformation, from unspecified","category":"Elementary flows/Resource/land","flowType":"ELEMENTARY_FLOW","refUnit":"m2"},"unit":{"@type":"Unit","@id":"3ce61faa-5716-41c1-aef6-b5920054acc9","name":"m2"},"flowProperty":{"@type":"FlowProperty","@id":"93a60a56-a3c8-19da-a746-0800200c9a66","name":"Area","category":"Technical flow properties","refUnit":"m2"},"uncertainty":{"@type":"Uncertainty","distributionType":"LOG_NORMAL_DISTRIBUTION","geomMean":37500.0,"geomSd":1.0247973619913604}},{"@type":"Exchange","isAvoidedProduct":false,"isInput":true,"amount":1875000.0,"dqEntry":"(5;5;5;5;5)","internalId":11,"flow":{"@type":"Flow","@id":"fe9c3a98-a6d2-452d-a9a4-a13e64f1b95b","name":"Occupation, industrial area","category":"Elementary flows/Resource/land","flowType":"ELEMENTARY_FLOW","refUnit":"m2*a"},"unit":{"@type":"Unit","@id":"c7266b67-4ea2-457f-b391-9b94e26e195a","name":"m2*a"},"flowProperty":{"@type":"FlowProperty","@id":"93a60a56-a3c8-21da-a746-0800200c9a66","name":"Area*time","category":"Technical flow properties","refUnit":"m2*a"},"uncertainty":{"@type":"Uncertainty","distributionType":"LOG_NORMAL_DISTRIBUTION","geomMean":1875000.0,"geomSd":1.0247973619913604}},{"@type":"Exchange","isAvoidedProduct":false,"isInput":false,"amount":154000.0,"dqEntry":"(5;5;5;5;5)","internalId":10,"flow":{"@type":"Flow","@id":"5357a067-f798-46fb-97b0-fa18f723341b","name":"waste reinforced concrete","category":"E:Water supply; sewerage, waste management and remediation activities/38:Waste collection, treatment and disposal activities; materials recovery/382:Waste treatment and disposal/3821:Treatment and disposal of non-hazardous waste","flowType":"WASTE_FLOW","refUnit":"kg"},"unit":{"@type":"Unit","@id":"20aadc24-a391-41cf-b340-3e4529f44bde","name":"kg"},"flowProperty":{"@type":"FlowProperty","@id":"93a60a56-a3c8-11da-a746-0800200b9a66","name":"Mass","category":"Technical flow properties","refUnit":"kg"},"uncertainty":{"@type":"Uncertainty","distributionType":"LOG_NORMAL_DISTRIBUTION","geomMean":-154000.0,"geomSd":1.0247973619913604},"defaultProvider":{"@type":"Process","@id":"ae877cac-8836-3aad-84e6-3281599cb934","name":"market for waste reinforced concrete | waste reinforced concrete | Cutoff, U","category":"D:Electricity, gas, steam and air conditioning supply/E:Water supply; sewerage, waste management and remediation activities/38:Waste collection, treatment and disposal activities; materials recovery/383:Materials recovery/3830:Materials recovery","processType":"UNIT_PROCESS","flowType":"WASTE_FLOW","location":"CH"}},{"@type":"Exchange","isAvoidedProduct":false,"isInput":true,"amount":2500.0,"dqEntry":"(5;5;5;5;5)","description":"activityLink introduced to establish a direct link to the corresponding regional supply of this product","internalId":3,"flow":{"@type":"Flow","@id":"006863b7-d736-4eb6-bbf8-648d292184ad","name":"building, multi-storey","category":"F:Construction/41:Construction of buildings/410:Construction of buildings/4100:Construction of buildings","flowType":"PRODUCT_FLOW","refUnit":"m3"},"unit":{"@type":"Unit","@id":"1c3a9695-398d-4b1f-b07e-a8715b610f70","name":"m3"},"flowProperty":{"@type":"FlowProperty","@id":"93a60a56-a3c8-22da-a746-0800200c9a66","name":"Volume","category":"Technical flow properties","refUnit":"m3"},"uncertainty":{"@type":"Uncertainty","distributionType":"LOG_NORMAL_DISTRIBUTION","geomMean":2500.0,"geomSd":1.0247973619913604},"defaultProvider":{"@type":"Process","@id":"299a8148-e399-3dbc-9b4a-06fdc35dc117","name":"building construction, multi-storey | building, multi-storey | Cutoff, U","category":"F:Construction/41:Construction of buildings/410:Construction of buildings/4100:Construction of buildings","processType":"UNIT_PROCESS","flowType":"PRODUCT_FLOW","location":"RER"}},{"@type":"Exchange","isAvoidedProduct":false,"isInput":true,"amount":67.0,"dqEntry":"(5;5;5;5;5)","internalId":4,"flow":{"@type":"Flow","@id":"ef5d9b7f-0d4a-49b9-a2eb-eef36ded1c38","name":"concrete, 30MPa","category":"C:Manufacturing/23:Manufacture of other non-metallic mineral products/239:Manufacture of non-metallic mineral products n.e.c./2395:Manufacture of articles of concrete, cement and plaster","flowType":"PRODUCT_FLOW","refUnit":"m3"},"unit":{"@type":"Unit","@id":"1c3a9695-398d-4b1f-b07e-a8715b610f70","name":"m3"},"flowProperty":{"@type":"FlowProperty","@id":"93a60a56-a3c8-22da-a746-0800200c9a66","name":"Volume","category":"Technical flow properties","refUnit":"m3"},"uncertainty":{"@type":"Uncertainty","distributionType":"LOG_NORMAL_DISTRIBUTION","geomMean":67.0,"geomSd":1.0247973619913604},"defaultProvider":{"@type":"Process","@id":"b6df608d-6970-3eb9-8fa4-6128d4b8d18a","name":"market for concrete, 30MPa | concrete, 30MPa | Cutoff, U","category":"C:Manufacturing/23:Manufacture of other non-metallic mineral products/239:Manufacture of non-metallic mineral products n.e.c./2395:Manufacture of articles of concrete, cement and plaster","processType":"UNIT_PROCESS","flowType":"PRODUCT_FLOW","location":"CH"}},{"@type":"Exchange","isAvoidedProduct":false,"isInput":false,"amount":55300.0,"dqEntry":"(5;5;5;5;5)","internalId":9,"flow":{"@type":"Flow","@id":"48f6b7c9-093b-4dd0-bf0d-9ba54b4c2d22","name":"waste concrete, not reinforced","category":"E:Water supply; sewerage, waste management and remediation activities/38:Waste collection, treatment and disposal activities; materials recovery/382:Waste treatment and disposal/3821:Treatment and disposal of non-hazardous waste","flowType":"WASTE_FLOW","refUnit":"kg"},"unit":{"@type":"Unit","@id":"20aadc24-a391-41cf-b340-3e4529f44bde","name":"kg"},"flowProperty":{"@type":"FlowProperty","@id":"93a60a56-a3c8-11da-a746-0800200b9a66","name":"Mass","category":"Technical flow properties","refUnit":"kg"},"uncertainty":{"@type":"Uncertainty","distributionType":"LOG_NORMAL_DISTRIBUTION","geomMean":-55300.0,"geomSd":1.0247973619913604},"defaultProvider":{"@type":"Process","@id":"83786c79-fb1b-3521-b40b-b14f18044227","name":"market for waste concrete, not reinforced | waste concrete, not reinforced | Cutoff, U","category":"D:Electricity, gas, steam and air conditioning supply/E:Water supply; sewerage, waste management and remediation activities/38:Waste collection, treatment and disposal activities; materials recovery/383:Materials recovery/3830:Materials recovery","processType":"UNIT_PROCESS","flowType":"WASTE_FLOW","location":"CH"}}],"socialAspects":[],"allocationFactors":[]}