{"@type":"Process","@id":"cc944d89-c79f-4e4c-991f-cdb2c4dfd049","name":"polyethylene, high density, granulate","description":"","category":"MSW/Current Management/resource","version":"00.00.001","lastChange":"2024-02-24T07:07:17.623Z","processType":"UNIT_PROCESS","isInfrastructureProcess":false,"processDocumentation":{"isCopyrightProtected":false,"creationDate":"2024-02-24T15:06:54.415"},"lastInternalId":2,"parameters":[],"exchanges":[{"@type":"Exchange","isAvoidedProduct":false,"isInput":false,"amount":1.0,"internalId":1,"flow":{"@type":"Flow","@id":"b685192a-e033-421e-9074-8fe7cb176046","name":"polyethylene, high density, granulate","category":"C:Manufacturing/20:Manufacture of chemicals and chemical products/201:Manufacture of basic chemicals, fertilizers and nitrogen compounds, plastics/2013:Manufacture of plastics and synthetic rubber in primary forms","flowType":"PRODUCT_FLOW","refUnit":"kg"},"unit":{"@type":"Unit","@id":"20aadc24-a391-41cf-b340-3e4529f44bde","name":"kg"},"flowProperty":{"@type":"FlowProperty","@id":"93a60a56-a3c8-11da-a746-0800200b9a66","name":"Mass","category":"Technical flow properties","refUnit":"kg"},"isQuantitativeReference":true},{"@type":"Exchange","isAvoidedProduct":false,"isInput":true,"amount":1.5,"internalId":2,"flow":{"@type":"Flow","@id":"88d06db9-59a1-4719-9174-afeb1fa4026a","name":"Oil, crude","category":"Elementary flows/Resource/in ground","flowType":"ELEMENTARY_FLOW","refUnit":"kg"},"unit":{"@type":"Unit","@id":"20aadc24-a391-41cf-b340-3e4529f44bde","name":"kg"},"flowProperty":{"@type":"FlowProperty","@id":"93a60a56-a3c8-11da-a746-0800200b9a66","name":"Mass","category":"Technical flow properties","refUnit":"kg"}}],"socialAspects":[],"allocationFactors":[]}