{"@type":"Process","@id":"5124160a-81fe-46b6-a8c2-f82fb53a71cd","name":"aluminium, wrought alloy","description":"","category":"MSW/Current Management/resource","version":"00.00.001","lastChange":"2024-02-24T02:51:49.750Z","processType":"UNIT_PROCESS","isInfrastructureProcess":false,"processDocumentation":{"isCopyrightProtected":false,"creationDate":"2024-02-24T10:51:28.204"},"lastInternalId":2,"parameters":[],"exchanges":[{"@type":"Exchange","isAvoidedProduct":false,"isInput":false,"amount":1.0,"internalId":1,"flow":{"@type":"Flow","@id":"fef44ccb-917e-4c8d-bb35-a1898827b659","name":"aluminium, wrought alloy","category":"C:Manufacturing/24:Manufacture of basic metals/242:Manufacture of basic precious and other non-ferrous metals/2420:Manufacture of basic precious and other non-ferrous metals","flowType":"PRODUCT_FLOW","refUnit":"kg"},"unit":{"@type":"Unit","@id":"20aadc24-a391-41cf-b340-3e4529f44bde","name":"kg"},"flowProperty":{"@type":"FlowProperty","@id":"93a60a56-a3c8-11da-a746-0800200b9a66","name":"Mass","category":"Technical flow properties","refUnit":"kg"},"isQuantitativeReference":true},{"@type":"Exchange","isAvoidedProduct":false,"isInput":true,"amount":0.95,"internalId":2,"flow":{"@type":"Flow","@id":"a45cd247-3532-4e27-bddc-b519fdb5e08f","name":"Aluminium","category":"Elementary flows/Resource/in ground","flowType":"ELEMENTARY_FLOW","refUnit":"kg"},"unit":{"@type":"Unit","@id":"20aadc24-a391-41cf-b340-3e4529f44bde","name":"kg"},"flowProperty":{"@type":"FlowProperty","@id":"93a60a56-a3c8-11da-a746-0800200b9a66","name":"Mass","category":"Technical flow properties","refUnit":"kg"}}],"socialAspects":[],"allocationFactors":[]}