{"@type":"Process","@id":"87d7703b-7c1e-3305-9d4b-bc5fbf5bcf17","name":"wastewater treatment facility construction, capacity 5E9l/year | wastewater treatment facility, capacity 5E9l/year | Cutoff, U","description":"For municipal wastewater treatment plant capacity class 3 with an average per-captia equivalent PCE (Einwohnergleichwert) of 24\u0027864 and an average annual sewage volume of 5.0 million m3/a. This is the average plant size in Switzerland. A lifetime of 30 years is assumed.;[This dataset was already contained in the ecoinvent database version 2. It was not individually updated during the transfer to ecoinvent version 3. Life Cycle Impact Assessment results may still have changed, as they are affected by changes in the supply chain, i.e. in other datasets. This dataset was generated following the ecoinvent quality guidelines for version 2. It may have been subject to central changes described in the ecoinvent version 3 change report (http://www.ecoinvent.org/database/ecoinvent-version-3/reports-of-changes/), and the results of the central updates were reviewed extensively. The changes added e.g. consistent water flows and other information throughout the database. The documentation of this dataset can be found in the ecoinvent reports of version 2, which are still available via the ecoinvent website. The change report linked above covers all central changes that were made during the conversion process.]  Infrastructure materials for municipal wastewater treatment plant, transports, dismantling. Land use burdens. Dataset documentation: https://v391.ecoquery.ecoinvent.org/Details/UPR/bb917656-1676-4b3e-8973-16009177c666/290c1f85-4cc4-4fa1-b0c8-2cb7f4276dce","category":"F:Construction/42:Civil engineering/422:Construction of utility projects/4220:Construction of utility projects","version":"03.138.003","lastChange":"2022-12-15T18:24:35.720Z","tags":["ConvertedDataset"],"processType":"UNIT_PROCESS","isInfrastructureProcess":false,"location":{"@type":"Location","@id":"d88fc6ed-f21e-3464-935f-f76288b84103","name":"Switzerland"},"processDocumentation":{"technologyDescription":"Three stage wastewater treatment (mechanical, biological, chemical) including sludge digestion (fermentation) according to the average technology in Switzerland","dataTreatmentDescription":"data from three Swiss WWTP, linearily extrapolated according to capacity class.","samplingDescription":"data from literature","isCopyrightProtected":true,"geographyDescription":"Specific to the technology mix encountered in Switzerland in 2000. Well applicable to modern treatment practices in Europe, North America or Japan.","creationDate":"2010-07-28T18:32:47","validFrom":"1996-01-01","validUntil":"2022-12-31","dataDocumentor":{"@type":"Actor","@id":"89ae408f-f095-4276-96ca-c871888cf632","name":"Roland Hischier"},"dataGenerator":{"@type":"Actor","@id":"b05f6f5a-d4f6-48e5-88bc-38c98a05048d","name":"Gabor Doka (obsolete)"},"publication":{"@type":"Source","@id":"a3ba5207-5834-4d67-b417-38951b3ead65","name":"Doka G.2007"}},"lastInternalId":29,"exchangeDqSystem":{"@type":"DQSystem","@id":"e7ac7cf6-5457-453e-99f9-d889826fffe8","name":"Ecoinvent Data Quality System"},"parameters":[],"exchanges":[{"@type":"Exchange","isAvoidedProduct":false,"isInput":false,"amount":1.0,"description":"EcoSpold01Location\u003dCH","costValue":1.077760144345389E7,"currency":{"@type":"Currency","@id":"7de74e65-ff97-404f-bf57-5d2a9134fb43","name":"Euro","refUnit":"EUR"},"internalId":1,"flow":{"@type":"Flow","@id":"0d978369-c529-46f1-97b8-bdb539bf31ba","name":"wastewater treatment facility, capacity 5E9l/year","category":"F:Construction/42:Civil engineering/422:Construction of utility projects/4220:Construction of utility projects","flowType":"PRODUCT_FLOW","refUnit":"Item(s)"},"unit":{"@type":"Unit","@id":"6dabe201-aaac-4509-92f0-d00c26cb72ab","name":"Item(s)"},"flowProperty":{"@type":"FlowProperty","@id":"01846770-4cfe-4a25-8ad9-919d8d378345","name":"Number of items","category":"Technical flow properties","refUnit":"Item(s)"},"isQuantitativeReference":true},{"@type":"Exchange","isAvoidedProduct":false,"isInput":false,"amount":111000.0,"dqEntry":"(1;2;2;1;1)","description":"EcoSpold01Location\u003dCH\nData from 3 plants","internalId":21,"flow":{"@type":"Flow","@id":"bfd577e2-82b4-4166-af2b-3bda540931f6","name":"waste mineral wool","category":"E:Water supply; sewerage, waste management and remediation activities/38:Waste collection, treatment and disposal activities; materials recovery/383:Materials recovery/3830:Materials recovery","flowType":"WASTE_FLOW","refUnit":"kg"},"unit":{"@type":"Unit","@id":"20aadc24-a391-41cf-b340-3e4529f44bde","name":"kg"},"flowProperty":{"@type":"FlowProperty","@id":"93a60a56-a3c8-11da-a746-0800200b9a66","name":"Mass","category":"Technical flow properties","refUnit":"kg"},"uncertainty":{"@type":"Uncertainty","distributionType":"LOG_NORMAL_DISTRIBUTION","geomMean":-111000.0,"geomSd":1.729310125349922},"defaultProvider":{"@type":"Process","@id":"69a0eee8-ac32-363c-980a-d4ed11dfd7e9","name":"market for waste mineral wool | waste mineral wool | Cutoff, U","category":"D:Electricity, gas, steam and air conditioning supply/E:Water supply; sewerage, waste management and remediation activities/38:Waste collection, treatment and disposal activities; materials recovery/383:Materials recovery/3830:Materials recovery","processType":"UNIT_PROCESS","flowType":"WASTE_FLOW","location":"CH"}},{"@type":"Exchange","isAvoidedProduct":false,"isInput":false,"amount":714.0,"dqEntry":"(2;2;5;1;1)","description":"Calculated value based on literature values and expert opinion. See comments in the parametres\u0027 comment field.","internalId":24,"flow":{"@type":"Flow","@id":"075e433b-4be4-448e-9510-9a5029c1ce94","name":"Water","category":"Elementary flows/Emission to air/unspecified","flowType":"ELEMENTARY_FLOW","refUnit":"m3"},"unit":{"@type":"Unit","@id":"1c3a9695-398d-4b1f-b07e-a8715b610f70","name":"m3"},"flowProperty":{"@type":"FlowProperty","@id":"93a60a56-a3c8-22da-a746-0800200c9a66","name":"Volume","category":"Technical flow properties","refUnit":"m3"},"uncertainty":{"@type":"Uncertainty","distributionType":"LOG_NORMAL_DISTRIBUTION","geomMean":714.0,"geomSd":1.2214027581601699}},{"@type":"Exchange","isAvoidedProduct":false,"isInput":true,"amount":23000.0,"dqEntry":"(2;3;5;1;1)","description":"Estimate on land area from 3 plants","internalId":29,"flow":{"@type":"Flow","@id":"4624deff-2016-41d4-b2bf-3db8dab88779","name":"Transformation, to industrial area","category":"Elementary flows/Resource/land","flowType":"ELEMENTARY_FLOW","refUnit":"m2"},"unit":{"@type":"Unit","@id":"3ce61faa-5716-41c1-aef6-b5920054acc9","name":"m2"},"flowProperty":{"@type":"FlowProperty","@id":"93a60a56-a3c8-19da-a746-0800200c9a66","name":"Area","category":"Technical flow properties","refUnit":"m2"},"uncertainty":{"@type":"Uncertainty","distributionType":"LOG_NORMAL_DISTRIBUTION","geomMean":23000.0,"geomSd":1.4139824580805163}},{"@type":"Exchange","isAvoidedProduct":false,"isInput":true,"amount":4760000.0,"dqEntry":"(1;2;5;1;1)","description":"EcoSpold01Location\u003dRER\nData from 3 plants","internalId":19,"flow":{"@type":"Flow","@id":"c5adb1fb-872e-4446-a3bb-c4b61aa4bd45","name":"tap water","category":"E:Water supply; sewerage, waste management and remediation activities/36:Water collection, treatment and supply/360:Water collection, treatment and supply/3600:Water collection, treatment and supply","flowType":"PRODUCT_FLOW","refUnit":"kg"},"unit":{"@type":"Unit","@id":"20aadc24-a391-41cf-b340-3e4529f44bde","name":"kg"},"flowProperty":{"@type":"FlowProperty","@id":"93a60a56-a3c8-11da-a746-0800200b9a66","name":"Mass","category":"Technical flow properties","refUnit":"kg"},"uncertainty":{"@type":"Uncertainty","distributionType":"LOG_NORMAL_DISTRIBUTION","geomMean":4760000.0,"geomSd":1.729310125349922},"defaultProvider":{"@type":"Process","@id":"504daa82-b2cb-3593-8116-ff186f7a1595","name":"market for tap water | tap water | Cutoff, U","category":"D:Electricity, gas, steam and air conditioning supply/E:Water supply; sewerage, waste management and remediation activities/36:Water collection, treatment and supply/360:Water collection, treatment and supply/3600:Water collection, treatment and supply","processType":"UNIT_PROCESS","flowType":"PRODUCT_FLOW","location":"CH"}},{"@type":"Exchange","isAvoidedProduct":false,"isInput":true,"amount":34500.0,"dqEntry":"(1;2;5;1;1)","description":"Data from 3 plants\nEcoSpold01Location\u003dRER","internalId":18,"flow":{"@type":"Flow","@id":"0da5307e-df93-4bc2-b5bc-6cda3cb55e8c","name":"synthetic rubber","category":"C:Manufacturing/20:Manufacture of chemicals and chemical products/201:Manufacture of basic chemicals, fertilizers and nitrogen compounds, plastics/2013:Manufacture of plastics and synthetic rubber in primary forms","flowType":"PRODUCT_FLOW","refUnit":"kg"},"unit":{"@type":"Unit","@id":"20aadc24-a391-41cf-b340-3e4529f44bde","name":"kg"},"flowProperty":{"@type":"FlowProperty","@id":"93a60a56-a3c8-11da-a746-0800200b9a66","name":"Mass","category":"Technical flow properties","refUnit":"kg"},"uncertainty":{"@type":"Uncertainty","distributionType":"LOG_NORMAL_DISTRIBUTION","geomMean":34500.0,"geomSd":1.729310125349922},"defaultProvider":{"@type":"Process","@id":"7fa6df1b-c111-33c8-8f25-ea649e5d5276","name":"market for synthetic rubber | synthetic rubber | Cutoff, U","category":"C:Manufacturing/20:Manufacture of chemicals and chemical products/201:Manufacture of basic chemicals, fertilizers and nitrogen compounds, plastics/2013:Manufacture of plastics and synthetic rubber in primary forms","processType":"UNIT_PROCESS","flowType":"PRODUCT_FLOW","location":"GLO"}},{"@type":"Exchange","isAvoidedProduct":false,"isInput":true,"amount":34100.0,"dqEntry":"(1;2;5;1;1)","description":"Data from 3 plants\nEcoSpold01Location\u003dCH","internalId":17,"flow":{"@type":"Flow","@id":"751b5ee2-aa63-456c-8d7d-1af517fb7032","name":"stone wool, packed","category":"C:Manufacturing/23:Manufacture of other non-metallic mineral products/239:Manufacture of non-metallic mineral products n.e.c./2399:Manufacture of other non-metallic mineral products n.e.c.","flowType":"PRODUCT_FLOW","refUnit":"kg"},"unit":{"@type":"Unit","@id":"20aadc24-a391-41cf-b340-3e4529f44bde","name":"kg"},"flowProperty":{"@type":"FlowProperty","@id":"93a60a56-a3c8-11da-a746-0800200b9a66","name":"Mass","category":"Technical flow properties","refUnit":"kg"},"uncertainty":{"@type":"Uncertainty","distributionType":"LOG_NORMAL_DISTRIBUTION","geomMean":34100.0,"geomSd":1.729310125349922},"defaultProvider":{"@type":"Process","@id":"b5e1c295-b7c4-3a45-9810-b29c264b8d9b","name":"market for stone wool, packed | stone wool, packed | Cutoff, U","category":"C:Manufacturing/23:Manufacture of other non-metallic mineral products/239:Manufacture of non-metallic mineral products n.e.c./2399:Manufacture of other non-metallic mineral products n.e.c.","processType":"UNIT_PROCESS","flowType":"PRODUCT_FLOW","location":"GLO"}},{"@type":"Exchange","isAvoidedProduct":false,"isInput":true,"amount":3030000.0,"dqEntry":"(1;2;5;1;1)","description":"Data from 3 plants\nEcoSpold01Location\u003dRER","internalId":15,"flow":{"@type":"Flow","@id":"9ba48284-0f03-4fec-800d-de77833b12f6","name":"reinforcing steel","category":"C:Manufacturing/24:Manufacture of basic metals/241:Manufacture of basic iron and steel/2410:Manufacture of basic iron and steel","flowType":"PRODUCT_FLOW","refUnit":"kg"},"unit":{"@type":"Unit","@id":"20aadc24-a391-41cf-b340-3e4529f44bde","name":"kg"},"flowProperty":{"@type":"FlowProperty","@id":"93a60a56-a3c8-11da-a746-0800200b9a66","name":"Mass","category":"Technical flow properties","refUnit":"kg"},"uncertainty":{"@type":"Uncertainty","distributionType":"LOG_NORMAL_DISTRIBUTION","geomMean":3030000.0,"geomSd":1.729310125349922},"defaultProvider":{"@type":"Process","@id":"f2c3403c-cb58-3ab6-b8d2-143d39b53e13","name":"market for reinforcing steel | reinforcing steel | Cutoff, U","category":"C:Manufacturing/24:Manufacture of basic metals/241:Manufacture of basic iron and steel/2410:Manufacture of basic iron and steel","processType":"UNIT_PROCESS","flowType":"PRODUCT_FLOW","location":"GLO"}},{"@type":"Exchange","isAvoidedProduct":false,"isInput":true,"amount":76500.0,"dqEntry":"(1;2;5;1;1)","description":"EcoSpold01Location\u003dRER\nData from 3 plants","internalId":10,"flow":{"@type":"Flow","@id":"102d2161-b570-42cd-b646-1c44e47d23c5","name":"glass fibre","category":"C:Manufacturing/23:Manufacture of other non-metallic mineral products/231:Manufacture of glass and glass products/2310:Manufacture of glass and glass products","flowType":"PRODUCT_FLOW","refUnit":"kg"},"unit":{"@type":"Unit","@id":"20aadc24-a391-41cf-b340-3e4529f44bde","name":"kg"},"flowProperty":{"@type":"FlowProperty","@id":"93a60a56-a3c8-11da-a746-0800200b9a66","name":"Mass","category":"Technical flow properties","refUnit":"kg"},"uncertainty":{"@type":"Uncertainty","distributionType":"LOG_NORMAL_DISTRIBUTION","geomMean":76500.0,"geomSd":1.729310125349922},"defaultProvider":{"@type":"Process","@id":"58455826-c751-3f65-872d-fa145363eff5","name":"market for glass fibre | glass fibre | Cutoff, U","category":"C:Manufacturing/23:Manufacture of other non-metallic mineral products/231:Manufacture of glass and glass products/2310:Manufacture of glass and glass products","processType":"UNIT_PROCESS","flowType":"PRODUCT_FLOW","location":"GLO"}},{"@type":"Exchange","isAvoidedProduct":false,"isInput":true,"amount":136000.0,"dqEntry":"(1;2;5;1;1)","description":"EcoSpold01Location\u003dRER\nData from 3 plants","internalId":8,"flow":{"@type":"Flow","@id":"0c826417-e870-4c43-95c4-b38ff2ff47d2","name":"excavation, hydraulic digger","category":"F:Construction/43:Specialized construction activities/431:Demolition and site preparation/4312:Site preparation","flowType":"PRODUCT_FLOW","refUnit":"m3"},"unit":{"@type":"Unit","@id":"1c3a9695-398d-4b1f-b07e-a8715b610f70","name":"m3"},"flowProperty":{"@type":"FlowProperty","@id":"93a60a56-a3c8-22da-a746-0800200c9a66","name":"Volume","category":"Technical flow properties","refUnit":"m3"},"uncertainty":{"@type":"Uncertainty","distributionType":"LOG_NORMAL_DISTRIBUTION","geomMean":136000.0,"geomSd":1.729310125349922},"defaultProvider":{"@type":"Process","@id":"70e8d16b-394f-3157-a3e8-03f6809a1823","name":"excavation, hydraulic digger | excavation, hydraulic digger | Cutoff, U","category":"F:Construction/43:Specialized construction activities/431:Demolition and site preparation/4312:Site preparation","processType":"UNIT_PROCESS","flowType":"PRODUCT_FLOW","location":"RER"}},{"@type":"Exchange","isAvoidedProduct":false,"isInput":false,"amount":19600.0,"dqEntry":"(1;2;2;1;1)","description":"EcoSpold01Location\u003dCH\nData from 3 plants","internalId":20,"flow":{"@type":"Flow","@id":"b28cfd95-443c-4abd-887d-8aec49e2b764","name":"waste bitumen sheet","category":"E:Water supply; sewerage, waste management and remediation activities/38:Waste collection, treatment and disposal activities; materials recovery/382:Waste treatment and disposal/3821:Treatment and disposal of non-hazardous waste","flowType":"WASTE_FLOW","refUnit":"kg"},"unit":{"@type":"Unit","@id":"20aadc24-a391-41cf-b340-3e4529f44bde","name":"kg"},"flowProperty":{"@type":"FlowProperty","@id":"93a60a56-a3c8-11da-a746-0800200b9a66","name":"Mass","category":"Technical flow properties","refUnit":"kg"},"uncertainty":{"@type":"Uncertainty","distributionType":"LOG_NORMAL_DISTRIBUTION","geomMean":-19600.0,"geomSd":1.729310125349922},"defaultProvider":{"@type":"Process","@id":"6733cc74-8088-3d91-a7d4-1af968576d06","name":"market for waste bitumen sheet | waste bitumen sheet | Cutoff, U","category":"D:Electricity, gas, steam and air conditioning supply/E:Water supply; sewerage, waste management and remediation activities/38:Waste collection, treatment and disposal activities; materials recovery/382:Waste treatment and disposal/3821:Treatment and disposal of non-hazardous waste","processType":"UNIT_PROCESS","flowType":"WASTE_FLOW","location":"CH"}},{"@type":"Exchange","isAvoidedProduct":false,"isInput":true,"amount":1480.0,"dqEntry":"(1;2;5;1;1)","description":"Data from 3 plants\nEcoSpold01Location\u003dCH","internalId":7,"flow":{"@type":"Flow","@id":"759b89bd-3aa6-42ad-b767-5bb9ef5d331d","name":"electricity, medium voltage","category":"D:Electricity, gas, steam and air conditioning supply/35:Electricity, gas, steam and air conditioning supply/351:Electric power generation, transmission and distribution/3510:Electric power generation, transmission and distribution","flowType":"PRODUCT_FLOW","refUnit":"MJ"},"unit":{"@type":"Unit","@id":"86ad2244-1f0e-4912-af53-7865283103e4","name":"kWh"},"flowProperty":{"@type":"FlowProperty","@id":"f6811440-ee37-11de-8a39-0800200c9a66","name":"Energy","category":"Technical flow properties","refUnit":"MJ"},"uncertainty":{"@type":"Uncertainty","distributionType":"LOG_NORMAL_DISTRIBUTION","geomMean":1480.0,"geomSd":1.729310125349922},"defaultProvider":{"@type":"Process","@id":"9a3a2f07-c918-3e95-b2a4-de75acdef7f0","name":"market for electricity, medium voltage | electricity, medium voltage | Cutoff, U","category":"D:Electricity, gas, steam and air conditioning supply/35:Electricity, gas, steam and air conditioning supply/351:Electric power generation, transmission and distribution/3510:Electric power generation, transmission and distribution","processType":"UNIT_PROCESS","flowType":"PRODUCT_FLOW","location":"CH"}},{"@type":"Exchange","isAvoidedProduct":false,"isInput":true,"amount":95500.0,"dqEntry":"(1;2;5;1;1)","description":"Data from 3 plants\nEcoSpold01Location\u003dRER","internalId":13,"flow":{"@type":"Flow","@id":"b685192a-e033-421e-9074-8fe7cb176046","name":"polyethylene, high density, granulate","category":"C:Manufacturing/20:Manufacture of chemicals and chemical products/201:Manufacture of basic chemicals, fertilizers and nitrogen compounds, plastics/2013:Manufacture of plastics and synthetic rubber in primary forms","flowType":"PRODUCT_FLOW","refUnit":"kg"},"unit":{"@type":"Unit","@id":"20aadc24-a391-41cf-b340-3e4529f44bde","name":"kg"},"flowProperty":{"@type":"FlowProperty","@id":"93a60a56-a3c8-11da-a746-0800200b9a66","name":"Mass","category":"Technical flow properties","refUnit":"kg"},"uncertainty":{"@type":"Uncertainty","distributionType":"LOG_NORMAL_DISTRIBUTION","geomMean":95500.0,"geomSd":1.729310125349922},"defaultProvider":{"@type":"Process","@id":"72c0f3e0-be4b-3736-8296-48c3923b4c2e","name":"market for polyethylene, high density, granulate | polyethylene, high density, granulate | Cutoff, U","category":"C:Manufacturing/20:Manufacture of chemicals and chemical products/201:Manufacture of basic chemicals, fertilizers and nitrogen compounds, plastics/2013:Manufacture of plastics and synthetic rubber in primary forms","processType":"UNIT_PROCESS","flowType":"PRODUCT_FLOW","location":"GLO"}},{"@type":"Exchange","isAvoidedProduct":false,"isInput":true,"amount":692000.0,"dqEntry":"(2;3;5;1;1)","description":"Estimate on land area from 3 plants, class capacity size  and building, operation time","internalId":27,"flow":{"@type":"Flow","@id":"fe9c3a98-a6d2-452d-a9a4-a13e64f1b95b","name":"Occupation, industrial area","category":"Elementary flows/Resource/land","flowType":"ELEMENTARY_FLOW","refUnit":"m2*a"},"unit":{"@type":"Unit","@id":"c7266b67-4ea2-457f-b391-9b94e26e195a","name":"m2*a"},"flowProperty":{"@type":"FlowProperty","@id":"93a60a56-a3c8-21da-a746-0800200c9a66","name":"Area*time","category":"Technical flow properties","refUnit":"m2*a"},"uncertainty":{"@type":"Uncertainty","distributionType":"LOG_NORMAL_DISTRIBUTION","geomMean":692000.0,"geomSd":1.2214027581601699}},{"@type":"Exchange","isAvoidedProduct":false,"isInput":true,"amount":23100.0,"dqEntry":"(2;3;5;1;1)","description":"Estimate on land area from 3 plants","internalId":28,"flow":{"@type":"Flow","@id":"2c126bcc-bb63-4d63-bd72-f02a1e616809","name":"Transformation, from pasture, man made","category":"Elementary flows/Resource/land","flowType":"ELEMENTARY_FLOW","refUnit":"m2"},"unit":{"@type":"Unit","@id":"3ce61faa-5716-41c1-aef6-b5920054acc9","name":"m2"},"flowProperty":{"@type":"FlowProperty","@id":"93a60a56-a3c8-19da-a746-0800200c9a66","name":"Area","category":"Technical flow properties","refUnit":"m2"},"uncertainty":{"@type":"Uncertainty","distributionType":"LOG_NORMAL_DISTRIBUTION","geomMean":23100.0,"geomSd":1.4139824580805163}},{"@type":"Exchange","isAvoidedProduct":false,"isInput":true,"amount":628.0,"dqEntry":"(1;2;5;1;1)","description":"Data from 3 plants\nEcoSpold01Location\u003dRER","internalId":14,"flow":{"@type":"Flow","@id":"947a85fa-114e-4d9e-b36c-3293e48ea5ae","name":"polyethylene, low density, granulate","category":"C:Manufacturing/20:Manufacture of chemicals and chemical products/201:Manufacture of basic chemicals, fertilizers and nitrogen compounds, plastics/2013:Manufacture of plastics and synthetic rubber in primary forms","flowType":"PRODUCT_FLOW","refUnit":"kg"},"unit":{"@type":"Unit","@id":"20aadc24-a391-41cf-b340-3e4529f44bde","name":"kg"},"flowProperty":{"@type":"FlowProperty","@id":"93a60a56-a3c8-11da-a746-0800200b9a66","name":"Mass","category":"Technical flow properties","refUnit":"kg"},"uncertainty":{"@type":"Uncertainty","distributionType":"LOG_NORMAL_DISTRIBUTION","geomMean":628.0,"geomSd":1.729310125349922},"defaultProvider":{"@type":"Process","@id":"26b0520d-e1e1-3dd1-977c-b80c0a03ecca","name":"market for polyethylene, low density, granulate | polyethylene, low density, granulate | Cutoff, U","category":"C:Manufacturing/20:Manufacture of chemicals and chemical products/201:Manufacture of basic chemicals, fertilizers and nitrogen compounds, plastics/2013:Manufacture of plastics and synthetic rubber in primary forms","processType":"UNIT_PROCESS","flowType":"PRODUCT_FLOW","location":"GLO"}},{"@type":"Exchange","isAvoidedProduct":false,"isInput":true,"amount":837000.0,"dqEntry":"(1;2;5;1;1)","description":"Data from 3 plants\nEcoSpold01Location\u003dCH","internalId":11,"flow":{"@type":"Flow","@id":"64cea105-f89a-4f95-ae44-84ff904a28fc","name":"limestone, crushed, washed","category":"B:Mining and quarrying/08:Other mining and quarrying/081:Quarrying of stone, sand and clay/0810:Quarrying of stone, sand and clay","flowType":"PRODUCT_FLOW","refUnit":"kg"},"unit":{"@type":"Unit","@id":"20aadc24-a391-41cf-b340-3e4529f44bde","name":"kg"},"flowProperty":{"@type":"FlowProperty","@id":"93a60a56-a3c8-11da-a746-0800200b9a66","name":"Mass","category":"Technical flow properties","refUnit":"kg"},"uncertainty":{"@type":"Uncertainty","distributionType":"LOG_NORMAL_DISTRIBUTION","geomMean":837000.0,"geomSd":1.729310125349922},"defaultProvider":{"@type":"Process","@id":"69fe8f05-100e-3df9-b918-51339a53720a","name":"market for limestone, crushed, washed | limestone, crushed, washed | Cutoff, U","category":"C:Manufacturing/B:Mining and quarrying/08:Other mining and quarrying/081:Quarrying of stone, sand and clay/0810:Quarrying of stone, sand and clay","processType":"UNIT_PROCESS","flowType":"PRODUCT_FLOW","location":"CH"}},{"@type":"Exchange","isAvoidedProduct":false,"isInput":true,"amount":33900.0,"dqEntry":"(1;2;5;1;1)","description":"Data from 3 plants\nEcoSpold01Location\u003dRER","internalId":2,"flow":{"@type":"Flow","@id":"a430f433-cdc8-45be-ace2-32a634634d3b","name":"aluminium, cast alloy","category":"C:Manufacturing/24:Manufacture of basic metals/242:Manufacture of basic precious and other non-ferrous metals/2420:Manufacture of basic precious and other non-ferrous metals","flowType":"PRODUCT_FLOW","refUnit":"kg"},"unit":{"@type":"Unit","@id":"20aadc24-a391-41cf-b340-3e4529f44bde","name":"kg"},"flowProperty":{"@type":"FlowProperty","@id":"93a60a56-a3c8-11da-a746-0800200b9a66","name":"Mass","category":"Technical flow properties","refUnit":"kg"},"uncertainty":{"@type":"Uncertainty","distributionType":"LOG_NORMAL_DISTRIBUTION","geomMean":33900.0,"geomSd":1.729310125349922},"defaultProvider":{"@type":"Process","@id":"c23585f8-85a0-3c0c-8385-4ebd72ea3117","name":"market for aluminium, cast alloy | aluminium, cast alloy | Cutoff, U","category":"C:Manufacturing/24:Manufacture of basic metals/242:Manufacture of basic precious and other non-ferrous metals/2420:Manufacture of basic precious and other non-ferrous metals","processType":"UNIT_PROCESS","flowType":"PRODUCT_FLOW","location":"GLO"}},{"@type":"Exchange","isAvoidedProduct":false,"isInput":true,"amount":96200.0,"dqEntry":"(1;2;5;1;1)","description":"Data from 3 plants\nEcoSpold01Location\u003dRER","internalId":9,"flow":{"@type":"Flow","@id":"579049d0-3db8-4496-a234-2f61ed28a72b","name":"extrusion, plastic film","category":"C:Manufacturing/22:Manufacture of rubber and plastics products/222:Manufacture of plastics products/2220:Manufacture of plastics products","flowType":"PRODUCT_FLOW","refUnit":"kg"},"unit":{"@type":"Unit","@id":"20aadc24-a391-41cf-b340-3e4529f44bde","name":"kg"},"flowProperty":{"@type":"FlowProperty","@id":"93a60a56-a3c8-11da-a746-0800200b9a66","name":"Mass","category":"Technical flow properties","refUnit":"kg"},"uncertainty":{"@type":"Uncertainty","distributionType":"LOG_NORMAL_DISTRIBUTION","geomMean":96200.0,"geomSd":1.729310125349922},"defaultProvider":{"@type":"Process","@id":"5277f752-c63c-362d-bbeb-674e084f2269","name":"extrusion, plastic film | extrusion, plastic film | Cutoff, U","category":"C:Manufacturing/22:Manufacture of rubber and plastics products/222:Manufacture of plastics products/2220:Manufacture of plastics products","processType":"UNIT_PROCESS","flowType":"PRODUCT_FLOW","location":"RER"}},{"@type":"Exchange","isAvoidedProduct":false,"isInput":true,"amount":39000.0,"dqEntry":"(1;2;5;1;1)","description":"EcoSpold01Location\u003dCH\nData from 3 plants","internalId":5,"flow":{"@type":"Flow","@id":"3fdbecc2-bb86-4c4b-8f5c-7b80e5e365c8","name":"concrete, 25MPa","category":"C:Manufacturing/23:Manufacture of other non-metallic mineral products/239:Manufacture of non-metallic mineral products n.e.c./2395:Manufacture of articles of concrete, cement and plaster","flowType":"PRODUCT_FLOW","refUnit":"m3"},"unit":{"@type":"Unit","@id":"1c3a9695-398d-4b1f-b07e-a8715b610f70","name":"m3"},"flowProperty":{"@type":"FlowProperty","@id":"93a60a56-a3c8-22da-a746-0800200c9a66","name":"Volume","category":"Technical flow properties","refUnit":"m3"},"uncertainty":{"@type":"Uncertainty","distributionType":"LOG_NORMAL_DISTRIBUTION","geomMean":39000.0,"geomSd":1.729310125349922},"defaultProvider":{"@type":"Process","@id":"8ed25dd8-369a-3d4d-b86f-a16097c59cd0","name":"market for concrete, 25MPa | concrete, 25MPa | Cutoff, U","category":"C:Manufacturing/23:Manufacture of other non-metallic mineral products/239:Manufacture of non-metallic mineral products n.e.c./2395:Manufacture of articles of concrete, cement and plaster","processType":"UNIT_PROCESS","flowType":"PRODUCT_FLOW","location":"CH"}},{"@type":"Exchange","isAvoidedProduct":false,"isInput":false,"amount":8.89E7,"dqEntry":"(1;2;2;1;1)","description":"EcoSpold01Location\u003dCH\nData from 3 plants","internalId":23,"flow":{"@type":"Flow","@id":"5357a067-f798-46fb-97b0-fa18f723341b","name":"waste reinforced concrete","category":"E:Water supply; sewerage, waste management and remediation activities/38:Waste collection, treatment and disposal activities; materials recovery/382:Waste treatment and disposal/3821:Treatment and disposal of non-hazardous waste","flowType":"WASTE_FLOW","refUnit":"kg"},"unit":{"@type":"Unit","@id":"20aadc24-a391-41cf-b340-3e4529f44bde","name":"kg"},"flowProperty":{"@type":"FlowProperty","@id":"93a60a56-a3c8-11da-a746-0800200b9a66","name":"Mass","category":"Technical flow properties","refUnit":"kg"},"uncertainty":{"@type":"Uncertainty","distributionType":"LOG_NORMAL_DISTRIBUTION","geomMean":-8.89E7,"geomSd":1.729310125349922},"defaultProvider":{"@type":"Process","@id":"ae877cac-8836-3aad-84e6-3281599cb934","name":"market for waste reinforced concrete | waste reinforced concrete | Cutoff, U","category":"D:Electricity, gas, steam and air conditioning supply/E:Water supply; sewerage, waste management and remediation activities/38:Waste collection, treatment and disposal activities; materials recovery/383:Materials recovery/3830:Materials recovery","processType":"UNIT_PROCESS","flowType":"WASTE_FLOW","location":"CH"}},{"@type":"Exchange","isAvoidedProduct":false,"isInput":true,"amount":19400.0,"dqEntry":"(1;2;5;1;1)","description":"EcoSpold01Location\u003dGLO\nData from 3 plants","internalId":3,"flow":{"@type":"Flow","@id":"73b452c8-3ac4-4993-86e4-fe0653467988","name":"chemical, inorganic","category":"C:Manufacturing/20:Manufacture of chemicals and chemical products/201:Manufacture of basic chemicals, fertilizers and nitrogen compounds, plastics/2011:Manufacture of basic chemicals","flowType":"PRODUCT_FLOW","refUnit":"kg"},"unit":{"@type":"Unit","@id":"20aadc24-a391-41cf-b340-3e4529f44bde","name":"kg"},"flowProperty":{"@type":"FlowProperty","@id":"93a60a56-a3c8-11da-a746-0800200b9a66","name":"Mass","category":"Technical flow properties","refUnit":"kg"},"uncertainty":{"@type":"Uncertainty","distributionType":"LOG_NORMAL_DISTRIBUTION","geomMean":19400.0,"geomSd":1.729310125349922},"defaultProvider":{"@type":"Process","@id":"6e981a66-a1eb-3cec-890f-f88649d93b21","name":"market for chemical, inorganic | chemical, inorganic | Cutoff, U","category":"C:Manufacturing/20:Manufacture of chemicals and chemical products/201:Manufacture of basic chemicals, fertilizers and nitrogen compounds, plastics/2011:Manufacture of basic chemicals","processType":"UNIT_PROCESS","flowType":"PRODUCT_FLOW","location":"GLO"}},{"@type":"Exchange","isAvoidedProduct":false,"isInput":true,"amount":243000.0,"dqEntry":"(1;2;5;1;1)","description":"Data from 3 plants\nEcoSpold01Location\u003dRER","internalId":16,"flow":{"@type":"Flow","@id":"c5246dbb-0abd-4bee-8dda-d52a1b202322","name":"steel, chromium steel 18/8, hot rolled","category":"C:Manufacturing/24:Manufacture of basic metals/241:Manufacture of basic iron and steel/2410:Manufacture of basic iron and steel","flowType":"PRODUCT_FLOW","refUnit":"kg"},"unit":{"@type":"Unit","@id":"20aadc24-a391-41cf-b340-3e4529f44bde","name":"kg"},"flowProperty":{"@type":"FlowProperty","@id":"93a60a56-a3c8-11da-a746-0800200b9a66","name":"Mass","category":"Technical flow properties","refUnit":"kg"},"uncertainty":{"@type":"Uncertainty","distributionType":"LOG_NORMAL_DISTRIBUTION","geomMean":243000.0,"geomSd":1.729310125349922},"defaultProvider":{"@type":"Process","@id":"5f79ad9b-1636-3233-83a4-151ad9047b74","name":"market for steel, chromium steel 18/8, hot rolled | steel, chromium steel 18/8, hot rolled | Cutoff, U","category":"C:Manufacturing/24:Manufacture of basic metals/241:Manufacture of basic iron and steel/2410:Manufacture of basic iron and steel","processType":"UNIT_PROCESS","flowType":"PRODUCT_FLOW","location":"GLO"}},{"@type":"Exchange","isAvoidedProduct":false,"isInput":true,"amount":23100.0,"dqEntry":"(2;3;5;1;1)","description":"Estimate on land area from 3 plants, class capacity size  and building, operation time","internalId":26,"flow":{"@type":"Flow","@id":"4b6b9b76-3199-4bd0-b11d-f8f2efbeac4e","name":"Occupation, construction site","category":"Elementary flows/Resource/land","flowType":"ELEMENTARY_FLOW","refUnit":"m2*a"},"unit":{"@type":"Unit","@id":"c7266b67-4ea2-457f-b391-9b94e26e195a","name":"m2*a"},"flowProperty":{"@type":"FlowProperty","@id":"93a60a56-a3c8-21da-a746-0800200c9a66","name":"Area*time","category":"Technical flow properties","refUnit":"m2*a"},"uncertainty":{"@type":"Uncertainty","distributionType":"LOG_NORMAL_DISTRIBUTION","geomMean":23100.0,"geomSd":1.2214027581601699}},{"@type":"Exchange","isAvoidedProduct":false,"isInput":false,"amount":131000.0,"dqEntry":"(1;2;2;1;1)","description":"EcoSpold01Location\u003dCH\nData from 3 plants","internalId":22,"flow":{"@type":"Flow","@id":"5bf224ae-3af5-4eb2-9493-330c16472ca2","name":"waste polyethylene/polypropylene product","category":"E:Water supply; sewerage, waste management and remediation activities/38:Waste collection, treatment and disposal activities; materials recovery/382:Waste treatment and disposal/3821:Treatment and disposal of non-hazardous waste","flowType":"WASTE_FLOW","refUnit":"kg"},"unit":{"@type":"Unit","@id":"20aadc24-a391-41cf-b340-3e4529f44bde","name":"kg"},"flowProperty":{"@type":"FlowProperty","@id":"93a60a56-a3c8-11da-a746-0800200b9a66","name":"Mass","category":"Technical flow properties","refUnit":"kg"},"uncertainty":{"@type":"Uncertainty","distributionType":"LOG_NORMAL_DISTRIBUTION","geomMean":-131000.0,"geomSd":1.729310125349922},"defaultProvider":{"@type":"Process","@id":"06374f82-bc1b-3976-ad02-85aeea272df0","name":"market for waste polyethylene/polypropylene product | waste polyethylene/polypropylene product | Cutoff, U","category":"D:Electricity, gas, steam and air conditioning supply/E:Water supply; sewerage, waste management and remediation activities/38:Waste collection, treatment and disposal activities; materials recovery/382:Waste treatment and disposal/3821:Treatment and disposal of non-hazardous waste","processType":"UNIT_PROCESS","flowType":"WASTE_FLOW","location":"CH"}},{"@type":"Exchange","isAvoidedProduct":false,"isInput":false,"amount":4046.0,"dqEntry":"(2;2;5;1;1)","description":"Calculated value based on literature values and expert opinion. See comments in the parametres\u0027 comment field.","internalId":25,"flow":{"@type":"Flow","@id":"f6080ed9-2b32-318e-9873-fdcf738eb819","name":"Water, CH","category":"Elementary flows/Emission to water/unspecified","flowType":"ELEMENTARY_FLOW","refUnit":"m3"},"unit":{"@type":"Unit","@id":"1c3a9695-398d-4b1f-b07e-a8715b610f70","name":"m3"},"flowProperty":{"@type":"FlowProperty","@id":"93a60a56-a3c8-22da-a746-0800200c9a66","name":"Volume","category":"Technical flow properties","refUnit":"m3"},"uncertainty":{"@type":"Uncertainty","distributionType":"LOG_NORMAL_DISTRIBUTION","geomMean":4046.0,"geomSd":1.2214027581601699}},{"@type":"Exchange","isAvoidedProduct":false,"isInput":true,"amount":159000.0,"dqEntry":"(1;2;5;1;1)","description":"EcoSpold01Location\u003dGLO\nData from 3 plants","internalId":4,"flow":{"@type":"Flow","@id":"2be73167-58e8-4706-a68f-167c80df9f72","name":"chemical, organic","category":"C:Manufacturing/20:Manufacture of chemicals and chemical products/201:Manufacture of basic chemicals, fertilizers and nitrogen compounds, plastics","flowType":"PRODUCT_FLOW","refUnit":"kg"},"unit":{"@type":"Unit","@id":"20aadc24-a391-41cf-b340-3e4529f44bde","name":"kg"},"flowProperty":{"@type":"FlowProperty","@id":"93a60a56-a3c8-11da-a746-0800200b9a66","name":"Mass","category":"Technical flow properties","refUnit":"kg"},"uncertainty":{"@type":"Uncertainty","distributionType":"LOG_NORMAL_DISTRIBUTION","geomMean":159000.0,"geomSd":1.729310125349922},"defaultProvider":{"@type":"Process","@id":"4beff171-b8bf-388f-9b6b-141959c9e0a2","name":"market for chemical, organic | chemical, organic | Cutoff, U","category":"C:Manufacturing/20:Manufacture of chemicals and chemical products/201:Manufacture of basic chemicals, fertilizers and nitrogen compounds, plastics","processType":"UNIT_PROCESS","flowType":"PRODUCT_FLOW","location":"GLO"}},{"@type":"Exchange","isAvoidedProduct":false,"isInput":true,"amount":19600.0,"dqEntry":"(1;2;5;1;1)","description":"Data from 3 plants\nEcoSpold01Location\u003dCH","internalId":12,"flow":{"@type":"Flow","@id":"e7a17355-8575-4be4-8c51-85e38b19b3f3","name":"pitch","category":"C:Manufacturing/19:Manufacture of coke and refined petroleum products/192:Manufacture of refined petroleum products/1920:Manufacture of refined petroleum products","flowType":"PRODUCT_FLOW","refUnit":"kg"},"unit":{"@type":"Unit","@id":"20aadc24-a391-41cf-b340-3e4529f44bde","name":"kg"},"flowProperty":{"@type":"FlowProperty","@id":"93a60a56-a3c8-11da-a746-0800200b9a66","name":"Mass","category":"Technical flow properties","refUnit":"kg"},"uncertainty":{"@type":"Uncertainty","distributionType":"LOG_NORMAL_DISTRIBUTION","geomMean":19600.0,"geomSd":1.729310125349922},"defaultProvider":{"@type":"Process","@id":"104a0637-6792-3cb7-b9a7-b9908bee6af3","name":"market for pitch | pitch | Cutoff, U","category":"C:Manufacturing/19:Manufacture of coke and refined petroleum products/192:Manufacture of refined petroleum products/1920:Manufacture of refined petroleum products","processType":"UNIT_PROCESS","flowType":"PRODUCT_FLOW","location":"CH"}},{"@type":"Exchange","isAvoidedProduct":false,"isInput":true,"amount":36000.0,"dqEntry":"(1;2;5;1;1)","description":"EcoSpold01Location\u003dRER\nData from 3 plants","internalId":6,"flow":{"@type":"Flow","@id":"fbb039f7-f9cc-46d2-b631-313ddb125c1a","name":"copper, cathode","category":"C:Manufacturing/24:Manufacture of basic metals/242:Manufacture of basic precious and other non-ferrous metals/2420:Manufacture of basic precious and other non-ferrous metals","flowType":"PRODUCT_FLOW","refUnit":"kg"},"unit":{"@type":"Unit","@id":"20aadc24-a391-41cf-b340-3e4529f44bde","name":"kg"},"flowProperty":{"@type":"FlowProperty","@id":"93a60a56-a3c8-11da-a746-0800200b9a66","name":"Mass","category":"Technical flow properties","refUnit":"kg"},"uncertainty":{"@type":"Uncertainty","distributionType":"LOG_NORMAL_DISTRIBUTION","geomMean":36000.0,"geomSd":1.729310125349922},"defaultProvider":{"@type":"Process","@id":"d479207c-e4c8-32f8-b053-7528f1f4096b","name":"market for copper, cathode | copper, cathode | Cutoff, U","category":"C:Manufacturing/24:Manufacture of basic metals/242:Manufacture of basic precious and other non-ferrous metals/2420:Manufacture of basic precious and other non-ferrous metals","processType":"UNIT_PROCESS","flowType":"PRODUCT_FLOW","location":"GLO"}}],"socialAspects":[],"allocationFactors":[]}