{"@type":"Process","@id":"bbbe047c-b532-4038-998e-50d8d75baf3c","name":"waste paper, unsorted, sorting","description":"This activity represents the treatment of 1 kg waste paper from separate collection, i.e. a source-segregated municipal solid waste fraction, through sorting for recycling. The activity starts with receiving the unsorted waste paper, as collected from the households, at the sorting facility and ends when sorted fractions are produced.  The activity starts with \"waste paper, unsorted\" being available to the sorting facility. The activity ends with \"waste paper, unsorted\" being sorted and \"waste paper, sorted\" available for transportation at the gate of the sorting facility. Dataset documentation: https://v391.ecoquery.ecoinvent.org/Details/UPR/0fc3eef1-081c-421f-92a0-6208e6208a42/dd7f13f5-0658-489c-a19c-f2ff8a00bdd9","category":"MSW/Current Management/USA/paper management","version":"03.06.010","lastChange":"2024-02-24T08:55:59.250Z","processType":"UNIT_PROCESS","isInfrastructureProcess":false,"processDocumentation":{"timeDescription":"Data mainly reflecting situation in Switzerland in 2012.","technologyDescription":"Technology encountered in Switzerland for the underlying time frame.","dataTreatmentDescription":"The activity ‘treatment of waste paper, unsorted, sorting {CH}’ available in v3.3 was used as the starting point for this activity, assuming that the energy need, auxiliary materials and waste content were similar. However, all the waste material flows were replaced with the values reported in the material flow analysis by Haupt et al. (2017).","isCopyrightProtected":true,"geographyDescription":"Data are sourced from plants located or activities taking place in Switzerland and/or relevant literature sources.","creationDate":"2019-12-13T12:38:11","validFrom":"2012-01-01","validUntil":"2022-12-31","dataDocumentor":{"@type":"Actor","@id":"b894ebe8-6bd4-4a0d-9942-bc769d1ad25d","name":"Melanie Haupt"},"dataGenerator":{"@type":"Actor","@id":"b894ebe8-6bd4-4a0d-9942-bc769d1ad25d","name":"Melanie Haupt"},"publication":{"@type":"Source","@id":"a2851091-3f17-41da-83db-87dc7251a350","name":"Melanie Haupt2018"}},"lastInternalId":17,"exchangeDqSystem":{"@type":"DQSystem","@id":"e7ac7cf6-5457-453e-99f9-d889826fffe8","name":"Ecoinvent Data Quality System"},"parameters":[],"exchanges":[{"@type":"Exchange","isAvoidedProduct":false,"isInput":true,"amount":0.0090731707,"dqEntry":"(4;3;5;3;1)","description":"Exchange modelled based on previous versions of this dataset in the ecoinvent database, i.e. in v2: waste paper, sorted, for further treatment, CH, and; in v3 (up until 3.6): treatment of waste paper, unsorted, sorting, CH","internalId":2,"flow":{"@type":"Flow","@id":"759b89bd-3aa6-42ad-b767-5bb9ef5d331d","name":"electricity, medium voltage","category":"D:Electricity, gas, steam and air conditioning supply/35:Electricity, gas, steam and air conditioning supply/351:Electric power generation, transmission and distribution/3510:Electric power generation, transmission and distribution","flowType":"PRODUCT_FLOW","refUnit":"MJ"},"unit":{"@type":"Unit","@id":"86ad2244-1f0e-4912-af53-7865283103e4","name":"kWh"},"flowProperty":{"@type":"FlowProperty","@id":"f6811440-ee37-11de-8a39-0800200c9a66","name":"Energy","category":"Technical flow properties","refUnit":"MJ"},"uncertainty":{"@type":"Uncertainty","distributionType":"LOG_NORMAL_DISTRIBUTION","geomMean":0.0090731707,"geomSd":1.0247973619913604},"defaultProvider":{"@type":"Process","@id":"9b046bbe-6327-35fb-b535-c9f895c96a78","name":"market for electricity, medium voltage | electricity, medium voltage | Consequential, U","category":"D:Electricity, gas, steam and air conditioning supply/35:Electricity, gas, steam and air conditioning supply/351:Electric power generation, transmission and distribution/3510:Electric power generation, transmission and distribution","processType":"UNIT_PROCESS","flowType":"PRODUCT_FLOW","location":"CH"}},{"@type":"Exchange","isAvoidedProduct":false,"isInput":true,"amount":1.1707317E-5,"dqEntry":"(3;4;5;3;1)","description":"Exchange modelled based on previous versions of this dataset in the ecoinvent database, i.e. in v2: waste paper, sorted, for further treatment, CH, and; in v3 (up until 3.6): treatment of waste paper, unsorted, sorting, CH","internalId":4,"flow":{"@type":"Flow","@id":"ea75b944-c676-4a13-85b8-2bea98f765a4","name":"lubricating oil","category":"C:Manufacturing/19:Manufacture of coke and refined petroleum products/192:Manufacture of refined petroleum products/1920:Manufacture of refined petroleum products","flowType":"PRODUCT_FLOW","refUnit":"kg"},"unit":{"@type":"Unit","@id":"20aadc24-a391-41cf-b340-3e4529f44bde","name":"kg"},"flowProperty":{"@type":"FlowProperty","@id":"93a60a56-a3c8-11da-a746-0800200b9a66","name":"Mass","category":"Technical flow properties","refUnit":"kg"},"uncertainty":{"@type":"Uncertainty","distributionType":"LOG_NORMAL_DISTRIBUTION","geomMean":1.1707317E-5,"geomSd":1.0247973619913604},"defaultProvider":{"@type":"Process","@id":"9c85ea95-6d00-3737-b6e2-0439df621c4a","name":"market for lubricating oil | lubricating oil | Consequential, U","category":"C:Manufacturing/19:Manufacture of coke and refined petroleum products/192:Manufacture of refined petroleum products/1920:Manufacture of refined petroleum products","processType":"UNIT_PROCESS","flowType":"PRODUCT_FLOW","location":"RER"}},{"@type":"Exchange","isAvoidedProduct":false,"isInput":true,"amount":5.9121951E-10,"dqEntry":"(4;5;5;5;5)","description":"Input of (immobile) infrastructure modelled with an activity link to the supplying activity (construction) of matching/overlapping geography.","internalId":9,"flow":{"@type":"Flow","@id":"1cf35746-90ec-4584-9226-c5b979d90cda","name":"waste paper sorting facility","category":"F:Construction/42:Civil engineering/429:Construction of other civil engineering projects/4290:Construction of other civil engineering projects","flowType":"PRODUCT_FLOW","refUnit":"Item(s)"},"unit":{"@type":"Unit","@id":"6dabe201-aaac-4509-92f0-d00c26cb72ab","name":"Item(s)"},"flowProperty":{"@type":"FlowProperty","@id":"01846770-4cfe-4a25-8ad9-919d8d378345","name":"Number of items","category":"Technical flow properties","refUnit":"Item(s)"},"uncertainty":{"@type":"Uncertainty","distributionType":"LOG_NORMAL_DISTRIBUTION","geomMean":5.9121951E-10,"geomSd":1.0247973619913604},"defaultProvider":{"@type":"Process","@id":"0a18fc14-7941-3f82-bbe9-84ca66a3ed33","name":"waste paper sorting facility construction | waste paper sorting facility | Consequential, U","category":"F:Construction/42:Civil engineering/429:Construction of other civil engineering projects/4290:Construction of other civil engineering projects","processType":"UNIT_PROCESS","flowType":"PRODUCT_FLOW","location":"RER"}},{"@type":"Exchange","isAvoidedProduct":false,"isInput":true,"amount":0.014214634,"dqEntry":"(3;4;5;3;1)","description":"Exchange modelled based on previous versions of this dataset in the ecoinvent database, i.e. in v2: waste paper, sorted, for further treatment, CH, and; in v3 (up until 3.6): treatment of waste paper, unsorted, sorting, CH","internalId":3,"flow":{"@type":"Flow","@id":"dd80f0f2-f4d5-40f0-9035-09c1a7f3f07b","name":"heat, central or small-scale, other than natural gas","category":"D:Electricity, gas, steam and air conditioning supply/35:Electricity, gas, steam and air conditioning supply/353:Steam and air conditioning supply/3530:Steam and air conditioning supply","flowType":"PRODUCT_FLOW","refUnit":"MJ"},"unit":{"@type":"Unit","@id":"52765a6c-3896-43c2-b2f4-c679acf13efe","name":"MJ"},"flowProperty":{"@type":"FlowProperty","@id":"f6811440-ee37-11de-8a39-0800200c9a66","name":"Energy","category":"Technical flow properties","refUnit":"MJ"},"uncertainty":{"@type":"Uncertainty","distributionType":"LOG_NORMAL_DISTRIBUTION","geomMean":0.014214634,"geomSd":1.0247973619913604},"defaultProvider":{"@type":"Process","@id":"87869d33-2ed6-33df-a157-d8dbefccb1c3","name":"market for heat, central or small-scale, other than natural gas | heat, central or small-scale, other than natural gas | Consequential, U","category":"D:Electricity, gas, steam and air conditioning supply/35:Electricity, gas, steam and air conditioning supply/353:Steam and air conditioning supply/3530:Steam and air conditioning supply","processType":"UNIT_PROCESS","flowType":"PRODUCT_FLOW","location":"CH"}},{"@type":"Exchange","isAvoidedProduct":false,"isInput":true,"amount":0.001,"costValue":0.093,"currency":{"@type":"Currency","@id":"7de74e65-ff97-404f-bf57-5d2a9134fb43","name":"Euro","refUnit":"EUR"},"internalId":16,"flow":{"@type":"Flow","@id":"ce764119-025a-4ad3-a375-8af2a740a936","name":"recycle（paper）","category":"MSW/paper","flowType":"WASTE_FLOW","refUnit":"kg"},"unit":{"@type":"Unit","@id":"83192ffa-5990-490b-a23a-b45ca072db6f","name":"t"},"flowProperty":{"@type":"FlowProperty","@id":"93a60a56-a3c8-11da-a746-0800200b9a66","name":"Mass","category":"Technical flow properties","refUnit":"kg"},"isQuantitativeReference":true},{"@type":"Exchange","isAvoidedProduct":false,"isInput":false,"amount":0.986,"costValue":0.102544,"currency":{"@type":"Currency","@id":"7de74e65-ff97-404f-bf57-5d2a9134fb43","name":"Euro","refUnit":"EUR"},"internalId":17,"flow":{"@type":"Flow","@id":"5208cbff-1c6d-49fa-a4a6-c2081129d077","name":"waste paper, sorted","category":"MSW/recycled products","flowType":"ELEMENTARY_FLOW","refUnit":"kg"},"unit":{"@type":"Unit","@id":"20aadc24-a391-41cf-b340-3e4529f44bde","name":"kg"},"flowProperty":{"@type":"FlowProperty","@id":"93a60a56-a3c8-11da-a746-0800200b9a66","name":"Mass","category":"Technical flow properties","refUnit":"kg"}}],"socialAspects":[],"allocationFactors":[]}