{"@type":"Flow","@id":"006863b7-d736-4eb6-bbf8-648d292184ad","name":"building, multi-storey","description":"EcoSpold 2 intermediate exchange, ID \u003d 006863b7-d736-4eb6-bbf8-648d292184ad","category":"F:Construction/41:Construction of buildings/410:Construction of buildings/4100:Construction of buildings","version":"00.00.003","lastChange":"2022-12-15T18:23:28.515Z","flowType":"PRODUCT_FLOW","isInfrastructureFlow":false,"flowProperties":[{"@type":"FlowPropertyFactor","isRefFlowProperty":true,"flowProperty":{"@type":"FlowProperty","@id":"93a60a56-a3c8-22da-a746-0800200c9a66","name":"Volume","category":"Technical flow properties","refUnit":"m3"},"conversionFactor":1.0}]}