{"@type":"Flow","@id":"099b36ab-4c03-4587-87f4-2f81e337afb8","name":"Carbon monoxide, fossil","description":"EcoSpold 2 elementary exchange, ID \u003d 099b36ab-4c03-4587-87f4-2f81e337afb8","category":"Elementary flows/Emission to air/low population density","version":"00.00.000","flowType":"ELEMENTARY_FLOW","isInfrastructureFlow":false,"flowProperties":[{"@type":"FlowPropertyFactor","isRefFlowProperty":true,"flowProperty":{"@type":"FlowProperty","@id":"93a60a56-a3c8-11da-a746-0800200b9a66","name":"Mass","category":"Technical flow properties","refUnit":"kg"},"conversionFactor":1.0}]}