{"@type":"Flow","@id":"15278529-8caa-40b7-95a6-f3098897516c","name":"organic fertiliser","description":"","category":"MSW/recycled products","version":"00.00.000","lastChange":"2024-02-24T08:35:43.858Z","flowType":"ELEMENTARY_FLOW","isInfrastructureFlow":false,"flowProperties":[{"@type":"FlowPropertyFactor","isRefFlowProperty":true,"flowProperty":{"@type":"FlowProperty","@id":"93a60a56-a3c8-11da-a746-0800200b9a66","name":"Mass","category":"Technical flow properties","refUnit":"kg"},"conversionFactor":1.0}]}