{"@type":"Flow","@id":"152e5a83-96e8-4f54-af42-4f0925a771ac","name":"Heat, waste","description":"EcoSpold 2 elementary exchange, ID \u003d 152e5a83-96e8-4f54-af42-4f0925a771ac","category":"Elementary flows/Emission to water/surface water","version":"00.00.000","flowType":"ELEMENTARY_FLOW","isInfrastructureFlow":false,"flowProperties":[{"@type":"FlowPropertyFactor","isRefFlowProperty":true,"flowProperty":{"@type":"FlowProperty","@id":"f6811440-ee37-11de-8a39-0800200c9a66","name":"Energy","category":"Technical flow properties","refUnit":"MJ"},"conversionFactor":1.0}]}