{"@type":"Flow","@id":"1727b41d-377e-43cd-bc01-9eaba946eccb","name":"Phosphate","description":"EcoSpold 2 elementary exchange, ID \u003d 1727b41d-377e-43cd-bc01-9eaba946eccb","category":"Elementary flows/Emission to water/surface water","version":"00.00.000","flowType":"ELEMENTARY_FLOW","isInfrastructureFlow":false,"flowProperties":[{"@type":"FlowPropertyFactor","isRefFlowProperty":true,"flowProperty":{"@type":"FlowProperty","@id":"93a60a56-a3c8-11da-a746-0800200b9a66","name":"Mass","category":"Technical flow properties","refUnit":"kg"},"conversionFactor":1.0}]}