{"@type":"Flow","@id":"175baa64-d985-4c5e-84ef-67cc3a1cf952","name":"NMVOC, non-methane volatile organic compounds","description":"EcoSpold 2 elementary exchange, ID \u003d 175baa64-d985-4c5e-84ef-67cc3a1cf952","category":"Elementary flows/Emission to air/high population density","version":"00.00.000","flowType":"ELEMENTARY_FLOW","isInfrastructureFlow":false,"flowProperties":[{"@type":"FlowPropertyFactor","isRefFlowProperty":true,"flowProperty":{"@type":"FlowProperty","@id":"93a60a56-a3c8-11da-a746-0800200b9a66","name":"Mass","category":"Technical flow properties","refUnit":"kg"},"conversionFactor":1.0}]}