{"@type":"Flow","@id":"17a5a406-333f-4b9e-8852-c2de50bc9585","name":"Transformation, from shrub land, sclerophyllous","description":"EcoSpold 2 elementary exchange, ID \u003d 17a5a406-333f-4b9e-8852-c2de50bc9585","category":"Elementary flows/Resource/land","version":"00.00.000","flowType":"ELEMENTARY_FLOW","isInfrastructureFlow":false,"flowProperties":[{"@type":"FlowPropertyFactor","isRefFlowProperty":true,"flowProperty":{"@type":"FlowProperty","@id":"93a60a56-a3c8-19da-a746-0800200c9a66","name":"Area","category":"Technical flow properties","refUnit":"m2"},"conversionFactor":1.0}]}