{"@type":"Flow","@id":"1a568858-efa8-4c2a-b46e-82b6e66b6072","name":"Transformation, to dump site, sanitary landfill","description":"EcoSpold 2 elementary exchange, ID \u003d 1a568858-efa8-4c2a-b46e-82b6e66b6072","category":"Elementary flows/Resource/land","version":"00.00.000","flowType":"ELEMENTARY_FLOW","isInfrastructureFlow":false,"flowProperties":[{"@type":"FlowPropertyFactor","isRefFlowProperty":true,"flowProperty":{"@type":"FlowProperty","@id":"93a60a56-a3c8-19da-a746-0800200c9a66","name":"Area","category":"Technical flow properties","refUnit":"m2"},"conversionFactor":1.0}]}