{"@type":"Flow","@id":"26efe47c-92a5-4dea-b4d0-eac13e418a58","name":"Occupation, traffic area, road network","description":"EcoSpold 2 elementary exchange, ID \u003d 26efe47c-92a5-4dea-b4d0-eac13e418a58","category":"Elementary flows/Resource/land","version":"00.00.000","flowType":"ELEMENTARY_FLOW","isInfrastructureFlow":false,"flowProperties":[{"@type":"FlowPropertyFactor","isRefFlowProperty":true,"flowProperty":{"@type":"FlowProperty","@id":"93a60a56-a3c8-21da-a746-0800200c9a66","name":"Area*time","category":"Technical flow properties","refUnit":"m2*a"},"conversionFactor":1.0}]}