{"@type":"Flow","@id":"291fc06d-1b3e-4077-aabb-346b588ed24b","name":"diesel","description":"EcoSpold 2 intermediate exchange, ID \u003d 291fc06d-1b3e-4077-aabb-346b588ed24b","category":"C:Manufacturing/19:Manufacture of coke and refined petroleum products/192:Manufacture of refined petroleum products/1920:Manufacture of refined petroleum products","version":"00.00.003","lastChange":"2022-12-15T18:23:23.466Z","flowType":"PRODUCT_FLOW","isInfrastructureFlow":false,"flowProperties":[{"@type":"FlowPropertyFactor","isRefFlowProperty":true,"flowProperty":{"@type":"FlowProperty","@id":"93a60a56-a3c8-11da-a746-0800200b9a66","name":"Mass","category":"Technical flow properties","refUnit":"kg"},"conversionFactor":1.0}]}