{"@type":"Flow","@id":"2a478bad-9f24-4208-a86c-3683f9b69610","name":"quicklime, milled, packed","description":"EcoSpold 2 intermediate exchange, ID \u003d 2a478bad-9f24-4208-a86c-3683f9b69610","category":"C:Manufacturing/23:Manufacture of other non-metallic mineral products/239:Manufacture of non-metallic mineral products n.e.c./2394:Manufacture of cement, lime and plaster","version":"00.00.003","lastChange":"2022-12-15T18:23:24.406Z","flowType":"PRODUCT_FLOW","isInfrastructureFlow":false,"flowProperties":[{"@type":"FlowPropertyFactor","isRefFlowProperty":true,"flowProperty":{"@type":"FlowProperty","@id":"93a60a56-a3c8-11da-a746-0800200b9a66","name":"Mass","category":"Technical flow properties","refUnit":"kg"},"conversionFactor":1.0}]}