{"@type":"Flow","@id":"2c872773-0a29-4831-93b9-d49b116fa7d5","name":"Barium II","description":"EcoSpold 2 elementary exchange, ID \u003d 2c872773-0a29-4831-93b9-d49b116fa7d5","category":"Elementary flows/Emission to water/surface water","version":"00.00.000","flowType":"ELEMENTARY_FLOW","isInfrastructureFlow":false,"flowProperties":[{"@type":"FlowPropertyFactor","isRefFlowProperty":true,"flowProperty":{"@type":"FlowProperty","@id":"93a60a56-a3c8-11da-a746-0800200b9a66","name":"Mass","category":"Technical flow properties","refUnit":"kg"},"conversionFactor":1.0}]}