{"@type":"Flow","@id":"3372cdea-bef5-4186-9ae6-b67a016aa67d","name":"soap","description":"EcoSpold 2 intermediate exchange, ID \u003d 3372cdea-bef5-4186-9ae6-b67a016aa67d","category":"C:Manufacturing/10:Manufacture of food products/104:Manufacture of vegetable and animal oils and fats/1040:Manufacture of vegetable and animal oils and fats","version":"00.00.003","lastChange":"2022-12-15T18:23:23.205Z","flowType":"PRODUCT_FLOW","isInfrastructureFlow":false,"flowProperties":[{"@type":"FlowPropertyFactor","isRefFlowProperty":true,"flowProperty":{"@type":"FlowProperty","@id":"93a60a56-a3c8-11da-a746-0800200b9a66","name":"Mass","category":"Technical flow properties","refUnit":"kg"},"conversionFactor":1.0}]}