{"@type":"Flow","@id":"33b38ccb-593b-4b11-b965-10d747ba3556","name":"NMVOC, non-methane volatile organic compounds","description":"EcoSpold 2 elementary exchange, ID \u003d 33b38ccb-593b-4b11-b965-10d747ba3556","category":"Elementary flows/Emission to air/low population density","version":"00.00.000","flowType":"ELEMENTARY_FLOW","isInfrastructureFlow":false,"flowProperties":[{"@type":"FlowPropertyFactor","isRefFlowProperty":true,"flowProperty":{"@type":"FlowProperty","@id":"93a60a56-a3c8-11da-a746-0800200b9a66","name":"Mass","category":"Technical flow properties","refUnit":"kg"},"conversionFactor":1.0}]}