{"@type":"Flow","@id":"361a64cb-ab76-4a72-9ea1-c07d6a20c124","name":"Silver","description":"EcoSpold 2 elementary exchange, ID \u003d 361a64cb-ab76-4a72-9ea1-c07d6a20c124","category":"Elementary flows/Resource/in ground","version":"00.00.000","flowType":"ELEMENTARY_FLOW","isInfrastructureFlow":false,"flowProperties":[{"@type":"FlowPropertyFactor","isRefFlowProperty":true,"flowProperty":{"@type":"FlowProperty","@id":"93a60a56-a3c8-11da-a746-0800200b9a66","name":"Mass","category":"Technical flow properties","refUnit":"kg"},"conversionFactor":1.0}]}