{"@type":"Flow","@id":"3ea5684a-6d64-4f96-8c09-1d90f997c9d4","name":"Antimony ion","description":"EcoSpold 2 elementary exchange, ID \u003d 3ea5684a-6d64-4f96-8c09-1d90f997c9d4","category":"Elementary flows/Emission to air/high population density","version":"00.00.000","flowType":"ELEMENTARY_FLOW","isInfrastructureFlow":false,"flowProperties":[{"@type":"FlowPropertyFactor","isRefFlowProperty":true,"flowProperty":{"@type":"FlowProperty","@id":"93a60a56-a3c8-11da-a746-0800200b9a66","name":"Mass","category":"Technical flow properties","refUnit":"kg"},"conversionFactor":1.0}]}