{"@type":"Flow","@id":"40229ebf-9346-4f20-910a-f8ea3bd88d44","name":"Copper ion","description":"EcoSpold 2 elementary exchange, ID \u003d 40229ebf-9346-4f20-910a-f8ea3bd88d44","category":"Elementary flows/Emission to water/ground water, long-term","version":"00.00.000","flowType":"ELEMENTARY_FLOW","isInfrastructureFlow":false,"flowProperties":[{"@type":"FlowPropertyFactor","isRefFlowProperty":true,"flowProperty":{"@type":"FlowProperty","@id":"93a60a56-a3c8-11da-a746-0800200b9a66","name":"Mass","category":"Technical flow properties","refUnit":"kg"},"conversionFactor":1.0}]}