{"@type":"Flow","@id":"4295ed5b-9824-4bbf-97a4-fc4cabd87f0d","name":"Strontium","description":"EcoSpold 2 elementary exchange, ID \u003d 4295ed5b-9824-4bbf-97a4-fc4cabd87f0d","category":"Elementary flows/Emission to water/surface water","version":"00.00.000","flowType":"ELEMENTARY_FLOW","isInfrastructureFlow":false,"flowProperties":[{"@type":"FlowPropertyFactor","isRefFlowProperty":true,"flowProperty":{"@type":"FlowProperty","@id":"93a60a56-a3c8-11da-a746-0800200b9a66","name":"Mass","category":"Technical flow properties","refUnit":"kg"},"conversionFactor":1.0}]}