{"@type":"Flow","@id":"442511cc-a98b-4242-9229-5736cb9a9399","name":"Molybdenum VI","description":"EcoSpold 2 elementary exchange, ID \u003d 442511cc-a98b-4242-9229-5736cb9a9399","category":"Elementary flows/Emission to water/surface water","version":"00.00.000","flowType":"ELEMENTARY_FLOW","isInfrastructureFlow":false,"flowProperties":[{"@type":"FlowPropertyFactor","isRefFlowProperty":true,"flowProperty":{"@type":"FlowProperty","@id":"93a60a56-a3c8-11da-a746-0800200b9a66","name":"Mass","category":"Technical flow properties","refUnit":"kg"},"conversionFactor":1.0}]}