{"@type":"Flow","@id":"45fdcba1-32e8-462e-b7a3-932ad3dd761b","name":"chromium oxide, flakes","description":"EcoSpold 2 intermediate exchange, ID \u003d 45fdcba1-32e8-462e-b7a3-932ad3dd761b","category":"C:Manufacturing/20:Manufacture of chemicals and chemical products/201:Manufacture of basic chemicals, fertilizers and nitrogen compounds, plastics/2011:Manufacture of basic chemicals","version":"00.00.003","lastChange":"2022-12-15T18:23:23.618Z","flowType":"PRODUCT_FLOW","isInfrastructureFlow":false,"flowProperties":[{"@type":"FlowPropertyFactor","isRefFlowProperty":true,"flowProperty":{"@type":"FlowProperty","@id":"93a60a56-a3c8-11da-a746-0800200b9a66","name":"Mass","category":"Technical flow properties","refUnit":"kg"},"conversionFactor":1.0}]}