{"@type":"Flow","@id":"5208cbff-1c6d-49fa-a4a6-c2081129d077","name":"waste paper, sorted","description":"","category":"MSW/recycled products","version":"00.00.000","lastChange":"2024-02-24T08:55:18.208Z","flowType":"ELEMENTARY_FLOW","isInfrastructureFlow":false,"flowProperties":[{"@type":"FlowPropertyFactor","isRefFlowProperty":true,"flowProperty":{"@type":"FlowProperty","@id":"93a60a56-a3c8-11da-a746-0800200b9a66","name":"Mass","category":"Technical flow properties","refUnit":"kg"},"conversionFactor":1.0}]}