{"@type":"Flow","@id":"5911b1c9-b3ad-4e6e-893a-137262ad4f95","name":"road, company, internal","description":"EcoSpold 2 intermediate exchange, ID \u003d 5911b1c9-b3ad-4e6e-893a-137262ad4f95","category":"F:Construction/42:Civil engineering/421:Construction of roads and railways/4210:Construction of roads and railways","version":"00.00.003","lastChange":"2022-12-15T18:23:28.575Z","flowType":"PRODUCT_FLOW","isInfrastructureFlow":false,"flowProperties":[{"@type":"FlowPropertyFactor","isRefFlowProperty":true,"flowProperty":{"@type":"FlowProperty","@id":"93a60a56-a3c8-21da-a746-0800200c9a66","name":"Area*time","category":"Technical flow properties","refUnit":"m2*a"},"conversionFactor":1.0}]}