{"@type":"Flow","@id":"5fa36ce3-aed0-443b-a09d-4cdf25b41995","name":"Molybdenum VI","description":"EcoSpold 2 elementary exchange, ID \u003d 5fa36ce3-aed0-443b-a09d-4cdf25b41995","category":"Elementary flows/Emission to air/low population density","version":"00.00.000","flowType":"ELEMENTARY_FLOW","isInfrastructureFlow":false,"flowProperties":[{"@type":"FlowPropertyFactor","isRefFlowProperty":true,"flowProperty":{"@type":"FlowProperty","@id":"93a60a56-a3c8-11da-a746-0800200b9a66","name":"Mass","category":"Technical flow properties","refUnit":"kg"},"conversionFactor":1.0}]}