{"@type":"Flow","@id":"70d467b6-115e-43c5-add2-441de9411348","name":"BOD5, Biological Oxygen Demand","description":"EcoSpold 2 elementary exchange, ID \u003d 70d467b6-115e-43c5-add2-441de9411348","category":"Elementary flows/Emission to water/surface water","version":"00.00.000","flowType":"ELEMENTARY_FLOW","isInfrastructureFlow":false,"flowProperties":[{"@type":"FlowPropertyFactor","isRefFlowProperty":true,"flowProperty":{"@type":"FlowProperty","@id":"93a60a56-a3c8-11da-a746-0800200b9a66","name":"Mass","category":"Technical flow properties","refUnit":"kg"},"conversionFactor":1.0}]}