{"@type":"Flow","@id":"71e2f1db-a2c5-44d0-8337-dfff15be974d","name":"heat, district or industrial, other than natural gas","description":"EcoSpold 2 intermediate exchange, ID \u003d 71e2f1db-a2c5-44d0-8337-dfff15be974d","category":"D:Electricity, gas, steam and air conditioning supply/35:Electricity, gas, steam and air conditioning supply/353:Steam and air conditioning supply/3530:Steam and air conditioning supply","version":"00.00.003","lastChange":"2022-12-15T18:23:25.570Z","flowType":"PRODUCT_FLOW","isInfrastructureFlow":false,"flowProperties":[{"@type":"FlowPropertyFactor","isRefFlowProperty":true,"flowProperty":{"@type":"FlowProperty","@id":"f6811440-ee37-11de-8a39-0800200c9a66","name":"Energy","category":"Technical flow properties","refUnit":"MJ"},"conversionFactor":1.0}]}