{"@type":"Flow","@id":"9089d7ad-09b1-4174-a188-8844ebde2d5d","name":"Transformation, to shrub land, sclerophyllous","description":"EcoSpold 2 elementary exchange, ID \u003d 9089d7ad-09b1-4174-a188-8844ebde2d5d","category":"Elementary flows/Resource/land","version":"00.00.000","flowType":"ELEMENTARY_FLOW","isInfrastructureFlow":false,"flowProperties":[{"@type":"FlowPropertyFactor","isRefFlowProperty":true,"flowProperty":{"@type":"FlowProperty","@id":"93a60a56-a3c8-19da-a746-0800200c9a66","name":"Area","category":"Technical flow properties","refUnit":"m2"},"conversionFactor":1.0}]}