{"@type":"Flow","@id":"a46a250e-297d-43e9-b1c4-052cdcfb79c5","name":"Vanadium V","description":"EcoSpold 2 elementary exchange, ID \u003d a46a250e-297d-43e9-b1c4-052cdcfb79c5","category":"Elementary flows/Emission to water/surface water","version":"00.00.000","flowType":"ELEMENTARY_FLOW","isInfrastructureFlow":false,"flowProperties":[{"@type":"FlowPropertyFactor","isRefFlowProperty":true,"flowProperty":{"@type":"FlowProperty","@id":"93a60a56-a3c8-11da-a746-0800200b9a66","name":"Mass","category":"Technical flow properties","refUnit":"kg"},"conversionFactor":1.0}]}