{"@type":"Flow","@id":"ac184928-6228-41b8-b521-dd188a6ef02d","name":"Sewer/Wastewater Treatment","description":"","category":"MSW/food","version":"00.00.000","lastChange":"2024-02-19T07:17:15.564Z","flowType":"WASTE_FLOW","isInfrastructureFlow":false,"flowProperties":[{"@type":"FlowPropertyFactor","isRefFlowProperty":true,"flowProperty":{"@type":"FlowProperty","@id":"93a60a56-a3c8-11da-a746-0800200b9a66","name":"Mass","category":"Technical flow properties","refUnit":"kg"},"conversionFactor":1.0}]}