{"@type":"Flow","@id":"aedea697-930a-4a0e-9e4f-b9c369aa9a33","name":"BOD5, Biological Oxygen Demand","description":"EcoSpold 2 elementary exchange, ID \u003d aedea697-930a-4a0e-9e4f-b9c369aa9a33","category":"Elementary flows/Emission to water/ground water, long-term","version":"00.00.000","flowType":"ELEMENTARY_FLOW","isInfrastructureFlow":false,"flowProperties":[{"@type":"FlowPropertyFactor","isRefFlowProperty":true,"flowProperty":{"@type":"FlowProperty","@id":"93a60a56-a3c8-11da-a746-0800200b9a66","name":"Mass","category":"Technical flow properties","refUnit":"kg"},"conversionFactor":1.0}]}