{"@type":"Flow","@id":"af01e564-f816-4906-bd4f-b7c932f926b9","name":"Oxygen","description":"EcoSpold 2 elementary exchange, ID \u003d af01e564-f816-4906-bd4f-b7c932f926b9","category":"Elementary flows/Resource/in air","version":"00.00.000","flowType":"ELEMENTARY_FLOW","isInfrastructureFlow":false,"flowProperties":[{"@type":"FlowPropertyFactor","isRefFlowProperty":true,"flowProperty":{"@type":"FlowProperty","@id":"93a60a56-a3c8-11da-a746-0800200b9a66","name":"Mass","category":"Technical flow properties","refUnit":"kg"},"conversionFactor":1.0}]}