{"@type":"Flow","@id":"afcbd980-14c2-4e1d-a0aa-5f6464e5c76b","name":"Hydrochloric acid","description":"EcoSpold 2 elementary exchange, ID \u003d afcbd980-14c2-4e1d-a0aa-5f6464e5c76b","category":"Elementary flows/Emission to air/high population density","version":"00.00.000","flowType":"ELEMENTARY_FLOW","isInfrastructureFlow":false,"flowProperties":[{"@type":"FlowPropertyFactor","isRefFlowProperty":true,"flowProperty":{"@type":"FlowProperty","@id":"93a60a56-a3c8-11da-a746-0800200b9a66","name":"Mass","category":"Technical flow properties","refUnit":"kg"},"conversionFactor":1.0}]}