{"@type":"Flow","@id":"b0f4c2fb-5081-474a-8ffa-1457da8345db","name":"diesel, burned in building machine","description":"EcoSpold 2 intermediate exchange, ID \u003d b0f4c2fb-5081-474a-8ffa-1457da8345db","category":"F:Construction/43:Specialized construction activities/431:Demolition and site preparation/4312:Site preparation","version":"00.00.003","lastChange":"2022-12-15T18:23:28.863Z","flowType":"PRODUCT_FLOW","isInfrastructureFlow":false,"flowProperties":[{"@type":"FlowPropertyFactor","isRefFlowProperty":true,"flowProperty":{"@type":"FlowProperty","@id":"f6811440-ee37-11de-8a39-0800200c9a66","name":"Energy","category":"Technical flow properties","refUnit":"MJ"},"conversionFactor":1.0}]}