{"@type":"Flow","@id":"b79e26a0-88db-441f-b79b-508506e81b93","name":"Transformation, from dump site, sanitary landfill","description":"EcoSpold 2 elementary exchange, ID \u003d b79e26a0-88db-441f-b79b-508506e81b93","category":"Elementary flows/Resource/land","version":"00.00.000","flowType":"ELEMENTARY_FLOW","isInfrastructureFlow":false,"flowProperties":[{"@type":"FlowPropertyFactor","isRefFlowProperty":true,"flowProperty":{"@type":"FlowProperty","@id":"93a60a56-a3c8-19da-a746-0800200c9a66","name":"Area","category":"Technical flow properties","refUnit":"m2"},"conversionFactor":1.0}]}