{"@type":"Flow","@id":"b821ad93-ba6a-4d74-b6ae-ca12cd9563d7","name":"Carbon monoxide, non-fossil","description":"EcoSpold 2 elementary exchange, ID \u003d b821ad93-ba6a-4d74-b6ae-ca12cd9563d7","category":"Elementary flows/Emission to air/low population density","version":"00.00.000","flowType":"ELEMENTARY_FLOW","isInfrastructureFlow":false,"flowProperties":[{"@type":"FlowPropertyFactor","isRefFlowProperty":true,"flowProperty":{"@type":"FlowProperty","@id":"93a60a56-a3c8-11da-a746-0800200b9a66","name":"Mass","category":"Technical flow properties","refUnit":"kg"},"conversionFactor":1.0}]}