{"@type":"Flow","@id":"bba9f623-5919-4ef3-b98d-c94af1553179","name":"Transformation, to forest, unspecified","description":"EcoSpold 2 elementary exchange, ID \u003d bba9f623-5919-4ef3-b98d-c94af1553179","category":"Elementary flows/Resource/land","version":"00.00.000","flowType":"ELEMENTARY_FLOW","isInfrastructureFlow":false,"flowProperties":[{"@type":"FlowPropertyFactor","isRefFlowProperty":true,"flowProperty":{"@type":"FlowProperty","@id":"93a60a56-a3c8-19da-a746-0800200c9a66","name":"Area","category":"Technical flow properties","refUnit":"m2"},"conversionFactor":1.0}]}