{"@type":"Flow","@id":"cb57d788-e263-4360-95fe-b73949245337","name":"Bio-based Materials/Biochemical Processing","description":"","category":"MSW/food","version":"00.00.000","lastChange":"2024-02-19T07:11:20.742Z","flowType":"WASTE_FLOW","isInfrastructureFlow":false,"flowProperties":[{"@type":"FlowPropertyFactor","isRefFlowProperty":true,"flowProperty":{"@type":"FlowProperty","@id":"93a60a56-a3c8-11da-a746-0800200b9a66","name":"Mass","category":"Technical flow properties","refUnit":"kg"},"conversionFactor":1.0}]}