{"@type":"Flow","@id":"ce9fd912-233a-4807-a33e-0323b1e4a7a2","name":"Magnesium","description":"EcoSpold 2 elementary exchange, ID \u003d ce9fd912-233a-4807-a33e-0323b1e4a7a2","category":"Elementary flows/Emission to water/ground water, long-term","version":"00.00.000","flowType":"ELEMENTARY_FLOW","isInfrastructureFlow":false,"flowProperties":[{"@type":"FlowPropertyFactor","isRefFlowProperty":true,"flowProperty":{"@type":"FlowProperty","@id":"93a60a56-a3c8-11da-a746-0800200b9a66","name":"Mass","category":"Technical flow properties","refUnit":"kg"},"conversionFactor":1.0}]}