{"@type":"Flow","@id":"d512585c-a3ff-3bd4-8854-3d23c14926c0","name":"Water, unspecified natural origin, CH","description":"","category":"Elementary flows/Resource/in water","version":"00.00.000","flowType":"ELEMENTARY_FLOW","cas":"007732-18-5","formula":"","isInfrastructureFlow":false,"flowProperties":[{"@type":"FlowPropertyFactor","isRefFlowProperty":true,"flowProperty":{"@type":"FlowProperty","@id":"93a60a56-a3c8-22da-a746-0800200c9a66","name":"Volume","category":"Technical flow properties","refUnit":"m3"},"conversionFactor":1.0}]}