{"@type":"Flow","@id":"d67e647c-1f74-4961-81c0-5b144f1ca082","name":"excavation, skid-steer loader","description":"EcoSpold 2 intermediate exchange, ID \u003d d67e647c-1f74-4961-81c0-5b144f1ca082","category":"F:Construction/43:Specialized construction activities/431:Demolition and site preparation/4312:Site preparation","version":"00.00.003","lastChange":"2022-12-15T18:23:28.864Z","flowType":"PRODUCT_FLOW","isInfrastructureFlow":false,"flowProperties":[{"@type":"FlowPropertyFactor","isRefFlowProperty":true,"flowProperty":{"@type":"FlowProperty","@id":"93a60a56-a3c8-22da-a746-0800200c9a66","name":"Volume","category":"Technical flow properties","refUnit":"m3"},"conversionFactor":1.0}]}