{"@type":"Flow","@id":"dd80f0f2-f4d5-40f0-9035-09c1a7f3f07b","name":"heat, central or small-scale, other than natural gas","description":"EcoSpold 2 intermediate exchange, ID \u003d dd80f0f2-f4d5-40f0-9035-09c1a7f3f07b","category":"D:Electricity, gas, steam and air conditioning supply/35:Electricity, gas, steam and air conditioning supply/353:Steam and air conditioning supply/3530:Steam and air conditioning supply","version":"00.00.003","lastChange":"2022-12-15T18:23:25.571Z","flowType":"PRODUCT_FLOW","isInfrastructureFlow":false,"flowProperties":[{"@type":"FlowPropertyFactor","isRefFlowProperty":true,"flowProperty":{"@type":"FlowProperty","@id":"f6811440-ee37-11de-8a39-0800200c9a66","name":"Energy","category":"Technical flow properties","refUnit":"MJ"},"conversionFactor":1.0}]}