{"@type":"Flow","@id":"e6360e00-79a2-455e-ac9d-2e3159736771","name":"Iodide","description":"EcoSpold 2 elementary exchange, ID \u003d e6360e00-79a2-455e-ac9d-2e3159736771","category":"Elementary flows/Emission to water/surface water","version":"00.00.000","flowType":"ELEMENTARY_FLOW","isInfrastructureFlow":false,"flowProperties":[{"@type":"FlowPropertyFactor","isRefFlowProperty":true,"flowProperty":{"@type":"FlowProperty","@id":"93a60a56-a3c8-11da-a746-0800200b9a66","name":"Mass","category":"Technical flow properties","refUnit":"kg"},"conversionFactor":1.0}]}