{"@type":"Flow","@id":"ee72df53-b18e-4c96-a7c5-e3e70591739b","name":"digester sludge","description":"","category":"MSW/recycled products","version":"00.00.000","lastChange":"2024-02-24T08:32:11.353Z","flowType":"ELEMENTARY_FLOW","isInfrastructureFlow":false,"flowProperties":[{"@type":"FlowPropertyFactor","isRefFlowProperty":true,"flowProperty":{"@type":"FlowProperty","@id":"93a60a56-a3c8-11da-a746-0800200b9a66","name":"Mass","category":"Technical flow properties","refUnit":"kg"},"conversionFactor":1.0}]}