{"@type":"Flow","@id":"f1ca67fc-fd5c-3179-aeb9-c689f7a8a2af","name":"Water, cooling, unspecified natural origin, CH","description":"","category":"Elementary flows/Resource/in water","version":"00.00.000","flowType":"ELEMENTARY_FLOW","cas":"007732-18-5","formula":"","isInfrastructureFlow":false,"flowProperties":[{"@type":"FlowPropertyFactor","isRefFlowProperty":true,"flowProperty":{"@type":"FlowProperty","@id":"93a60a56-a3c8-22da-a746-0800200c9a66","name":"Volume","category":"Technical flow properties","refUnit":"m3"},"conversionFactor":1.0}]}