{"@type":"Flow","@id":"fb0f25ff-3f65-4153-98f4-17fbff4912bd","name":"Controlled Combustion（yard）","description":"","category":"MSW/yard","version":"00.00.007","lastChange":"2024-02-22T06:43:24.795Z","flowType":"WASTE_FLOW","isInfrastructureFlow":false,"flowProperties":[{"@type":"FlowPropertyFactor","isRefFlowProperty":true,"flowProperty":{"@type":"FlowProperty","@id":"93a60a56-a3c8-11da-a746-0800200b9a66","name":"Mass","category":"Technical flow properties","refUnit":"kg"},"conversionFactor":1.0}]}