{"@type":"Flow","@id":"ff36578b-f403-4656-b934-81d8d4e02dc8","name":"Titanium ion","description":"EcoSpold 2 elementary exchange, ID \u003d ff36578b-f403-4656-b934-81d8d4e02dc8","category":"Elementary flows/Emission to water/surface water","version":"00.00.000","flowType":"ELEMENTARY_FLOW","isInfrastructureFlow":false,"flowProperties":[{"@type":"FlowPropertyFactor","isRefFlowProperty":true,"flowProperty":{"@type":"FlowProperty","@id":"93a60a56-a3c8-11da-a746-0800200b9a66","name":"Mass","category":"Technical flow properties","refUnit":"kg"},"conversionFactor":1.0}]}