{"@type":"Process","@id":"1acce888-ceee-4ffc-b9e3-e78a3a8fa06f","name":"open dump, moist infiltration class (300mm)","description":"This dataset represents the activity of waste disposal of municipal solid waste in an open dump. Recommended use of this dataset: For municipal solid waste, which goes to disposal as part of unmanaged communal waste mixture.Inventoried waste contains 21% paper; 8% Mixed cardboard; 15% plastics; 3% laminated materials; 2% laminated packaging, e.g. tetra bricks; 3% combined goods e.g.  diapers; 3% glass; 2% textiles; 8% minerals; 9% natural products; 22% compostable material; 2.65% inert metals; 1% volatile metals; 0.0065% batteries; 0.34% electronic goods; .   //  Waste composition (wet, in ppm): upper heating value 13.27 MJ/kg; lower heating value 11.74 MJ/kg; H2O 228830; O 257060; H 48250; C 334230; S 1119; N 3123.8; P 893.79; B 7.1933; Cl 6866.2; Br 13.552; F 56.358; I 0.0121; Ag 0.714; As 0.62521; Ba 149.04; Cd 11.748; Co 1.3453; Cr 315.21; Cu 1212.8; Hg 1.4424; Mn 259.36; Mo 1.9551; Ni 107.38; Pb 502.43; Sb 22.564; Se 0.31969; Sn 73.44; V 9.2147; Zn 1311.2; Be n.a.; Sc n.a.; Sr n.a.; Ti n.a.; Tl n.a.; W n.a.; Si 48510; Fe 29996; Ca 14062; Al 12420; K 2059.7; Mg 3377.7; Na 5143.9; .   //  Share of carbon in waste that is biogenic 60.4%. Share of metals in waste not oxidised and bulk-recyclable (exclude very small or thin parts) Iron: 60.03%; Alu: 17.81%; Copper: 72.83%. Overall degradability of waste during 100 years: 18.73%. Degradability of composing waste fractions: paper: 27%; Mixed cardboard: 32.4%; plastics: 1%; laminated materials: 18%; laminated packaging, e.g. tetra bricks: 18%; combined goods e.g.  diapers: 18%; glass: 0%; textiles: 12%; minerals: 0%; natural products: 27%; compostable material: 27%; inert metals: 10%; volatile metals: 0%; batteries: 0%; electronic goods: 0%; ..   from final waste deposition (without transports to the site)  Waste-specific short-term emissions to air via landfill gas and landfill leachate. Waste-specific long-term emissions from landfill. Dataset documentation: https://v391.ecoquery.ecoinvent.org/Details/UPR/759e20bc-fbd6-451d-b5d1-3131183387f2/dd7f13f5-0658-489c-a19c-f2ff8a00bdd9","category":"MSW/Permissive_Management","version":"03.05.008","lastChange":"2024-03-09T16:09:20.022Z","processType":"UNIT_PROCESS","isInfrastructureProcess":false,"location":{"@type":"Location","@id":"56bca136-90bb-3a77-9abb-7ce558af711e","name":"Global"},"processDocumentation":{"timeDescription":"None","technologyDescription":"This is an inventory for an open, uncontrolled waste dump for municipal solid waste. Ultimate average landfill height is 7 meters. Operation phase duration is 15 years.Percentage of landfill gas directly emitted is 100w%. A Methane Correction Factor (MCF) for landfill air emissions of 0.7057 is employed. ;Leachate of the landfill is not treated. Based on average waste composition and climate data the end of carbonate phase is estimated to be reached 2658 years after waste deposition. ","isCopyrightProtected":true,"geographyDescription":"Given name of landfill location is \u0027infiltration class 3 moist (2018)\u0027. Landfill site with mean annual temperature (MAT) of 8 degC, mean annual precipitation (MAP) of 900 mm/year, and net infiltration of 300 mm/year. ;Climate adjustments result in an alpha t (temperature) for permafrost areas of 0.999. Total climate adjustments with alpha pt of 0.999. ","creationDate":"2002-03-23T18:45:08","validFrom":"2006-01-01","validUntil":"2022-12-31","dataDocumentor":{"@type":"Actor","@id":"c4597934-ecac-422c-b431-382e85fdcb83","name":"[System]"},"dataGenerator":{"@type":"Actor","@id":"847a56f5-d9e5-4a65-ab51-b056e0039130","name":"Avraam Symeonidis"}},"lastInternalId":117,"exchangeDqSystem":{"@type":"DQSystem","@id":"e7ac7cf6-5457-453e-99f9-d889826fffe8","name":"Ecoinvent Data Quality System"},"parameters":[],"exchanges":[{"@type":"Exchange","isAvoidedProduct":false,"isInput":false,"amount":1.7187E-6,"dqEntry":"(1;1;4;1;1)","description":"Emissions from long-term leachate (\u003e100a) directly from MSW landfill and indirectly via incineration of treatement sludge from leachate treatement. ","internalId":113,"flow":{"@type":"Flow","@id":"41dbbe1f-06e1-4a34-8497-5986be8f9e51","name":"Vanadium V","category":"Elementary flows/Emission to water/ground water, long-term","flowType":"ELEMENTARY_FLOW","refUnit":"kg"},"unit":{"@type":"Unit","@id":"20aadc24-a391-41cf-b340-3e4529f44bde","name":"kg"},"flowProperty":{"@type":"FlowProperty","@id":"93a60a56-a3c8-11da-a746-0800200b9a66","name":"Mass","category":"Technical flow properties","refUnit":"kg"},"uncertainty":{"@type":"Uncertainty","distributionType":"LOG_NORMAL_DISTRIBUTION","geomMean":1.719E-6,"geomSd":2.020206692809582}},{"@type":"Exchange","isAvoidedProduct":false,"isInput":false,"amount":9.29E-10,"dqEntry":"(1;1;4;1;1)","description":"burden from direct release or incineration of landfill biogas; or windblown leachate evaporite in arid climates. ","internalId":7,"flow":{"@type":"Flow","@id":"e2d58f90-9aac-4ac4-87f7-bbd6cfc358e3","name":"Cadmium II","category":"Elementary flows/Emission to air/low population density","flowType":"ELEMENTARY_FLOW","refUnit":"kg"},"unit":{"@type":"Unit","@id":"20aadc24-a391-41cf-b340-3e4529f44bde","name":"kg"},"flowProperty":{"@type":"FlowProperty","@id":"93a60a56-a3c8-11da-a746-0800200b9a66","name":"Mass","category":"Technical flow properties","refUnit":"kg"},"uncertainty":{"@type":"Uncertainty","distributionType":"LOG_NORMAL_DISTRIBUTION","geomMean":9.29E-10,"geomSd":2.1110837588134173}},{"@type":"Exchange","isAvoidedProduct":false,"isInput":false,"amount":5.6264E-8,"dqEntry":"(1;1;4;1;1)","description":"burden from short-term leachate to groundwater in uncontrolled landfill in moist cimate. ","internalId":85,"flow":{"@type":"Flow","@id":"3822809c-cc03-469d-ac2a-9f85842f8440","name":"Molybdenum VI","category":"Elementary flows/Emission to water/ground water","flowType":"ELEMENTARY_FLOW","refUnit":"kg"},"unit":{"@type":"Unit","@id":"20aadc24-a391-41cf-b340-3e4529f44bde","name":"kg"},"flowProperty":{"@type":"FlowProperty","@id":"93a60a56-a3c8-11da-a746-0800200b9a66","name":"Mass","category":"Technical flow properties","refUnit":"kg"},"uncertainty":{"@type":"Uncertainty","distributionType":"LOG_NORMAL_DISTRIBUTION","geomMean":5.626E-8,"geomSd":1.928851317041074}},{"@type":"Exchange","isAvoidedProduct":false,"isInput":false,"amount":6.3153E-5,"dqEntry":"(1;1;4;1;1)","description":"burden from short-term leachate to groundwater in uncontrolled landfill in moist cimate. ","internalId":89,"flow":{"@type":"Flow","@id":"b9291c72-4b1d-4275-8068-4c707dc3ce33","name":"Nitrate","category":"Elementary flows/Emission to water/ground water","flowType":"ELEMENTARY_FLOW","refUnit":"kg"},"unit":{"@type":"Unit","@id":"20aadc24-a391-41cf-b340-3e4529f44bde","name":"kg"},"flowProperty":{"@type":"FlowProperty","@id":"93a60a56-a3c8-11da-a746-0800200b9a66","name":"Mass","category":"Technical flow properties","refUnit":"kg"},"uncertainty":{"@type":"Uncertainty","distributionType":"LOG_NORMAL_DISTRIBUTION","geomMean":6.315E-5,"geomSd":1.4376576413131492}},{"@type":"Exchange","isAvoidedProduct":false,"isInput":false,"amount":6.2899E-4,"dqEntry":"(1;1;4;1;1)","description":"Emissions from long-term leachate (\u003e100a) directly from MSW landfill and indirectly via incineration of treatement sludge from leachate treatement. ","internalId":102,"flow":{"@type":"Flow","@id":"ce88a9b6-0afa-4f68-9b32-8c3438bf4025","name":"Silicon","category":"Elementary flows/Emission to water/ground water, long-term","flowType":"ELEMENTARY_FLOW","refUnit":"kg"},"unit":{"@type":"Unit","@id":"20aadc24-a391-41cf-b340-3e4529f44bde","name":"kg"},"flowProperty":{"@type":"FlowProperty","@id":"93a60a56-a3c8-11da-a746-0800200b9a66","name":"Mass","category":"Technical flow properties","refUnit":"kg"},"uncertainty":{"@type":"Uncertainty","distributionType":"LOG_NORMAL_DISTRIBUTION","geomMean":6.29E-4,"geomSd":3.0276616652020203}},{"@type":"Exchange","isAvoidedProduct":false,"isInput":false,"amount":7.7601E-9,"dqEntry":"(1;1;4;1;1)","description":"burden from direct release or incineration of landfill biogas; or windblown leachate evaporite in arid climates. ","internalId":17,"flow":{"@type":"Flow","@id":"76152de4-9499-48f7-af98-a5d41842484a","name":"Iron ion","category":"Elementary flows/Emission to air/low population density","flowType":"ELEMENTARY_FLOW","refUnit":"kg"},"unit":{"@type":"Unit","@id":"20aadc24-a391-41cf-b340-3e4529f44bde","name":"kg"},"flowProperty":{"@type":"FlowProperty","@id":"93a60a56-a3c8-11da-a746-0800200b9a66","name":"Mass","category":"Technical flow properties","refUnit":"kg"},"uncertainty":{"@type":"Uncertainty","distributionType":"LOG_NORMAL_DISTRIBUTION","geomMean":7.76E-9,"geomSd":2.018956827899277}},{"@type":"Exchange","isAvoidedProduct":false,"isInput":false,"amount":11.086,"dqEntry":"(1;1;4;1;1)","description":"burden from long-term decomposition of waste (\u003e100a). ","internalId":70,"flow":{"@type":"Flow","@id":"dca43ede-b779-47a7-b2e7-cb4e7b12c3da","name":"Heat, waste","category":"Elementary flows/Emission to water/ground water, long-term","flowType":"ELEMENTARY_FLOW","refUnit":"MJ"},"unit":{"@type":"Unit","@id":"52765a6c-3896-43c2-b2f4-c679acf13efe","name":"MJ"},"flowProperty":{"@type":"FlowProperty","@id":"f6811440-ee37-11de-8a39-0800200c9a66","name":"Energy","category":"Technical flow properties","refUnit":"MJ"},"uncertainty":{"@type":"Uncertainty","distributionType":"LOG_NORMAL_DISTRIBUTION","geomMean":11.09,"geomSd":1.1373634932646408}},{"@type":"Exchange","isAvoidedProduct":false,"isInput":false,"amount":9.8149E-4,"dqEntry":"(1;1;4;1;1)","description":"burden from short-term leachate to groundwater in uncontrolled landfill in moist cimate. ","internalId":93,"flow":{"@type":"Flow","@id":"b646bb3e-65e2-4f85-8376-9408e94e4b59","name":"Nitrogen, organic bound","category":"Elementary flows/Emission to water/ground water","flowType":"ELEMENTARY_FLOW","refUnit":"kg"},"unit":{"@type":"Unit","@id":"20aadc24-a391-41cf-b340-3e4529f44bde","name":"kg"},"flowProperty":{"@type":"FlowProperty","@id":"93a60a56-a3c8-11da-a746-0800200b9a66","name":"Mass","category":"Technical flow properties","refUnit":"kg"},"uncertainty":{"@type":"Uncertainty","distributionType":"LOG_NORMAL_DISTRIBUTION","geomMean":9.815E-4,"geomSd":1.4376576413131492}},{"@type":"Exchange","isAvoidedProduct":false,"isInput":false,"amount":7.1933E-15,"dqEntry":"(1;1;4;1;1)","description":"Emissions from long-term leachate (\u003e100a) directly from MSW landfill and indirectly via incineration of treatement sludge from leachate treatement. ","internalId":49,"flow":{"@type":"Flow","@id":"061d04a0-af1d-4884-bdd3-997b6cd5550f","name":"Boron","category":"Elementary flows/Emission to water/ground water, long-term","flowType":"ELEMENTARY_FLOW","refUnit":"kg"},"unit":{"@type":"Unit","@id":"20aadc24-a391-41cf-b340-3e4529f44bde","name":"kg"},"flowProperty":{"@type":"FlowProperty","@id":"93a60a56-a3c8-11da-a746-0800200b9a66","name":"Mass","category":"Technical flow properties","refUnit":"kg"},"uncertainty":{"@type":"Uncertainty","distributionType":"LOG_NORMAL_DISTRIBUTION","geomMean":7.193E-15,"geomSd":2.457280030305584}},{"@type":"Exchange","isAvoidedProduct":false,"isInput":false,"amount":1.4077E-6,"dqEntry":"(1;1;4;1;1)","description":"Emissions from long-term leachate (\u003e100a) directly from MSW landfill and indirectly via incineration of treatement sludge from leachate treatement. ","internalId":41,"flow":{"@type":"Flow","@id":"83cf77ca-867b-4eef-b0f0-78d71b3d91d5","name":"Antimony ion","category":"Elementary flows/Emission to water/ground water, long-term","flowType":"ELEMENTARY_FLOW","refUnit":"kg"},"unit":{"@type":"Unit","@id":"20aadc24-a391-41cf-b340-3e4529f44bde","name":"kg"},"flowProperty":{"@type":"FlowProperty","@id":"93a60a56-a3c8-11da-a746-0800200b9a66","name":"Mass","category":"Technical flow properties","refUnit":"kg"},"uncertainty":{"@type":"Uncertainty","distributionType":"LOG_NORMAL_DISTRIBUTION","geomMean":1.408E-6,"geomSd":2.4056387729695787}},{"@type":"Exchange","isAvoidedProduct":false,"isInput":false,"amount":1.3935E-7,"dqEntry":"(1;1;4;1;1)","description":"burden from short-term leachate to groundwater in uncontrolled landfill in moist cimate. ","internalId":54,"flow":{"@type":"Flow","@id":"3937f5a5-b4a4-434d-9fc3-1d29064fc3f8","name":"Cadmium II","category":"Elementary flows/Emission to water/ground water","flowType":"ELEMENTARY_FLOW","refUnit":"kg"},"unit":{"@type":"Unit","@id":"20aadc24-a391-41cf-b340-3e4529f44bde","name":"kg"},"flowProperty":{"@type":"FlowProperty","@id":"93a60a56-a3c8-11da-a746-0800200b9a66","name":"Mass","category":"Technical flow properties","refUnit":"kg"},"uncertainty":{"@type":"Uncertainty","distributionType":"LOG_NORMAL_DISTRIBUTION","geomMean":1.394E-7,"geomSd":1.8788471790684955}},{"@type":"Exchange","isAvoidedProduct":false,"isInput":false,"amount":2.7404E-9,"dqEntry":"(1;1;4;1;1)","description":"burden from direct release or incineration of landfill biogas; or windblown leachate evaporite in arid climates. ","internalId":5,"flow":{"@type":"Flow","@id":"24cf82f8-c517-4fef-8f93-17519adb855e","name":"Barium II","category":"Elementary flows/Emission to air/low population density","flowType":"ELEMENTARY_FLOW","refUnit":"kg"},"unit":{"@type":"Unit","@id":"20aadc24-a391-41cf-b340-3e4529f44bde","name":"kg"},"flowProperty":{"@type":"FlowProperty","@id":"93a60a56-a3c8-11da-a746-0800200b9a66","name":"Mass","category":"Technical flow properties","refUnit":"kg"},"uncertainty":{"@type":"Uncertainty","distributionType":"LOG_NORMAL_DISTRIBUTION","geomMean":2.74E-9,"geomSd":2.0597663512085957}},{"@type":"Exchange","isAvoidedProduct":false,"isInput":false,"amount":1.0719E-6,"dqEntry":"(1;1;4;1;1)","description":"burden from short-term leachate to groundwater in uncontrolled landfill in moist cimate. ","internalId":68,"flow":{"@type":"Flow","@id":"b84e31d0-cf7b-4c3f-bc8a-3cc93bdb30d9","name":"Fluoride","category":"Elementary flows/Emission to water/ground water","flowType":"ELEMENTARY_FLOW","refUnit":"kg"},"unit":{"@type":"Unit","@id":"20aadc24-a391-41cf-b340-3e4529f44bde","name":"kg"},"flowProperty":{"@type":"FlowProperty","@id":"93a60a56-a3c8-11da-a746-0800200b9a66","name":"Mass","category":"Technical flow properties","refUnit":"kg"},"uncertainty":{"@type":"Uncertainty","distributionType":"LOG_NORMAL_DISTRIBUTION","geomMean":1.072E-6,"geomSd":1.7793316177387437}},{"@type":"Exchange","isAvoidedProduct":false,"isInput":false,"amount":7.1933E-6,"dqEntry":"(1;1;4;1;1)","description":"burden from short-term leachate to groundwater in uncontrolled landfill in moist cimate. ","internalId":48,"flow":{"@type":"Flow","@id":"242b4a08-f6ff-496d-ae0f-bf8f8bc77692","name":"Boron","category":"Elementary flows/Emission to water/ground water","flowType":"ELEMENTARY_FLOW","refUnit":"kg"},"unit":{"@type":"Unit","@id":"20aadc24-a391-41cf-b340-3e4529f44bde","name":"kg"},"flowProperty":{"@type":"FlowProperty","@id":"93a60a56-a3c8-11da-a746-0800200b9a66","name":"Mass","category":"Technical flow properties","refUnit":"kg"},"uncertainty":{"@type":"Uncertainty","distributionType":"LOG_NORMAL_DISTRIBUTION","geomMean":7.193E-6,"geomSd":1.772838389166268}},{"@type":"Exchange","isAvoidedProduct":false,"isInput":false,"amount":0.0029693,"dqEntry":"(1;1;4;1;1)","description":"Emissions from long-term leachate (\u003e100a) directly from MSW landfill and indirectly via incineration of treatement sludge from leachate treatement. ","internalId":80,"flow":{"@type":"Flow","@id":"ce9fd912-233a-4807-a33e-0323b1e4a7a2","name":"Magnesium","category":"Elementary flows/Emission to water/ground water, long-term","flowType":"ELEMENTARY_FLOW","refUnit":"kg"},"unit":{"@type":"Unit","@id":"20aadc24-a391-41cf-b340-3e4529f44bde","name":"kg"},"flowProperty":{"@type":"FlowProperty","@id":"93a60a56-a3c8-11da-a746-0800200b9a66","name":"Mass","category":"Technical flow properties","refUnit":"kg"},"uncertainty":{"@type":"Uncertainty","distributionType":"LOG_NORMAL_DISTRIBUTION","geomMean":0.002969,"geomSd":1.4251857141611157}},{"@type":"Exchange","isAvoidedProduct":false,"isInput":false,"amount":1.6844E-7,"dqEntry":"(1;1;4;1;1)","description":"burden from short-term leachate to groundwater in uncontrolled landfill in moist cimate. ","internalId":77,"flow":{"@type":"Flow","@id":"c864aa15-0abc-41ad-9889-348106e485d8","name":"Lead II","category":"Elementary flows/Emission to water/ground water","flowType":"ELEMENTARY_FLOW","refUnit":"kg"},"unit":{"@type":"Unit","@id":"20aadc24-a391-41cf-b340-3e4529f44bde","name":"kg"},"flowProperty":{"@type":"FlowProperty","@id":"93a60a56-a3c8-11da-a746-0800200b9a66","name":"Mass","category":"Technical flow properties","refUnit":"kg"},"uncertainty":{"@type":"Uncertainty","distributionType":"LOG_NORMAL_DISTRIBUTION","geomMean":1.684E-7,"geomSd":1.8611908939278248}},{"@type":"Exchange","isAvoidedProduct":false,"isInput":false,"amount":1.1964E-9,"dqEntry":"(1;1;4;1;1)","description":"burden from direct release or incineration of landfill biogas; or windblown leachate evaporite in arid climates. ","internalId":21,"flow":{"@type":"Flow","@id":"5ec9c16a-959d-44cd-be7d-a935727d2151","name":"Mercury II","category":"Elementary flows/Emission to air/low population density","flowType":"ELEMENTARY_FLOW","refUnit":"kg"},"unit":{"@type":"Unit","@id":"20aadc24-a391-41cf-b340-3e4529f44bde","name":"kg"},"flowProperty":{"@type":"FlowProperty","@id":"93a60a56-a3c8-11da-a746-0800200b9a66","name":"Mass","category":"Technical flow properties","refUnit":"kg"},"uncertainty":{"@type":"Uncertainty","distributionType":"LOG_NORMAL_DISTRIBUTION","geomMean":1.196E-9,"geomSd":2.09897951123141}},{"@type":"Exchange","isAvoidedProduct":false,"isInput":false,"amount":8.3078E-11,"dqEntry":"(1;1;4;1;1)","description":"burden from direct release or incineration of landfill biogas; or windblown leachate evaporite in arid climates. ","internalId":13,"flow":{"@type":"Flow","@id":"e336eee7-148a-4d1c-8027-780cbfafa12b","name":"Copper ion","category":"Elementary flows/Emission to air/low population density","flowType":"ELEMENTARY_FLOW","refUnit":"kg"},"unit":{"@type":"Unit","@id":"20aadc24-a391-41cf-b340-3e4529f44bde","name":"kg"},"flowProperty":{"@type":"FlowProperty","@id":"93a60a56-a3c8-11da-a746-0800200b9a66","name":"Mass","category":"Technical flow properties","refUnit":"kg"},"uncertainty":{"@type":"Uncertainty","distributionType":"LOG_NORMAL_DISTRIBUTION","geomMean":8.308E-11,"geomSd":2.216160846674919}},{"@type":"Exchange","isAvoidedProduct":false,"isInput":false,"amount":3.1041E-5,"dqEntry":"(1;1;4;1;1)","description":"burden from short-term leachate to groundwater in uncontrolled landfill in moist cimate. ","internalId":75,"flow":{"@type":"Flow","@id":"33fd8342-58e7-45c9-ad92-0951c002c403","name":"Iron ion","category":"Elementary flows/Emission to water/ground water","flowType":"ELEMENTARY_FLOW","refUnit":"kg"},"unit":{"@type":"Unit","@id":"20aadc24-a391-41cf-b340-3e4529f44bde","name":"kg"},"flowProperty":{"@type":"FlowProperty","@id":"93a60a56-a3c8-11da-a746-0800200b9a66","name":"Mass","category":"Technical flow properties","refUnit":"kg"},"uncertainty":{"@type":"Uncertainty","distributionType":"LOG_NORMAL_DISTRIBUTION","geomMean":3.104E-5,"geomSd":1.6026470280575122}},{"@type":"Exchange","isAvoidedProduct":false,"isInput":false,"amount":1.2292E-6,"dqEntry":"(1;1;4;1;1)","description":"Emissions from long-term leachate (\u003e100a) directly from MSW landfill and indirectly via incineration of treatement sludge from leachate treatement. ","internalId":63,"flow":{"@type":"Flow","@id":"1e904267-caa3-40e6-a3a0-fc104489770b","name":"Cobalt II","category":"Elementary flows/Emission to water/ground water, long-term","flowType":"ELEMENTARY_FLOW","refUnit":"kg"},"unit":{"@type":"Unit","@id":"20aadc24-a391-41cf-b340-3e4529f44bde","name":"kg"},"flowProperty":{"@type":"FlowProperty","@id":"93a60a56-a3c8-11da-a746-0800200b9a66","name":"Mass","category":"Technical flow properties","refUnit":"kg"},"uncertainty":{"@type":"Uncertainty","distributionType":"LOG_NORMAL_DISTRIBUTION","geomMean":1.229E-6,"geomSd":1.8566484976015838}},{"@type":"Exchange","isAvoidedProduct":false,"isInput":false,"amount":0.0028701,"dqEntry":"(1;1;4;1;1)","description":"Emissions from long-term leachate (\u003e100a) directly from MSW landfill and indirectly via incineration of treatement sludge from leachate treatement. ","internalId":107,"flow":{"@type":"Flow","@id":"bfc0bf1c-e5e2-4702-a502-08c892031837","name":"Sulfate","category":"Elementary flows/Emission to water/ground water, long-term","flowType":"ELEMENTARY_FLOW","refUnit":"kg"},"unit":{"@type":"Unit","@id":"20aadc24-a391-41cf-b340-3e4529f44bde","name":"kg"},"flowProperty":{"@type":"FlowProperty","@id":"93a60a56-a3c8-11da-a746-0800200b9a66","name":"Mass","category":"Technical flow properties","refUnit":"kg"},"uncertainty":{"@type":"Uncertainty","distributionType":"LOG_NORMAL_DISTRIBUTION","geomMean":0.00287,"geomSd":1.4934829720218616}},{"@type":"Exchange","isAvoidedProduct":false,"isInput":false,"amount":0.27805,"dqEntry":"(1;1;4;1;1)","description":"Emissions from long-term leachate (\u003e100a) directly from MSW landfill and indirectly via incineration of treatement sludge from leachate treatement. ","internalId":109,"flow":{"@type":"Flow","@id":"8734eb08-50cf-4f5a-8d1a-db76d38efe3c","name":"TOC, Total Organic Carbon","category":"Elementary flows/Emission to water/ground water, long-term","flowType":"ELEMENTARY_FLOW","refUnit":"kg"},"unit":{"@type":"Unit","@id":"20aadc24-a391-41cf-b340-3e4529f44bde","name":"kg"},"flowProperty":{"@type":"FlowProperty","@id":"93a60a56-a3c8-11da-a746-0800200b9a66","name":"Mass","category":"Technical flow properties","refUnit":"kg"},"uncertainty":{"@type":"Uncertainty","distributionType":"LOG_NORMAL_DISTRIBUTION","geomMean":0.2781,"geomSd":1.0973903185881304}},{"@type":"Exchange","isAvoidedProduct":false,"isInput":false,"amount":5.9479E-7,"dqEntry":"(1;1;4;1;1)","description":"Emissions from long-term leachate (\u003e100a) directly from MSW landfill and indirectly via incineration of treatement sludge from leachate treatement. ","internalId":43,"flow":{"@type":"Flow","@id":"e60edb16-3c74-415b-9aff-a22a6f49fecb","name":"Arsenic ion","category":"Elementary flows/Emission to water/ground water, long-term","flowType":"ELEMENTARY_FLOW","refUnit":"kg"},"unit":{"@type":"Unit","@id":"20aadc24-a391-41cf-b340-3e4529f44bde","name":"kg"},"flowProperty":{"@type":"FlowProperty","@id":"93a60a56-a3c8-11da-a746-0800200b9a66","name":"Mass","category":"Technical flow properties","refUnit":"kg"},"uncertainty":{"@type":"Uncertainty","distributionType":"LOG_NORMAL_DISTRIBUTION","geomMean":5.948E-7,"geomSd":1.8934866625007056}},{"@type":"Exchange","isAvoidedProduct":false,"isInput":false,"amount":0.0010511,"dqEntry":"(1;1;4;1;1)","description":"burden from short-term leachate to groundwater in uncontrolled landfill in moist cimate. ","internalId":104,"flow":{"@type":"Flow","@id":"ee9fdd7c-5e29-4bdb-852a-3258f06ec2ab","name":"Sodium I","category":"Elementary flows/Emission to water/ground water","flowType":"ELEMENTARY_FLOW","refUnit":"kg"},"unit":{"@type":"Unit","@id":"20aadc24-a391-41cf-b340-3e4529f44bde","name":"kg"},"flowProperty":{"@type":"FlowProperty","@id":"93a60a56-a3c8-11da-a746-0800200b9a66","name":"Mass","category":"Technical flow properties","refUnit":"kg"},"uncertainty":{"@type":"Uncertainty","distributionType":"LOG_NORMAL_DISTRIBUTION","geomMean":0.001051,"geomSd":1.429977994263303}},{"@type":"Exchange","isAvoidedProduct":false,"isInput":false,"amount":0.27805,"dqEntry":"(1;1;4;1;1)","description":"Emissions from long-term leachate (\u003e100a) directly from MSW landfill and indirectly via incineration of treatement sludge from leachate treatement. ","internalId":67,"flow":{"@type":"Flow","@id":"725c7923-0ed8-43e5-b485-fad7e34bef08","name":"DOC, Dissolved Organic Carbon","category":"Elementary flows/Emission to water/ground water, long-term","flowType":"ELEMENTARY_FLOW","refUnit":"kg"},"unit":{"@type":"Unit","@id":"20aadc24-a391-41cf-b340-3e4529f44bde","name":"kg"},"flowProperty":{"@type":"FlowProperty","@id":"93a60a56-a3c8-11da-a746-0800200b9a66","name":"Mass","category":"Technical flow properties","refUnit":"kg"},"uncertainty":{"@type":"Uncertainty","distributionType":"LOG_NORMAL_DISTRIBUTION","geomMean":0.2781,"geomSd":1.0973903185881304}},{"@type":"Exchange","isAvoidedProduct":false,"isInput":false,"amount":8.7527E-7,"dqEntry":"(1;1;4;1;1)","description":"Emissions from long-term leachate (\u003e100a) directly from MSW landfill and indirectly via incineration of treatement sludge from leachate treatement. ","internalId":61,"flow":{"@type":"Flow","@id":"ef475b50-9cd0-4e7c-9c59-07868fe16e91","name":"Chromium VI","category":"Elementary flows/Emission to water/ground water, long-term","flowType":"ELEMENTARY_FLOW","refUnit":"kg"},"unit":{"@type":"Unit","@id":"20aadc24-a391-41cf-b340-3e4529f44bde","name":"kg"},"flowProperty":{"@type":"FlowProperty","@id":"93a60a56-a3c8-11da-a746-0800200b9a66","name":"Mass","category":"Technical flow properties","refUnit":"kg"},"uncertainty":{"@type":"Uncertainty","distributionType":"LOG_NORMAL_DISTRIBUTION","geomMean":8.753E-7,"geomSd":4.65898788453411}},{"@type":"Exchange","isAvoidedProduct":false,"isInput":false,"amount":5.1841E-8,"dqEntry":"(1;1;4;1;1)","description":"burden from direct release or incineration of landfill biogas; or windblown leachate evaporite in arid climates. ","internalId":29,"flow":{"@type":"Flow","@id":"479daf8f-657e-46a6-bdea-3cb2c61c44b1","name":"Silicon","category":"Elementary flows/Emission to air/low population density","flowType":"ELEMENTARY_FLOW","refUnit":"kg"},"unit":{"@type":"Unit","@id":"20aadc24-a391-41cf-b340-3e4529f44bde","name":"kg"},"flowProperty":{"@type":"FlowProperty","@id":"93a60a56-a3c8-11da-a746-0800200b9a66","name":"Mass","category":"Technical flow properties","refUnit":"kg"},"uncertainty":{"@type":"Uncertainty","distributionType":"LOG_NORMAL_DISTRIBUTION","geomMean":5.184E-8,"geomSd":1.9346750724298056}},{"@type":"Exchange","isAvoidedProduct":false,"isInput":false,"amount":0.0016362,"dqEntry":"(1;1;4;1;1)","description":"burden from short-term leachate to groundwater in uncontrolled landfill in moist cimate. ","internalId":66,"flow":{"@type":"Flow","@id":"73eed463-4986-4d81-8bae-60dae5be49d0","name":"DOC, Dissolved Organic Carbon","category":"Elementary flows/Emission to water/ground water","flowType":"ELEMENTARY_FLOW","refUnit":"kg"},"unit":{"@type":"Unit","@id":"20aadc24-a391-41cf-b340-3e4529f44bde","name":"kg"},"flowProperty":{"@type":"FlowProperty","@id":"93a60a56-a3c8-11da-a746-0800200b9a66","name":"Mass","category":"Technical flow properties","refUnit":"kg"},"uncertainty":{"@type":"Uncertainty","distributionType":"LOG_NORMAL_DISTRIBUTION","geomMean":0.001636,"geomSd":1.4159595351294902}},{"@type":"Exchange","isAvoidedProduct":false,"isInput":false,"amount":9.5733E-5,"dqEntry":"(1;1;4;1;1)","description":"burden from short-term leachate to groundwater in uncontrolled landfill in moist cimate. ","internalId":36,"flow":{"@type":"Flow","@id":"2e0c9efa-d55c-49db-8be3-0376d5921ff4","name":"Aluminium III","category":"Elementary flows/Emission to water/ground water","flowType":"ELEMENTARY_FLOW","refUnit":"kg"},"unit":{"@type":"Unit","@id":"20aadc24-a391-41cf-b340-3e4529f44bde","name":"kg"},"flowProperty":{"@type":"FlowProperty","@id":"93a60a56-a3c8-11da-a746-0800200b9a66","name":"Mass","category":"Technical flow properties","refUnit":"kg"},"uncertainty":{"@type":"Uncertainty","distributionType":"LOG_NORMAL_DISTRIBUTION","geomMean":9.573E-5,"geomSd":1.5362381952104305}},{"@type":"Exchange","isAvoidedProduct":false,"isInput":false,"amount":4.5603E-11,"dqEntry":"(1;1;4;1;1)","description":"burden from direct release or incineration of landfill biogas; or windblown leachate evaporite in arid climates. ","internalId":33,"flow":{"@type":"Flow","@id":"481c0dd4-3ab2-47b5-94c4-b990e8a9dde5","name":"Vanadium V","category":"Elementary flows/Emission to air/low population density","flowType":"ELEMENTARY_FLOW","refUnit":"kg"},"unit":{"@type":"Unit","@id":"20aadc24-a391-41cf-b340-3e4529f44bde","name":"kg"},"flowProperty":{"@type":"FlowProperty","@id":"93a60a56-a3c8-11da-a746-0800200b9a66","name":"Mass","category":"Technical flow properties","refUnit":"kg"},"uncertainty":{"@type":"Uncertainty","distributionType":"LOG_NORMAL_DISTRIBUTION","geomMean":4.56E-11,"geomSd":2.2501417589753827}},{"@type":"Exchange","isAvoidedProduct":false,"isInput":false,"amount":0.012324,"dqEntry":"(1;1;4;1;1)","description":"Emissions from long-term leachate (\u003e100a) directly from MSW landfill and indirectly via incineration of treatement sludge from leachate treatement. ","internalId":37,"flow":{"@type":"Flow","@id":"01056d4b-f9b0-4dfc-b8d9-8407c8376efb","name":"Aluminium III","category":"Elementary flows/Emission to water/ground water, long-term","flowType":"ELEMENTARY_FLOW","refUnit":"kg"},"unit":{"@type":"Unit","@id":"20aadc24-a391-41cf-b340-3e4529f44bde","name":"kg"},"flowProperty":{"@type":"FlowProperty","@id":"93a60a56-a3c8-11da-a746-0800200b9a66","name":"Mass","category":"Technical flow properties","refUnit":"kg"},"uncertainty":{"@type":"Uncertainty","distributionType":"LOG_NORMAL_DISTRIBUTION","geomMean":0.01232,"geomSd":1.3394537329626188}},{"@type":"Exchange","isAvoidedProduct":false,"isInput":false,"amount":6.3189E-4,"dqEntry":"(1;1;4;1;1)","description":"Emissions from long-term leachate (\u003e100a) directly from MSW landfill and indirectly via incineration of treatement sludge from leachate treatement. ","internalId":39,"flow":{"@type":"Flow","@id":"130cedc6-f6ed-4f1b-bd1e-881177f79e74","name":"Ammonium","category":"Elementary flows/Emission to water/ground water, long-term","flowType":"ELEMENTARY_FLOW","refUnit":"kg"},"unit":{"@type":"Unit","@id":"20aadc24-a391-41cf-b340-3e4529f44bde","name":"kg"},"flowProperty":{"@type":"FlowProperty","@id":"93a60a56-a3c8-11da-a746-0800200b9a66","name":"Mass","category":"Technical flow properties","refUnit":"kg"},"uncertainty":{"@type":"Uncertainty","distributionType":"LOG_NORMAL_DISTRIBUTION","geomMean":6.319E-4,"geomSd":1.4359926110141088}},{"@type":"Exchange","isAvoidedProduct":false,"isInput":false,"amount":1.0206E-7,"dqEntry":"(1;1;4;1;1)","description":"burden from direct release or incineration of landfill biogas; or windblown leachate evaporite in arid climates. ","internalId":19,"flow":{"@type":"Flow","@id":"0437e787-ef47-4a50-b11f-df7c743e860c","name":"Magnesium","category":"Elementary flows/Emission to air/low population density","flowType":"ELEMENTARY_FLOW","refUnit":"kg"},"unit":{"@type":"Unit","@id":"20aadc24-a391-41cf-b340-3e4529f44bde","name":"kg"},"flowProperty":{"@type":"FlowProperty","@id":"93a60a56-a3c8-11da-a746-0800200b9a66","name":"Mass","category":"Technical flow properties","refUnit":"kg"},"uncertainty":{"@type":"Uncertainty","distributionType":"LOG_NORMAL_DISTRIBUTION","geomMean":1.021E-7,"geomSd":1.8878466815178896}},{"@type":"Exchange","isAvoidedProduct":false,"isInput":false,"amount":1.2904E-7,"dqEntry":"(1;1;4;1;1)","description":"burden from short-term leachate to groundwater in uncontrolled landfill in moist cimate. ","internalId":40,"flow":{"@type":"Flow","@id":"5df5cb9f-812c-4ce8-ab1c-df6ab4d31900","name":"Antimony ion","category":"Elementary flows/Emission to water/ground water","flowType":"ELEMENTARY_FLOW","refUnit":"kg"},"unit":{"@type":"Unit","@id":"20aadc24-a391-41cf-b340-3e4529f44bde","name":"kg"},"flowProperty":{"@type":"FlowProperty","@id":"93a60a56-a3c8-11da-a746-0800200b9a66","name":"Mass","category":"Technical flow properties","refUnit":"kg"},"uncertainty":{"@type":"Uncertainty","distributionType":"LOG_NORMAL_DISTRIBUTION","geomMean":1.29E-7,"geomSd":1.879279131634943}},{"@type":"Exchange","isAvoidedProduct":false,"isInput":false,"amount":4.2058E-10,"dqEntry":"(1;1;4;1;1)","description":"burden from direct release or incineration of landfill biogas; or windblown leachate evaporite in arid climates. ","internalId":4,"flow":{"@type":"Flow","@id":"7348af7c-e102-4a03-a0df-efce16469eed","name":"Arsenic ion","category":"Elementary flows/Emission to air/low population density","flowType":"ELEMENTARY_FLOW","refUnit":"kg"},"unit":{"@type":"Unit","@id":"20aadc24-a391-41cf-b340-3e4529f44bde","name":"kg"},"flowProperty":{"@type":"FlowProperty","@id":"93a60a56-a3c8-11da-a746-0800200b9a66","name":"Mass","category":"Technical flow properties","refUnit":"kg"},"uncertainty":{"@type":"Uncertainty","distributionType":"LOG_NORMAL_DISTRIBUTION","geomMean":4.206E-10,"geomSd":2.1467537235221923}},{"@type":"Exchange","isAvoidedProduct":false,"isInput":false,"amount":2.9007E-11,"dqEntry":"(1;1;4;1;1)","description":"burden from direct release or incineration of landfill biogas; or windblown leachate evaporite in arid climates. ","internalId":12,"flow":{"@type":"Flow","@id":"b10faa87-2c1d-4f6e-aa65-9f80b376939a","name":"Cobalt II","category":"Elementary flows/Emission to air/low population density","flowType":"ELEMENTARY_FLOW","refUnit":"kg"},"unit":{"@type":"Unit","@id":"20aadc24-a391-41cf-b340-3e4529f44bde","name":"kg"},"flowProperty":{"@type":"FlowProperty","@id":"93a60a56-a3c8-11da-a746-0800200b9a66","name":"Mass","category":"Technical flow properties","refUnit":"kg"},"uncertainty":{"@type":"Uncertainty","distributionType":"LOG_NORMAL_DISTRIBUTION","geomMean":2.901E-11,"geomSd":2.270472148472934}},{"@type":"Exchange","isAvoidedProduct":false,"isInput":false,"amount":1.0678E-7,"dqEntry":"(1;1;4;1;1)","description":"burden from direct release or incineration of landfill biogas; or windblown leachate evaporite in arid climates. ","internalId":27,"flow":{"@type":"Flow","@id":"9597c1a2-ecda-4a89-97c5-efcdc679058d","name":"Potassium I","category":"Elementary flows/Emission to air/low population density","flowType":"ELEMENTARY_FLOW","refUnit":"kg"},"unit":{"@type":"Unit","@id":"20aadc24-a391-41cf-b340-3e4529f44bde","name":"kg"},"flowProperty":{"@type":"FlowProperty","@id":"93a60a56-a3c8-11da-a746-0800200b9a66","name":"Mass","category":"Technical flow properties","refUnit":"kg"},"uncertainty":{"@type":"Uncertainty","distributionType":"LOG_NORMAL_DISTRIBUTION","geomMean":1.068E-7,"geomSd":1.8846959695393448}},{"@type":"Exchange","isAvoidedProduct":false,"isInput":false,"amount":5.6147E-11,"dqEntry":"(1;1;4;1;1)","description":"burden from direct release or incineration of landfill biogas; or windblown leachate evaporite in arid climates. ","internalId":18,"flow":{"@type":"Flow","@id":"2718482b-8399-442e-b89a-52fbcc22d2e6","name":"Lead II","category":"Elementary flows/Emission to air/low population density","flowType":"ELEMENTARY_FLOW","refUnit":"kg"},"unit":{"@type":"Unit","@id":"20aadc24-a391-41cf-b340-3e4529f44bde","name":"kg"},"flowProperty":{"@type":"FlowProperty","@id":"93a60a56-a3c8-11da-a746-0800200b9a66","name":"Mass","category":"Technical flow properties","refUnit":"kg"},"uncertainty":{"@type":"Uncertainty","distributionType":"LOG_NORMAL_DISTRIBUTION","geomMean":5.615E-11,"geomSd":2.234952822008307}},{"@type":"Exchange","isAvoidedProduct":false,"isInput":false,"amount":1.8139E-4,"dqEntry":"(1;1;4;1;1)","description":"Emissions from long-term leachate (\u003e100a) directly from MSW landfill and indirectly via incineration of treatement sludge from leachate treatement. ","internalId":96,"flow":{"@type":"Flow","@id":"490b267b-f429-4d9a-ac79-224e37fb4d58","name":"Phosphate","category":"Elementary flows/Emission to water/ground water, long-term","flowType":"ELEMENTARY_FLOW","refUnit":"kg"},"unit":{"@type":"Unit","@id":"20aadc24-a391-41cf-b340-3e4529f44bde","name":"kg"},"flowProperty":{"@type":"FlowProperty","@id":"93a60a56-a3c8-11da-a746-0800200b9a66","name":"Mass","category":"Technical flow properties","refUnit":"kg"},"uncertainty":{"@type":"Uncertainty","distributionType":"LOG_NORMAL_DISTRIBUTION","geomMean":1.814E-4,"geomSd":2.2074257140444034}},{"@type":"Exchange","isAvoidedProduct":false,"isInput":false,"amount":2.6279E-7,"dqEntry":"(1;1;4;1;1)","description":"burden from direct release or incineration of landfill biogas; or windblown leachate evaporite in arid climates. ","internalId":30,"flow":{"@type":"Flow","@id":"3d719c07-ec27-4971-b7cc-4bcf17d77dd3","name":"Sodium","category":"Elementary flows/Emission to air/low population density","flowType":"ELEMENTARY_FLOW","refUnit":"kg"},"unit":{"@type":"Unit","@id":"20aadc24-a391-41cf-b340-3e4529f44bde","name":"kg"},"flowProperty":{"@type":"FlowProperty","@id":"93a60a56-a3c8-11da-a746-0800200b9a66","name":"Mass","category":"Technical flow properties","refUnit":"kg"},"uncertainty":{"@type":"Uncertainty","distributionType":"LOG_NORMAL_DISTRIBUTION","geomMean":2.628E-7,"geomSd":1.8421506334836564}},{"@type":"Exchange","isAvoidedProduct":false,"isInput":false,"amount":1.3628E-8,"dqEntry":"(1;1;4;1;1)","description":"burden from short-term leachate to groundwater in uncontrolled landfill in moist cimate. ","internalId":110,"flow":{"@type":"Flow","@id":"f73177d8-5e57-4f0d-ba34-6889cfdfed40","name":"Tin ion","category":"Elementary flows/Emission to water/ground water","flowType":"ELEMENTARY_FLOW","refUnit":"kg"},"unit":{"@type":"Unit","@id":"20aadc24-a391-41cf-b340-3e4529f44bde","name":"kg"},"flowProperty":{"@type":"FlowProperty","@id":"93a60a56-a3c8-11da-a746-0800200b9a66","name":"Mass","category":"Technical flow properties","refUnit":"kg"},"uncertainty":{"@type":"Uncertainty","distributionType":"LOG_NORMAL_DISTRIBUTION","geomMean":1.363E-8,"geomSd":1.983764595487889}},{"@type":"Exchange","isAvoidedProduct":false,"isInput":false,"amount":3.7675E-9,"dqEntry":"(1;1;4;1;1)","description":"Emissions from long-term leachate (\u003e100a) directly from MSW landfill and indirectly via incineration of treatement sludge from leachate treatement. ","internalId":74,"flow":{"@type":"Flow","@id":"b5fae91e-cff0-4513-a997-cdb6922f1ab4","name":"Iodide","category":"Elementary flows/Emission to water/ground water, long-term","flowType":"ELEMENTARY_FLOW","refUnit":"kg"},"unit":{"@type":"Unit","@id":"20aadc24-a391-41cf-b340-3e4529f44bde","name":"kg"},"flowProperty":{"@type":"FlowProperty","@id":"93a60a56-a3c8-11da-a746-0800200b9a66","name":"Mass","category":"Technical flow properties","refUnit":"kg"},"uncertainty":{"@type":"Uncertainty","distributionType":"LOG_NORMAL_DISTRIBUTION","geomMean":3.768E-9,"geomSd":2.0060653480170805}},{"@type":"Exchange","isAvoidedProduct":false,"isInput":false,"amount":9.5851E-11,"dqEntry":"(1;1;4;1;1)","description":"burden from direct release or incineration of landfill biogas; or windblown leachate evaporite in arid climates. ","internalId":25,"flow":{"@type":"Flow","@id":"e8fc62ba-678e-4706-97d2-b79d83e227d5","name":"Nickel II","category":"Elementary flows/Emission to air/low population density","flowType":"ELEMENTARY_FLOW","refUnit":"kg"},"unit":{"@type":"Unit","@id":"20aadc24-a391-41cf-b340-3e4529f44bde","name":"kg"},"flowProperty":{"@type":"FlowProperty","@id":"93a60a56-a3c8-11da-a746-0800200b9a66","name":"Mass","category":"Technical flow properties","refUnit":"kg"},"uncertainty":{"@type":"Uncertainty","distributionType":"LOG_NORMAL_DISTRIBUTION","geomMean":9.585E-11,"geomSd":2.214113698971048}},{"@type":"Exchange","isAvoidedProduct":false,"isInput":false,"amount":8.6438E-7,"dqEntry":"(1;1;4;1;1)","description":"burden from direct release or incineration of landfill biogas. ","internalId":26,"flow":{"@type":"Flow","@id":"77357947-ccc5-438e-9996-95e65e1e1bce","name":"Nitrogen oxides","category":"Elementary flows/Emission to air/low population density","flowType":"ELEMENTARY_FLOW","refUnit":"kg"},"unit":{"@type":"Unit","@id":"20aadc24-a391-41cf-b340-3e4529f44bde","name":"kg"},"flowProperty":{"@type":"FlowProperty","@id":"93a60a56-a3c8-11da-a746-0800200b9a66","name":"Mass","category":"Technical flow properties","refUnit":"kg"},"uncertainty":{"@type":"Uncertainty","distributionType":"LOG_NORMAL_DISTRIBUTION","geomMean":8.644E-7,"geomSd":1.5578661655383763}},{"@type":"Exchange","isAvoidedProduct":false,"isInput":false,"amount":5.697E-6,"dqEntry":"(1;1;4;1;1)","description":"burden from short-term leachate to groundwater in uncontrolled landfill in moist cimate. ","internalId":71,"flow":{"@type":"Flow","@id":"db945649-d0d5-4818-ab81-dc8579469a05","name":"Hydrogen sulfide","category":"Elementary flows/Emission to water/ground water","flowType":"ELEMENTARY_FLOW","refUnit":"kg"},"unit":{"@type":"Unit","@id":"20aadc24-a391-41cf-b340-3e4529f44bde","name":"kg"},"flowProperty":{"@type":"FlowProperty","@id":"93a60a56-a3c8-11da-a746-0800200b9a66","name":"Mass","category":"Technical flow properties","refUnit":"kg"},"uncertainty":{"@type":"Uncertainty","distributionType":"LOG_NORMAL_DISTRIBUTION","geomMean":5.697E-6,"geomSd":1.5622335759421657}},{"@type":"Exchange","isAvoidedProduct":false,"isInput":false,"amount":2.5342E-4,"dqEntry":"(1;1;4;1;1)","description":"Emissions from long-term leachate (\u003e100a) directly from MSW landfill and indirectly via incineration of treatement sludge from leachate treatement. ","internalId":82,"flow":{"@type":"Flow","@id":"835d0907-a668-4d92-b6b6-7b56fa343713","name":"Manganese II","category":"Elementary flows/Emission to water/ground water, long-term","flowType":"ELEMENTARY_FLOW","refUnit":"kg"},"unit":{"@type":"Unit","@id":"20aadc24-a391-41cf-b340-3e4529f44bde","name":"kg"},"flowProperty":{"@type":"FlowProperty","@id":"93a60a56-a3c8-11da-a746-0800200b9a66","name":"Mass","category":"Technical flow properties","refUnit":"kg"},"uncertainty":{"@type":"Uncertainty","distributionType":"LOG_NORMAL_DISTRIBUTION","geomMean":2.534E-4,"geomSd":1.5793306121792634}},{"@type":"Exchange","isAvoidedProduct":false,"isInput":false,"amount":3.834E-7,"dqEntry":"(1;1;4;1;1)","description":"burden from short-term leachate to groundwater in uncontrolled landfill in moist cimate. ","internalId":87,"flow":{"@type":"Flow","@id":"56815b4f-6138-4e0b-9fac-c94fd6b102b3","name":"Nickel II","category":"Elementary flows/Emission to water/ground water","flowType":"ELEMENTARY_FLOW","refUnit":"kg"},"unit":{"@type":"Unit","@id":"20aadc24-a391-41cf-b340-3e4529f44bde","name":"kg"},"flowProperty":{"@type":"FlowProperty","@id":"93a60a56-a3c8-11da-a746-0800200b9a66","name":"Mass","category":"Technical flow properties","refUnit":"kg"},"uncertainty":{"@type":"Uncertainty","distributionType":"LOG_NORMAL_DISTRIBUTION","geomMean":3.834E-7,"geomSd":1.8232270315197936}},{"@type":"Exchange","isAvoidedProduct":false,"isInput":false,"amount":1.1843E-5,"dqEntry":"(1;1;4;1;1)","description":"Emissions from long-term leachate (\u003e100a) directly from MSW landfill and indirectly via incineration of treatement sludge from leachate treatement. ","internalId":51,"flow":{"@type":"Flow","@id":"20bc9500-2e2f-4cba-9332-8ea17d362aba","name":"Bromine","category":"Elementary flows/Emission to water/ground water, long-term","flowType":"ELEMENTARY_FLOW","refUnit":"kg"},"unit":{"@type":"Unit","@id":"20aadc24-a391-41cf-b340-3e4529f44bde","name":"kg"},"flowProperty":{"@type":"FlowProperty","@id":"93a60a56-a3c8-11da-a746-0800200b9a66","name":"Mass","category":"Technical flow properties","refUnit":"kg"},"uncertainty":{"@type":"Uncertainty","distributionType":"LOG_NORMAL_DISTRIBUTION","geomMean":1.184E-5,"geomSd":1.7406459124965947}},{"@type":"Exchange","isAvoidedProduct":false,"isInput":false,"amount":0.071996,"dqEntry":"(1;1;4;1;1)","description":"Emissions from long-term leachate (\u003e100a) directly from MSW landfill and indirectly via incineration of treatement sludge from leachate treatement. ","internalId":45,"flow":{"@type":"Flow","@id":"aedea697-930a-4a0e-9e4f-b9c369aa9a33","name":"BOD5, Biological Oxygen Demand","category":"Elementary flows/Emission to water/ground water, long-term","flowType":"ELEMENTARY_FLOW","refUnit":"kg"},"unit":{"@type":"Unit","@id":"20aadc24-a391-41cf-b340-3e4529f44bde","name":"kg"},"flowProperty":{"@type":"FlowProperty","@id":"93a60a56-a3c8-11da-a746-0800200b9a66","name":"Mass","category":"Technical flow properties","refUnit":"kg"},"uncertainty":{"@type":"Uncertainty","distributionType":"LOG_NORMAL_DISTRIBUTION","geomMean":0.072,"geomSd":1.0973903185881304}},{"@type":"Exchange","isAvoidedProduct":false,"isInput":false,"amount":0.0052893,"dqEntry":"(1;1;4;1;1)","description":"burden from direct release or incineration of landfill biogas. ","internalId":9,"flow":{"@type":"Flow","@id":"aa7cac3a-3625-41d4-bc54-33e2cf11ec46","name":"Carbon dioxide, fossil","category":"Elementary flows/Emission to air/low population density","flowType":"ELEMENTARY_FLOW","refUnit":"kg"},"unit":{"@type":"Unit","@id":"20aadc24-a391-41cf-b340-3e4529f44bde","name":"kg"},"flowProperty":{"@type":"FlowProperty","@id":"93a60a56-a3c8-11da-a746-0800200b9a66","name":"Mass","category":"Technical flow properties","refUnit":"kg"},"uncertainty":{"@type":"Uncertainty","distributionType":"LOG_NORMAL_DISTRIBUTION","geomMean":0.005289,"geomSd":1.185691510687987}},{"@type":"Exchange","isAvoidedProduct":false,"isInput":false,"amount":2.9077E-7,"dqEntry":"(1;1;4;1;1)","description":"burden from short-term leachate to groundwater in uncontrolled landfill in moist cimate. ","internalId":64,"flow":{"@type":"Flow","@id":"c3b659e5-35f1-408c-8cb5-b5f9b295c76e","name":"Copper ion","category":"Elementary flows/Emission to water/ground water","flowType":"ELEMENTARY_FLOW","refUnit":"kg"},"unit":{"@type":"Unit","@id":"20aadc24-a391-41cf-b340-3e4529f44bde","name":"kg"},"flowProperty":{"@type":"FlowProperty","@id":"93a60a56-a3c8-11da-a746-0800200b9a66","name":"Mass","category":"Technical flow properties","refUnit":"kg"},"uncertainty":{"@type":"Uncertainty","distributionType":"LOG_NORMAL_DISTRIBUTION","geomMean":2.908E-7,"geomSd":1.834390827881944}},{"@type":"Exchange","isAvoidedProduct":false,"isInput":false,"amount":5.9359E-6,"dqEntry":"(1;1;4;1;1)","description":"burden from short-term leachate to groundwater in uncontrolled landfill in moist cimate. ","internalId":81,"flow":{"@type":"Flow","@id":"44f28e11-061d-44fd-8f25-dc62a9f1fa57","name":"Manganese II","category":"Elementary flows/Emission to water/ground water","flowType":"ELEMENTARY_FLOW","refUnit":"kg"},"unit":{"@type":"Unit","@id":"20aadc24-a391-41cf-b340-3e4529f44bde","name":"kg"},"flowProperty":{"@type":"FlowProperty","@id":"93a60a56-a3c8-11da-a746-0800200b9a66","name":"Mass","category":"Technical flow properties","refUnit":"kg"},"uncertainty":{"@type":"Uncertainty","distributionType":"LOG_NORMAL_DISTRIBUTION","geomMean":5.936E-6,"geomSd":1.6912395163820517}},{"@type":"Exchange","isAvoidedProduct":false,"isInput":false,"amount":2.2887E-6,"dqEntry":"(1;1;4;1;1)","description":"burden from short-term leachate to groundwater in uncontrolled landfill in moist cimate. ","internalId":114,"flow":{"@type":"Flow","@id":"7e769b3e-03fb-4b53-be15-85a910dcfea9","name":"Zinc II","category":"Elementary flows/Emission to water/ground water","flowType":"ELEMENTARY_FLOW","refUnit":"kg"},"unit":{"@type":"Unit","@id":"20aadc24-a391-41cf-b340-3e4529f44bde","name":"kg"},"flowProperty":{"@type":"FlowProperty","@id":"93a60a56-a3c8-11da-a746-0800200b9a66","name":"Mass","category":"Technical flow properties","refUnit":"kg"},"uncertainty":{"@type":"Uncertainty","distributionType":"LOG_NORMAL_DISTRIBUTION","geomMean":2.289E-6,"geomSd":1.7306515376154552}},{"@type":"Exchange","isAvoidedProduct":false,"isInput":false,"amount":5.0861E-10,"dqEntry":"(1;1;4;1;1)","description":"burden from direct release or incineration of landfill biogas; or windblown leachate evaporite in arid climates. ","internalId":34,"flow":{"@type":"Flow","@id":"ada3ecfe-8244-4389-bcce-e83ca4f66e09","name":"Zinc II","category":"Elementary flows/Emission to air/low population density","flowType":"ELEMENTARY_FLOW","refUnit":"kg"},"unit":{"@type":"Unit","@id":"20aadc24-a391-41cf-b340-3e4529f44bde","name":"kg"},"flowProperty":{"@type":"FlowProperty","@id":"93a60a56-a3c8-11da-a746-0800200b9a66","name":"Mass","category":"Technical flow properties","refUnit":"kg"},"uncertainty":{"@type":"Uncertainty","distributionType":"LOG_NORMAL_DISTRIBUTION","geomMean":5.086E-10,"geomSd":2.1359687389526436}},{"@type":"Exchange","isAvoidedProduct":false,"isInput":false,"amount":1.1603E-7,"dqEntry":"(1;1;4;1;1)","description":"burden from short-term leachate to groundwater in uncontrolled landfill in moist cimate. ","internalId":62,"flow":{"@type":"Flow","@id":"f0d1c319-249f-4a89-b0e7-3a5a90a54036","name":"Cobalt II","category":"Elementary flows/Emission to water/ground water","flowType":"ELEMENTARY_FLOW","refUnit":"kg"},"unit":{"@type":"Unit","@id":"20aadc24-a391-41cf-b340-3e4529f44bde","name":"kg"},"flowProperty":{"@type":"FlowProperty","@id":"93a60a56-a3c8-11da-a746-0800200b9a66","name":"Mass","category":"Technical flow properties","refUnit":"kg"},"uncertainty":{"@type":"Uncertainty","distributionType":"LOG_NORMAL_DISTRIBUTION","geomMean":1.16E-7,"geomSd":1.9061126152875896}},{"@type":"Exchange","isAvoidedProduct":false,"isInput":false,"amount":3.2684E-5,"dqEntry":"(1;1;4;1;1)","description":"burden from short-term leachate to groundwater in uncontrolled landfill in moist cimate. ","internalId":91,"flow":{"@type":"Flow","@id":"9a98be81-7711-4a1b-adc0-8e65acf05d62","name":"Nitrite","category":"Elementary flows/Emission to water/ground water","flowType":"ELEMENTARY_FLOW","refUnit":"kg"},"unit":{"@type":"Unit","@id":"20aadc24-a391-41cf-b340-3e4529f44bde","name":"kg"},"flowProperty":{"@type":"FlowProperty","@id":"93a60a56-a3c8-11da-a746-0800200b9a66","name":"Mass","category":"Technical flow properties","refUnit":"kg"},"uncertainty":{"@type":"Uncertainty","distributionType":"LOG_NORMAL_DISTRIBUTION","geomMean":3.268E-5,"geomSd":1.4376576413131492}},{"@type":"Exchange","isAvoidedProduct":false,"isInput":false,"amount":5.0226E-4,"dqEntry":"(1;1;4;1;1)","description":"Emissions from long-term leachate (\u003e100a) directly from MSW landfill and indirectly via incineration of treatement sludge from leachate treatement. ","internalId":78,"flow":{"@type":"Flow","@id":"0ff15165-d761-48c9-9814-2d1dcdd56857","name":"Lead II","category":"Elementary flows/Emission to water/ground water, long-term","flowType":"ELEMENTARY_FLOW","refUnit":"kg"},"unit":{"@type":"Unit","@id":"20aadc24-a391-41cf-b340-3e4529f44bde","name":"kg"},"flowProperty":{"@type":"FlowProperty","@id":"93a60a56-a3c8-11da-a746-0800200b9a66","name":"Mass","category":"Technical flow properties","refUnit":"kg"},"uncertainty":{"@type":"Uncertainty","distributionType":"LOG_NORMAL_DISTRIBUTION","geomMean":5.023E-4,"geomSd":1.540951800096434}},{"@type":"Exchange","isAvoidedProduct":false,"isInput":false,"amount":6.6454E-5,"dqEntry":"(1;1;4;1;1)","description":"Emissions from long-term leachate (\u003e100a) directly from MSW landfill and indirectly via incineration of treatement sludge from leachate treatement. ","internalId":90,"flow":{"@type":"Flow","@id":"b61057a3-a0bc-4158-882e-b819c4797419","name":"Nitrate","category":"Elementary flows/Emission to water/ground water, long-term","flowType":"ELEMENTARY_FLOW","refUnit":"kg"},"unit":{"@type":"Unit","@id":"20aadc24-a391-41cf-b340-3e4529f44bde","name":"kg"},"flowProperty":{"@type":"FlowProperty","@id":"93a60a56-a3c8-11da-a746-0800200b9a66","name":"Mass","category":"Technical flow properties","refUnit":"kg"},"uncertainty":{"@type":"Uncertainty","distributionType":"LOG_NORMAL_DISTRIBUTION","geomMean":6.645E-5,"geomSd":1.4359926110141088}},{"@type":"Exchange","isAvoidedProduct":false,"isInput":false,"amount":3.226E-11,"dqEntry":"(1;1;4;1;1)","description":"burden from direct release or incineration of landfill biogas; or windblown leachate evaporite in arid climates. ","internalId":3,"flow":{"@type":"Flow","@id":"43b29ad9-26dd-4838-b931-6216e55a0120","name":"Antimony ion","category":"Elementary flows/Emission to air/low population density","flowType":"ELEMENTARY_FLOW","refUnit":"kg"},"unit":{"@type":"Unit","@id":"20aadc24-a391-41cf-b340-3e4529f44bde","name":"kg"},"flowProperty":{"@type":"FlowProperty","@id":"93a60a56-a3c8-11da-a746-0800200b9a66","name":"Mass","category":"Technical flow properties","refUnit":"kg"},"uncertainty":{"@type":"Uncertainty","distributionType":"LOG_NORMAL_DISTRIBUTION","geomMean":3.226E-11,"geomSd":2.2650575041785506}},{"@type":"Exchange","isAvoidedProduct":false,"isInput":false,"amount":0.0017896,"dqEntry":"(1;1;4;1;1)","description":"burden from short-term leachate to groundwater in uncontrolled landfill in moist cimate. ","internalId":52,"flow":{"@type":"Flow","@id":"be10dd54-eb4d-48ae-9e14-7d79ce8b170d","name":"COD, Chemical Oxygen Demand","category":"Elementary flows/Emission to water/ground water","flowType":"ELEMENTARY_FLOW","refUnit":"kg"},"unit":{"@type":"Unit","@id":"20aadc24-a391-41cf-b340-3e4529f44bde","name":"kg"},"flowProperty":{"@type":"FlowProperty","@id":"93a60a56-a3c8-11da-a746-0800200b9a66","name":"Mass","category":"Technical flow properties","refUnit":"kg"},"uncertainty":{"@type":"Uncertainty","distributionType":"LOG_NORMAL_DISTRIBUTION","geomMean":0.00179,"geomSd":1.4159595351294902}},{"@type":"Exchange","isAvoidedProduct":false,"isInput":false,"amount":4.2712E-4,"dqEntry":"(1;1;4;1;1)","description":"burden from short-term leachate to groundwater in uncontrolled landfill in moist cimate. ","internalId":97,"flow":{"@type":"Flow","@id":"c21a1397-82dc-427a-a6cb-c790ba2626f4","name":"Potassium I","category":"Elementary flows/Emission to water/ground water","flowType":"ELEMENTARY_FLOW","refUnit":"kg"},"unit":{"@type":"Unit","@id":"20aadc24-a391-41cf-b340-3e4529f44bde","name":"kg"},"flowProperty":{"@type":"FlowProperty","@id":"93a60a56-a3c8-11da-a746-0800200b9a66","name":"Mass","category":"Technical flow properties","refUnit":"kg"},"uncertainty":{"@type":"Uncertainty","distributionType":"LOG_NORMAL_DISTRIBUTION","geomMean":4.271E-4,"geomSd":1.485407688119656}},{"@type":"Exchange","isAvoidedProduct":false,"isInput":false,"amount":6.0051E-4,"dqEntry":"(1;1;4;1;1)","description":"burden from short-term leachate to groundwater in uncontrolled landfill in moist cimate. ","internalId":38,"flow":{"@type":"Flow","@id":"736f52e8-9703-4076-8909-7ae80a7f8005","name":"Ammonium","category":"Elementary flows/Emission to water/ground water","flowType":"ELEMENTARY_FLOW","refUnit":"kg"},"unit":{"@type":"Unit","@id":"20aadc24-a391-41cf-b340-3e4529f44bde","name":"kg"},"flowProperty":{"@type":"FlowProperty","@id":"93a60a56-a3c8-11da-a746-0800200b9a66","name":"Mass","category":"Technical flow properties","refUnit":"kg"},"uncertainty":{"@type":"Uncertainty","distributionType":"LOG_NORMAL_DISTRIBUTION","geomMean":6.005E-4,"geomSd":1.4376576413131492}},{"@type":"Exchange","isAvoidedProduct":false,"isInput":false,"amount":4.1488E-5,"dqEntry":"(1;1;4;1;1)","description":"burden from short-term leachate to groundwater in uncontrolled landfill in moist cimate. ","internalId":95,"flow":{"@type":"Flow","@id":"329fc7d8-4011-4327-84e4-34ff76f0e42d","name":"Phosphate","category":"Elementary flows/Emission to water/ground water","flowType":"ELEMENTARY_FLOW","refUnit":"kg"},"unit":{"@type":"Unit","@id":"20aadc24-a391-41cf-b340-3e4529f44bde","name":"kg"},"flowProperty":{"@type":"FlowProperty","@id":"93a60a56-a3c8-11da-a746-0800200b9a66","name":"Mass","category":"Technical flow properties","refUnit":"kg"},"uncertainty":{"@type":"Uncertainty","distributionType":"LOG_NORMAL_DISTRIBUTION","geomMean":4.149E-5,"geomSd":1.6438172461484992}},{"@type":"Exchange","isAvoidedProduct":false,"isInput":false,"amount":0.0016362,"dqEntry":"(1;1;4;1;1)","description":"burden from short-term leachate to groundwater in uncontrolled landfill in moist cimate. ","internalId":108,"flow":{"@type":"Flow","@id":"73b225ab-ddc4-4a38-9ed0-ceedee987424","name":"TOC, Total Organic Carbon","category":"Elementary flows/Emission to water/ground water","flowType":"ELEMENTARY_FLOW","refUnit":"kg"},"unit":{"@type":"Unit","@id":"20aadc24-a391-41cf-b340-3e4529f44bde","name":"kg"},"flowProperty":{"@type":"FlowProperty","@id":"93a60a56-a3c8-11da-a746-0800200b9a66","name":"Mass","category":"Technical flow properties","refUnit":"kg"},"uncertainty":{"@type":"Uncertainty","distributionType":"LOG_NORMAL_DISTRIBUTION","geomMean":0.001636,"geomSd":1.4159595351294902}},{"@type":"Exchange","isAvoidedProduct":false,"isInput":false,"amount":1.4382E-6,"dqEntry":"(1;1;4;1;1)","description":"Emissions from long-term leachate (\u003e100a) directly from MSW landfill and indirectly via incineration of treatement sludge from leachate treatement. ","internalId":84,"flow":{"@type":"Flow","@id":"40f89b03-64f8-466d-9480-bca47d8a435c","name":"Mercury II","category":"Elementary flows/Emission to water/ground water, long-term","flowType":"ELEMENTARY_FLOW","refUnit":"kg"},"unit":{"@type":"Unit","@id":"20aadc24-a391-41cf-b340-3e4529f44bde","name":"kg"},"flowProperty":{"@type":"FlowProperty","@id":"93a60a56-a3c8-11da-a746-0800200b9a66","name":"Mass","category":"Technical flow properties","refUnit":"kg"},"uncertainty":{"@type":"Uncertainty","distributionType":"LOG_NORMAL_DISTRIBUTION","geomMean":1.438E-6,"geomSd":1.853030677648867}},{"@type":"Exchange","isAvoidedProduct":false,"isInput":false,"amount":0.013749,"dqEntry":"(1;1;4;1;1)","description":"Emissions from long-term leachate (\u003e100a) directly from MSW landfill and indirectly via incineration of treatement sludge from leachate treatement. ","internalId":57,"flow":{"@type":"Flow","@id":"ae28c923-a4a3-4f00-b862-1ae6e748efb9","name":"Calcium II","category":"Elementary flows/Emission to water/ground water, long-term","flowType":"ELEMENTARY_FLOW","refUnit":"kg"},"unit":{"@type":"Unit","@id":"20aadc24-a391-41cf-b340-3e4529f44bde","name":"kg"},"flowProperty":{"@type":"FlowProperty","@id":"93a60a56-a3c8-11da-a746-0800200b9a66","name":"Mass","category":"Technical flow properties","refUnit":"kg"},"uncertainty":{"@type":"Uncertainty","distributionType":"LOG_NORMAL_DISTRIBUTION","geomMean":0.01375,"geomSd":1.3310622022927325}},{"@type":"Exchange","isAvoidedProduct":false,"isInput":false,"amount":3.4392E-5,"dqEntry":"(1;1;4;1;1)","description":"Emissions from long-term leachate (\u003e100a) directly from MSW landfill and indirectly via incineration of treatement sludge from leachate treatement. ","internalId":92,"flow":{"@type":"Flow","@id":"f5d022f1-c26d-4044-ac88-d7c5bbff83c4","name":"Nitrite","category":"Elementary flows/Emission to water/ground water, long-term","flowType":"ELEMENTARY_FLOW","refUnit":"kg"},"unit":{"@type":"Unit","@id":"20aadc24-a391-41cf-b340-3e4529f44bde","name":"kg"},"flowProperty":{"@type":"FlowProperty","@id":"93a60a56-a3c8-11da-a746-0800200b9a66","name":"Mass","category":"Technical flow properties","refUnit":"kg"},"uncertainty":{"@type":"Uncertainty","distributionType":"LOG_NORMAL_DISTRIBUTION","geomMean":3.439E-5,"geomSd":1.4359926110141088}},{"@type":"Exchange","isAvoidedProduct":false,"isInput":false,"amount":5.8159E-6,"dqEntry":"(1;1;4;1;1)","description":"burden from direct release or incineration of landfill biogas; or windblown leachate evaporite in arid climates. ","internalId":15,"flow":{"@type":"Flow","@id":"8b7dc667-f04e-492c-a161-80b1482126b0","name":"Hydrogen fluoride","category":"Elementary flows/Emission to air/low population density","flowType":"ELEMENTARY_FLOW","refUnit":"kg"},"unit":{"@type":"Unit","@id":"20aadc24-a391-41cf-b340-3e4529f44bde","name":"kg"},"flowProperty":{"@type":"FlowProperty","@id":"93a60a56-a3c8-11da-a746-0800200b9a66","name":"Mass","category":"Technical flow properties","refUnit":"kg"},"uncertainty":{"@type":"Uncertainty","distributionType":"LOG_NORMAL_DISTRIBUTION","geomMean":5.816E-6,"geomSd":1.7136061971118763}},{"@type":"Exchange","isAvoidedProduct":false,"isInput":false,"amount":0.0010328,"dqEntry":"(1;1;4;1;1)","description":"Emissions from long-term leachate (\u003e100a) directly from MSW landfill and indirectly via incineration of treatement sludge from leachate treatement. ","internalId":94,"flow":{"@type":"Flow","@id":"15cfc784-a719-4230-ad2e-f4104d56c427","name":"Nitrogen, organic bound","category":"Elementary flows/Emission to water/ground water, long-term","flowType":"ELEMENTARY_FLOW","refUnit":"kg"},"unit":{"@type":"Unit","@id":"20aadc24-a391-41cf-b340-3e4529f44bde","name":"kg"},"flowProperty":{"@type":"FlowProperty","@id":"93a60a56-a3c8-11da-a746-0800200b9a66","name":"Mass","category":"Technical flow properties","refUnit":"kg"},"uncertainty":{"@type":"Uncertainty","distributionType":"LOG_NORMAL_DISTRIBUTION","geomMean":0.001033,"geomSd":1.4359926110141088}},{"@type":"Exchange","isAvoidedProduct":false,"isInput":false,"amount":6.0913E-9,"dqEntry":"(1;1;4;1;1)","description":"burden from short-term leachate to groundwater in uncontrolled landfill in moist cimate. ","internalId":99,"flow":{"@type":"Flow","@id":"1be475e0-ccef-4145-98e0-0d47c570a71b","name":"Selenium IV","category":"Elementary flows/Emission to water/ground water","flowType":"ELEMENTARY_FLOW","refUnit":"kg"},"unit":{"@type":"Unit","@id":"20aadc24-a391-41cf-b340-3e4529f44bde","name":"kg"},"flowProperty":{"@type":"FlowProperty","@id":"93a60a56-a3c8-11da-a746-0800200b9a66","name":"Mass","category":"Technical flow properties","refUnit":"kg"},"uncertainty":{"@type":"Uncertainty","distributionType":"LOG_NORMAL_DISTRIBUTION","geomMean":6.091E-9,"geomSd":2.030222646833095}},{"@type":"Exchange","isAvoidedProduct":false,"isInput":false,"amount":1.8241E-7,"dqEntry":"(1;1;4;1;1)","description":"burden from short-term leachate to groundwater in uncontrolled landfill in moist cimate. ","internalId":112,"flow":{"@type":"Flow","@id":"ed1fd27e-014a-41cf-842f-7b2022b0be79","name":"Vanadium V","category":"Elementary flows/Emission to water/ground water","flowType":"ELEMENTARY_FLOW","refUnit":"kg"},"unit":{"@type":"Unit","@id":"20aadc24-a391-41cf-b340-3e4529f44bde","name":"kg"},"flowProperty":{"@type":"FlowProperty","@id":"93a60a56-a3c8-11da-a746-0800200b9a66","name":"Mass","category":"Technical flow properties","refUnit":"kg"},"uncertainty":{"@type":"Uncertainty","distributionType":"LOG_NORMAL_DISTRIBUTION","geomMean":1.824E-7,"geomSd":1.8688213240536033}},{"@type":"Exchange","isAvoidedProduct":false,"isInput":true,"amount":0.0035714,"dqEntry":"(1;1;4;1;1)","description":"for landfill operation phase and spontaneous renaturation. ","internalId":116,"flow":{"@type":"Flow","@id":"1eaa9ea4-40b8-414a-b198-5626400372e1","name":"Occupation, dump site","category":"Elementary flows/Resource/land","flowType":"ELEMENTARY_FLOW","refUnit":"m2*a"},"unit":{"@type":"Unit","@id":"c7266b67-4ea2-457f-b391-9b94e26e195a","name":"m2*a"},"flowProperty":{"@type":"FlowProperty","@id":"93a60a56-a3c8-21da-a746-0800200c9a66","name":"Area*time","category":"Technical flow properties","refUnit":"m2*a"},"uncertainty":{"@type":"Uncertainty","distributionType":"LOG_NORMAL_DISTRIBUTION","geomMean":0.003571,"geomSd":1.327496581984024}},{"@type":"Exchange","isAvoidedProduct":false,"isInput":false,"amount":7.8273E-8,"dqEntry":"(1;1;4;1;1)","description":"burden from direct release or incineration of landfill biogas; or windblown leachate evaporite in arid climates. ","internalId":8,"flow":{"@type":"Flow","@id":"15fd8f0f-c3c2-4f63-b8d0-86793a22aacd","name":"Calcium","category":"Elementary flows/Emission to air/low population density","flowType":"ELEMENTARY_FLOW","refUnit":"kg"},"unit":{"@type":"Unit","@id":"20aadc24-a391-41cf-b340-3e4529f44bde","name":"kg"},"flowProperty":{"@type":"FlowProperty","@id":"93a60a56-a3c8-11da-a746-0800200b9a66","name":"Mass","category":"Technical flow properties","refUnit":"kg"},"uncertainty":{"@type":"Uncertainty","distributionType":"LOG_NORMAL_DISTRIBUTION","geomMean":7.827E-8,"geomSd":1.9058909898339536}},{"@type":"Exchange","isAvoidedProduct":false,"isInput":false,"amount":3.0002E-8,"dqEntry":"(1;1;4;1;1)","description":"burden from short-term leachate to groundwater in uncontrolled landfill in moist cimate. ","internalId":42,"flow":{"@type":"Flow","@id":"1f607ae2-b42d-4411-90b8-e9bbac66a554","name":"Arsenic ion","category":"Elementary flows/Emission to water/ground water","flowType":"ELEMENTARY_FLOW","refUnit":"kg"},"unit":{"@type":"Unit","@id":"20aadc24-a391-41cf-b340-3e4529f44bde","name":"kg"},"flowProperty":{"@type":"FlowProperty","@id":"93a60a56-a3c8-11da-a746-0800200b9a66","name":"Mass","category":"Technical flow properties","refUnit":"kg"},"uncertainty":{"@type":"Uncertainty","distributionType":"LOG_NORMAL_DISTRIBUTION","geomMean":3.0E-8,"geomSd":1.9632254602064836}},{"@type":"Exchange","isAvoidedProduct":false,"isInput":false,"amount":1.3807E-4,"dqEntry":"(1;1;4;1;1)","description":"Emissions from long-term leachate (\u003e100a) directly from MSW landfill and indirectly via incineration of treatement sludge from leachate treatement. ","internalId":47,"flow":{"@type":"Flow","@id":"3184c902-c587-4fd7-bd89-769d3cf30072","name":"Barium II","category":"Elementary flows/Emission to water/ground water, long-term","flowType":"ELEMENTARY_FLOW","refUnit":"kg"},"unit":{"@type":"Unit","@id":"20aadc24-a391-41cf-b340-3e4529f44bde","name":"kg"},"flowProperty":{"@type":"FlowProperty","@id":"93a60a56-a3c8-11da-a746-0800200b9a66","name":"Mass","category":"Technical flow properties","refUnit":"kg"},"uncertainty":{"@type":"Uncertainty","distributionType":"LOG_NORMAL_DISTRIBUTION","geomMean":1.381E-4,"geomSd":1.6109142027432495}},{"@type":"Exchange","isAvoidedProduct":false,"isInput":false,"amount":2.3933E-8,"dqEntry":"(1;1;4;1;1)","description":"burden from direct release or incineration of landfill biogas; or windblown leachate evaporite in arid climates. ","internalId":2,"flow":{"@type":"Flow","@id":"9c3bd678-1b2f-4b95-a245-d5c8a3fe326b","name":"Aluminium III","category":"Elementary flows/Emission to air/low population density","flowType":"ELEMENTARY_FLOW","refUnit":"kg"},"unit":{"@type":"Unit","@id":"20aadc24-a391-41cf-b340-3e4529f44bde","name":"kg"},"flowProperty":{"@type":"FlowProperty","@id":"93a60a56-a3c8-11da-a746-0800200b9a66","name":"Mass","category":"Technical flow properties","refUnit":"kg"},"uncertainty":{"@type":"Uncertainty","distributionType":"LOG_NORMAL_DISTRIBUTION","geomMean":2.393E-8,"geomSd":1.9619447461836028}},{"@type":"Exchange","isAvoidedProduct":false,"isInput":false,"amount":7.4816E-5,"dqEntry":"(1;1;4;1;1)","description":"Emissions from long-term leachate (\u003e100a) directly from MSW landfill and indirectly via incineration of treatement sludge from leachate treatement. ","internalId":72,"flow":{"@type":"Flow","@id":"554be2fb-9bb9-46c6-a4df-46df0d53cb65","name":"Hydrogen sulfide","category":"Elementary flows/Emission to water/ground water, long-term","flowType":"ELEMENTARY_FLOW","refUnit":"kg"},"unit":{"@type":"Unit","@id":"20aadc24-a391-41cf-b340-3e4529f44bde","name":"kg"},"flowProperty":{"@type":"FlowProperty","@id":"93a60a56-a3c8-11da-a746-0800200b9a66","name":"Mass","category":"Technical flow properties","refUnit":"kg"},"uncertainty":{"@type":"Uncertainty","distributionType":"LOG_NORMAL_DISTRIBUTION","geomMean":7.482E-5,"geomSd":1.4934829720218616}},{"@type":"Exchange","isAvoidedProduct":false,"isInput":false,"amount":4.2366E-4,"dqEntry":"(1;1;4;1;1)","description":"burden from short-term leachate to groundwater in uncontrolled landfill in moist cimate. ","internalId":44,"flow":{"@type":"Flow","@id":"57c27ba7-a61a-4932-8cd5-095c88ff0245","name":"BOD5, Biological Oxygen Demand","category":"Elementary flows/Emission to water/ground water","flowType":"ELEMENTARY_FLOW","refUnit":"kg"},"unit":{"@type":"Unit","@id":"20aadc24-a391-41cf-b340-3e4529f44bde","name":"kg"},"flowProperty":{"@type":"FlowProperty","@id":"93a60a56-a3c8-11da-a746-0800200b9a66","name":"Mass","category":"Technical flow properties","refUnit":"kg"},"uncertainty":{"@type":"Uncertainty","distributionType":"LOG_NORMAL_DISTRIBUTION","geomMean":4.237E-4,"geomSd":1.4159595351294902}},{"@type":"Exchange","isAvoidedProduct":false,"isInput":false,"amount":2.991E-9,"dqEntry":"(1;1;4;1;1)","description":"burden from short-term leachate to groundwater in uncontrolled landfill in moist cimate. ","internalId":83,"flow":{"@type":"Flow","@id":"e1aa92d7-9297-452e-ade0-e5e2acc52ad7","name":"Mercury II","category":"Elementary flows/Emission to water/ground water","flowType":"ELEMENTARY_FLOW","refUnit":"kg"},"unit":{"@type":"Unit","@id":"20aadc24-a391-41cf-b340-3e4529f44bde","name":"kg"},"flowProperty":{"@type":"FlowProperty","@id":"93a60a56-a3c8-11da-a746-0800200b9a66","name":"Mass","category":"Technical flow properties","refUnit":"kg"},"uncertainty":{"@type":"Uncertainty","distributionType":"LOG_NORMAL_DISTRIBUTION","geomMean":2.991E-9,"geomSd":2.0570434095304}},{"@type":"Exchange","isAvoidedProduct":false,"isInput":false,"amount":1.7894E-5,"dqEntry":"(1;1;4;1;1)","description":"burden from direct release or incineration of landfill biogas; or windblown leachate evaporite in arid climates. ","internalId":14,"flow":{"@type":"Flow","@id":"68e32537-beae-41c2-be72-74df4d273c11","name":"Hydrochloric acid","category":"Elementary flows/Emission to air/low population density","flowType":"ELEMENTARY_FLOW","refUnit":"kg"},"unit":{"@type":"Unit","@id":"20aadc24-a391-41cf-b340-3e4529f44bde","name":"kg"},"flowProperty":{"@type":"FlowProperty","@id":"93a60a56-a3c8-11da-a746-0800200b9a66","name":"Mass","category":"Technical flow properties","refUnit":"kg"},"uncertainty":{"@type":"Uncertainty","distributionType":"LOG_NORMAL_DISTRIBUTION","geomMean":1.789E-5,"geomSd":1.6264923107707618}},{"@type":"Exchange","isAvoidedProduct":false,"isInput":false,"amount":0.11573,"dqEntry":"(1;1;4;1;1)","description":"burden from direct release or incineration of landfill biogas. ","internalId":10,"flow":{"@type":"Flow","@id":"d6235194-e4e6-4548-bfa3-ac095131aef4","name":"Carbon dioxide, non-fossil","category":"Elementary flows/Emission to air/low population density","flowType":"ELEMENTARY_FLOW","refUnit":"kg"},"unit":{"@type":"Unit","@id":"20aadc24-a391-41cf-b340-3e4529f44bde","name":"kg"},"flowProperty":{"@type":"FlowProperty","@id":"93a60a56-a3c8-11da-a746-0800200b9a66","name":"Mass","category":"Technical flow properties","refUnit":"kg"},"uncertainty":{"@type":"Uncertainty","distributionType":"LOG_NORMAL_DISTRIBUTION","geomMean":0.1157,"geomSd":1.0}},{"@type":"Exchange","isAvoidedProduct":false,"isInput":false,"amount":8.2173E-9,"dqEntry":"(1;1;4;1;1)","description":"burden from short-term leachate to groundwater in uncontrolled landfill in moist cimate. ","internalId":73,"flow":{"@type":"Flow","@id":"2ef56ffc-fa69-4b57-a936-3d588923ea8b","name":"Iodide","category":"Elementary flows/Emission to water/ground water","flowType":"ELEMENTARY_FLOW","refUnit":"kg"},"unit":{"@type":"Unit","@id":"20aadc24-a391-41cf-b340-3e4529f44bde","name":"kg"},"flowProperty":{"@type":"FlowProperty","@id":"93a60a56-a3c8-11da-a746-0800200b9a66","name":"Mass","category":"Technical flow properties","refUnit":"kg"},"uncertainty":{"@type":"Uncertainty","distributionType":"LOG_NORMAL_DISTRIBUTION","geomMean":8.217E-9,"geomSd":2.0016400269313754}},{"@type":"Exchange","isAvoidedProduct":false,"isInput":false,"amount":2.3627E-8,"dqEntry":"(1;1;4;1;1)","description":"burden from direct release or incineration of landfill biogas; or windblown leachate evaporite in arid climates. ","internalId":6,"flow":{"@type":"Flow","@id":"d32f9dd8-9514-4c22-8c99-2e108609731f","name":"Bromine","category":"Elementary flows/Emission to air/low population density","flowType":"ELEMENTARY_FLOW","refUnit":"kg"},"unit":{"@type":"Unit","@id":"20aadc24-a391-41cf-b340-3e4529f44bde","name":"kg"},"flowProperty":{"@type":"FlowProperty","@id":"93a60a56-a3c8-11da-a746-0800200b9a66","name":"Mass","category":"Technical flow properties","refUnit":"kg"},"uncertainty":{"@type":"Uncertainty","distributionType":"LOG_NORMAL_DISTRIBUTION","geomMean":2.363E-8,"geomSd":1.9590762238703572}},{"@type":"Exchange","isAvoidedProduct":false,"isInput":false,"amount":0.0040925,"dqEntry":"(1;1;4;1;1)","description":"Emissions from long-term leachate (\u003e100a) directly from MSW landfill and indirectly via incineration of treatement sludge from leachate treatement. ","internalId":105,"flow":{"@type":"Flow","@id":"fb83d61e-6fe3-4da7-8eb2-b0e2dc85a76d","name":"Sodium I","category":"Elementary flows/Emission to water/ground water, long-term","flowType":"ELEMENTARY_FLOW","refUnit":"kg"},"unit":{"@type":"Unit","@id":"20aadc24-a391-41cf-b340-3e4529f44bde","name":"kg"},"flowProperty":{"@type":"FlowProperty","@id":"93a60a56-a3c8-11da-a746-0800200b9a66","name":"Mass","category":"Technical flow properties","refUnit":"kg"},"uncertainty":{"@type":"Uncertainty","distributionType":"LOG_NORMAL_DISTRIBUTION","geomMean":0.004093,"geomSd":1.3989516017395287}},{"@type":"Exchange","isAvoidedProduct":false,"isInput":false,"amount":0.029965,"dqEntry":"(1;1;4;1;1)","description":"Emissions from long-term leachate (\u003e100a) directly from MSW landfill and indirectly via incineration of treatement sludge from leachate treatement. ","internalId":76,"flow":{"@type":"Flow","@id":"9b6d6f07-ebc6-447d-a3c0-f2017d77d852","name":"Iron ion","category":"Elementary flows/Emission to water/ground water, long-term","flowType":"ELEMENTARY_FLOW","refUnit":"kg"},"unit":{"@type":"Unit","@id":"20aadc24-a391-41cf-b340-3e4529f44bde","name":"kg"},"flowProperty":{"@type":"FlowProperty","@id":"93a60a56-a3c8-11da-a746-0800200b9a66","name":"Mass","category":"Technical flow properties","refUnit":"kg"},"uncertainty":{"@type":"Uncertainty","distributionType":"LOG_NORMAL_DISTRIBUTION","geomMean":0.02997,"geomSd":1.2784964734068864}},{"@type":"Exchange","isAvoidedProduct":false,"isInput":false,"amount":1.4066E-11,"dqEntry":"(1;1;4;1;1)","description":"burden from direct release or incineration of landfill biogas; or windblown leachate evaporite in arid climates. ","internalId":24,"flow":{"@type":"Flow","@id":"5fa36ce3-aed0-443b-a09d-4cdf25b41995","name":"Molybdenum VI","category":"Elementary flows/Emission to air/low population density","flowType":"ELEMENTARY_FLOW","refUnit":"kg"},"unit":{"@type":"Unit","@id":"20aadc24-a391-41cf-b340-3e4529f44bde","name":"kg"},"flowProperty":{"@type":"FlowProperty","@id":"93a60a56-a3c8-11da-a746-0800200b9a66","name":"Mass","category":"Technical flow properties","refUnit":"kg"},"uncertainty":{"@type":"Uncertainty","distributionType":"LOG_NORMAL_DISTRIBUTION","geomMean":1.407E-11,"geomSd":2.303606373526077}},{"@type":"Exchange","isAvoidedProduct":false,"isInput":false,"amount":8.4167E-11,"dqEntry":"(1;1;4;1;1)","description":"burden from direct release or incineration of landfill biogas; or windblown leachate evaporite in arid climates. ","internalId":11,"flow":{"@type":"Flow","@id":"4d40d8e3-9bc7-4ab1-ac5c-4f4a76fda8e5","name":"Chromium III","category":"Elementary flows/Emission to air/low population density","flowType":"ELEMENTARY_FLOW","refUnit":"kg"},"unit":{"@type":"Unit","@id":"20aadc24-a391-41cf-b340-3e4529f44bde","name":"kg"},"flowProperty":{"@type":"FlowProperty","@id":"93a60a56-a3c8-11da-a746-0800200b9a66","name":"Mass","category":"Technical flow properties","refUnit":"kg"},"uncertainty":{"@type":"Uncertainty","distributionType":"LOG_NORMAL_DISTRIBUTION","geomMean":8.417E-11,"geomSd":2.2180682957581412}},{"@type":"Exchange","isAvoidedProduct":false,"isInput":false,"amount":0.0016325,"dqEntry":"(1;1;4;1;1)","description":"Emissions from long-term leachate (\u003e100a) directly from MSW landfill and indirectly via incineration of treatement sludge from leachate treatement. ","internalId":98,"flow":{"@type":"Flow","@id":"b93fc4df-91b2-4ac4-a315-89147515ddfb","name":"Potassium I","category":"Elementary flows/Emission to water/ground water, long-term","flowType":"ELEMENTARY_FLOW","refUnit":"kg"},"unit":{"@type":"Unit","@id":"20aadc24-a391-41cf-b340-3e4529f44bde","name":"kg"},"flowProperty":{"@type":"FlowProperty","@id":"93a60a56-a3c8-11da-a746-0800200b9a66","name":"Mass","category":"Technical flow properties","refUnit":"kg"},"uncertainty":{"@type":"Uncertainty","distributionType":"LOG_NORMAL_DISTRIBUTION","geomMean":0.001633,"geomSd":1.4569195772669363}},{"@type":"Exchange","isAvoidedProduct":false,"isInput":false,"amount":5.0373E-7,"dqEntry":"(1;1;4;1;1)","description":"Emissions from long-term leachate (\u003e100a) directly from MSW landfill and indirectly via incineration of treatement sludge from leachate treatement. ","internalId":86,"flow":{"@type":"Flow","@id":"7d3f7498-3596-478a-9fa1-72201ef94082","name":"Molybdenum VI","category":"Elementary flows/Emission to water/ground water, long-term","flowType":"ELEMENTARY_FLOW","refUnit":"kg"},"unit":{"@type":"Unit","@id":"20aadc24-a391-41cf-b340-3e4529f44bde","name":"kg"},"flowProperty":{"@type":"FlowProperty","@id":"93a60a56-a3c8-11da-a746-0800200b9a66","name":"Mass","category":"Technical flow properties","refUnit":"kg"},"uncertainty":{"@type":"Uncertainty","distributionType":"LOG_NORMAL_DISTRIBUTION","geomMean":5.037E-7,"geomSd":2.004667582432939}},{"@type":"Exchange","isAvoidedProduct":false,"isInput":false,"amount":2.7408E-5,"dqEntry":"(1;1;4;1;1)","description":"burden from direct release or incineration of landfill biogas. ","internalId":31,"flow":{"@type":"Flow","@id":"78c3efe4-421c-4d30-82e4-b97ac5124993","name":"Sulfur dioxide","category":"Elementary flows/Emission to air/low population density","flowType":"ELEMENTARY_FLOW","refUnit":"kg"},"unit":{"@type":"Unit","@id":"20aadc24-a391-41cf-b340-3e4529f44bde","name":"kg"},"flowProperty":{"@type":"FlowProperty","@id":"93a60a56-a3c8-11da-a746-0800200b9a66","name":"Mass","category":"Technical flow properties","refUnit":"kg"},"uncertainty":{"@type":"Uncertainty","distributionType":"LOG_NORMAL_DISTRIBUTION","geomMean":2.741E-5,"geomSd":1.6419144100961631}},{"@type":"Exchange","isAvoidedProduct":false,"isInput":false,"amount":3.3667E-7,"dqEntry":"(1;1;4;1;1)","description":"burden from short-term leachate to groundwater in uncontrolled landfill in moist cimate. ","internalId":60,"flow":{"@type":"Flow","@id":"9bbae55a-35de-4eff-a219-814a9fec5ac2","name":"Chromium VI","category":"Elementary flows/Emission to water/ground water","flowType":"ELEMENTARY_FLOW","refUnit":"kg"},"unit":{"@type":"Unit","@id":"20aadc24-a391-41cf-b340-3e4529f44bde","name":"kg"},"flowProperty":{"@type":"FlowProperty","@id":"93a60a56-a3c8-11da-a746-0800200b9a66","name":"Mass","category":"Technical flow properties","refUnit":"kg"},"uncertainty":{"@type":"Uncertainty","distributionType":"LOG_NORMAL_DISTRIBUTION","geomMean":3.367E-7,"geomSd":1.827352402707636}},{"@type":"Exchange","isAvoidedProduct":false,"isInput":false,"amount":1.0962E-5,"dqEntry":"(1;1;4;1;1)","description":"burden from short-term leachate to groundwater in uncontrolled landfill in moist cimate. ","internalId":46,"flow":{"@type":"Flow","@id":"d68f41b3-6887-49a8-8efa-96812f8ec9f6","name":"Barium II","category":"Elementary flows/Emission to water/ground water","flowType":"ELEMENTARY_FLOW","refUnit":"kg"},"unit":{"@type":"Unit","@id":"20aadc24-a391-41cf-b340-3e4529f44bde","name":"kg"},"flowProperty":{"@type":"FlowProperty","@id":"93a60a56-a3c8-11da-a746-0800200b9a66","name":"Mass","category":"Technical flow properties","refUnit":"kg"},"uncertainty":{"@type":"Uncertainty","distributionType":"LOG_NORMAL_DISTRIBUTION","geomMean":1.096E-5,"geomSd":1.6721511026566667}},{"@type":"Exchange","isAvoidedProduct":false,"isInput":false,"amount":2.0736E-4,"dqEntry":"(1;1;4;1;1)","description":"burden from short-term leachate to groundwater in uncontrolled landfill in moist cimate. ","internalId":101,"flow":{"@type":"Flow","@id":"fc91fc6f-596e-424a-9ee4-4432d718a66f","name":"Silicon","category":"Elementary flows/Emission to water/ground water","flowType":"ELEMENTARY_FLOW","refUnit":"kg"},"unit":{"@type":"Unit","@id":"20aadc24-a391-41cf-b340-3e4529f44bde","name":"kg"},"flowProperty":{"@type":"FlowProperty","@id":"93a60a56-a3c8-11da-a746-0800200b9a66","name":"Mass","category":"Technical flow properties","refUnit":"kg"},"uncertainty":{"@type":"Uncertainty","distributionType":"LOG_NORMAL_DISTRIBUTION","geomMean":2.074E-4,"geomSd":1.5004772037446232}},{"@type":"Exchange","isAvoidedProduct":false,"isInput":false,"amount":0.30412,"dqEntry":"(1;1;4;1;1)","description":"Emissions from long-term leachate (\u003e100a) directly from MSW landfill and indirectly via incineration of treatement sludge from leachate treatement. ","internalId":53,"flow":{"@type":"Flow","@id":"a8fea8cf-9b09-49fc-aa58-5a732494a2a0","name":"COD, Chemical Oxygen Demand","category":"Elementary flows/Emission to water/ground water, long-term","flowType":"ELEMENTARY_FLOW","refUnit":"kg"},"unit":{"@type":"Unit","@id":"20aadc24-a391-41cf-b340-3e4529f44bde","name":"kg"},"flowProperty":{"@type":"FlowProperty","@id":"93a60a56-a3c8-11da-a746-0800200b9a66","name":"Mass","category":"Technical flow properties","refUnit":"kg"},"uncertainty":{"@type":"Uncertainty","distributionType":"LOG_NORMAL_DISTRIBUTION","geomMean":0.3041,"geomSd":1.0973903185881304}},{"@type":"Exchange","isAvoidedProduct":false,"isInput":false,"amount":1.1607E-5,"dqEntry":"(1;1;4;1;1)","description":"Emissions from long-term leachate (\u003e100a) directly from MSW landfill and indirectly via incineration of treatement sludge from leachate treatement. ","internalId":55,"flow":{"@type":"Flow","@id":"4ce23896-a82f-49f1-a8e3-8848734805a3","name":"Cadmium II","category":"Elementary flows/Emission to water/ground water, long-term","flowType":"ELEMENTARY_FLOW","refUnit":"kg"},"unit":{"@type":"Unit","@id":"20aadc24-a391-41cf-b340-3e4529f44bde","name":"kg"},"flowProperty":{"@type":"FlowProperty","@id":"93a60a56-a3c8-11da-a746-0800200b9a66","name":"Mass","category":"Technical flow properties","refUnit":"kg"},"uncertainty":{"@type":"Uncertainty","distributionType":"LOG_NORMAL_DISTRIBUTION","geomMean":1.161E-5,"geomSd":1.747638013987379}},{"@type":"Exchange","isAvoidedProduct":false,"isInput":false,"amount":3.4071E-12,"dqEntry":"(1;1;4;1;1)","description":"burden from direct release or incineration of landfill biogas; or windblown leachate evaporite in arid climates. ","internalId":32,"flow":{"@type":"Flow","@id":"f563b90e-a300-4403-b278-d2fdcd73e5a7","name":"Tin ion","category":"Elementary flows/Emission to air/low population density","flowType":"ELEMENTARY_FLOW","refUnit":"kg"},"unit":{"@type":"Unit","@id":"20aadc24-a391-41cf-b340-3e4529f44bde","name":"kg"},"flowProperty":{"@type":"FlowProperty","@id":"93a60a56-a3c8-11da-a746-0800200b9a66","name":"Mass","category":"Technical flow properties","refUnit":"kg"},"uncertainty":{"@type":"Uncertainty","distributionType":"LOG_NORMAL_DISTRIBUTION","geomMean":3.407E-12,"geomSd":2.3610584271962227}},{"@type":"Exchange","isAvoidedProduct":false,"isInput":false,"amount":7.14E-7,"dqEntry":"(1;1;4;1;1)","description":"Emissions from long-term leachate (\u003e100a) directly from MSW landfill and indirectly via incineration of treatement sludge from leachate treatement. ","internalId":103,"flow":{"@type":"Flow","@id":"94426df9-63b1-4dc6-ad1b-3509e22f1154","name":"Silver I","category":"Elementary flows/Emission to water/ground water, long-term","flowType":"ELEMENTARY_FLOW","refUnit":"kg"},"unit":{"@type":"Unit","@id":"20aadc24-a391-41cf-b340-3e4529f44bde","name":"kg"},"flowProperty":{"@type":"FlowProperty","@id":"93a60a56-a3c8-11da-a746-0800200b9a66","name":"Mass","category":"Technical flow properties","refUnit":"kg"},"uncertainty":{"@type":"Uncertainty","distributionType":"LOG_NORMAL_DISTRIBUTION","geomMean":7.14E-7,"geomSd":1.887044429046172}},{"@type":"Exchange","isAvoidedProduct":false,"isInput":false,"amount":1.152E-10,"dqEntry":"(1;1;4;1;1)","description":"burden from direct release or incineration of landfill biogas; or windblown leachate evaporite in arid climates. ","internalId":16,"flow":{"@type":"Flow","@id":"1471acca-34ab-4e04-9bd6-e3825b20580f","name":"Iodine","category":"Elementary flows/Emission to air/low population density","flowType":"ELEMENTARY_FLOW","refUnit":"kg"},"unit":{"@type":"Unit","@id":"20aadc24-a391-41cf-b340-3e4529f44bde","name":"kg"},"flowProperty":{"@type":"FlowProperty","@id":"93a60a56-a3c8-11da-a746-0800200b9a66","name":"Mass","category":"Technical flow properties","refUnit":"kg"},"uncertainty":{"@type":"Uncertainty","distributionType":"LOG_NORMAL_DISTRIBUTION","geomMean":1.152E-10,"geomSd":2.1318583315059936}},{"@type":"Exchange","isAvoidedProduct":false,"isInput":false,"amount":1.484E-9,"dqEntry":"(1;1;4;1;1)","description":"burden from direct release or incineration of landfill biogas; or windblown leachate evaporite in arid climates. ","internalId":20,"flow":{"@type":"Flow","@id":"2460f868-54a9-404c-bec8-c809a44ae72c","name":"Manganese II","category":"Elementary flows/Emission to air/low population density","flowType":"ELEMENTARY_FLOW","refUnit":"kg"},"unit":{"@type":"Unit","@id":"20aadc24-a391-41cf-b340-3e4529f44bde","name":"kg"},"flowProperty":{"@type":"FlowProperty","@id":"93a60a56-a3c8-11da-a746-0800200b9a66","name":"Mass","category":"Technical flow properties","refUnit":"kg"},"uncertainty":{"@type":"Uncertainty","distributionType":"LOG_NORMAL_DISTRIBUTION","geomMean":1.484E-9,"geomSd":2.0881697970398885}},{"@type":"Exchange","isAvoidedProduct":false,"isInput":false,"amount":1.732,"dqEntry":"(1;1;4;1;1)","description":"burden from short-term decomposition of waste (0-100a). ","internalId":35,"flow":{"@type":"Flow","@id":"dab33577-e9d4-4f6d-b141-a456521d4c1b","name":"Heat, waste","category":"Elementary flows/Emission to soil/industrial","flowType":"ELEMENTARY_FLOW","refUnit":"MJ"},"unit":{"@type":"Unit","@id":"52765a6c-3896-43c2-b2f4-c679acf13efe","name":"MJ"},"flowProperty":{"@type":"FlowProperty","@id":"f6811440-ee37-11de-8a39-0800200c9a66","name":"Energy","category":"Technical flow properties","refUnit":"MJ"},"uncertainty":{"@type":"Uncertainty","distributionType":"LOG_NORMAL_DISTRIBUTION","geomMean":1.732,"geomSd":1.1740017399279161}},{"@type":"Exchange","isAvoidedProduct":false,"isInput":false,"amount":1.07E-4,"dqEntry":"(1;1;4;1;1)","description":"Emissions from long-term leachate (\u003e100a) directly from MSW landfill and indirectly via incineration of treatement sludge from leachate treatement. ","internalId":88,"flow":{"@type":"Flow","@id":"9f69cb8e-51fe-447b-a1ac-4da74de8ebe4","name":"Nickel II","category":"Elementary flows/Emission to water/ground water, long-term","flowType":"ELEMENTARY_FLOW","refUnit":"kg"},"unit":{"@type":"Unit","@id":"20aadc24-a391-41cf-b340-3e4529f44bde","name":"kg"},"flowProperty":{"@type":"FlowProperty","@id":"93a60a56-a3c8-11da-a746-0800200b9a66","name":"Mass","category":"Technical flow properties","refUnit":"kg"},"uncertainty":{"@type":"Uncertainty","distributionType":"LOG_NORMAL_DISTRIBUTION","geomMean":1.07E-4,"geomSd":1.6290481735039168}},{"@type":"Exchange","isAvoidedProduct":false,"isInput":false,"amount":0.0012548,"dqEntry":"(1;1;4;1;1)","description":"burden from direct release or incineration of landfill biogas. ","internalId":22,"flow":{"@type":"Flow","@id":"70ef743b-3ed5-4a6d-b192-fb6d62378555","name":"Methane, fossil","category":"Elementary flows/Emission to air/low population density","flowType":"ELEMENTARY_FLOW","refUnit":"kg"},"unit":{"@type":"Unit","@id":"20aadc24-a391-41cf-b340-3e4529f44bde","name":"kg"},"flowProperty":{"@type":"FlowProperty","@id":"93a60a56-a3c8-11da-a746-0800200b9a66","name":"Mass","category":"Technical flow properties","refUnit":"kg"},"uncertainty":{"@type":"Uncertainty","distributionType":"LOG_NORMAL_DISTRIBUTION","geomMean":0.001255,"geomSd":1.2187776458320276}},{"@type":"Exchange","isAvoidedProduct":false,"isInput":false,"amount":0.0056074,"dqEntry":"(1;1;4;1;1)","description":"Emissions from long-term leachate (\u003e100a) directly from MSW landfill and indirectly via incineration of treatement sludge from leachate treatement. ","internalId":59,"flow":{"@type":"Flow","@id":"ea70cc93-c68c-4228-8b8e-1b189b4c705c","name":"Chloride","category":"Elementary flows/Emission to water/ground water, long-term","flowType":"ELEMENTARY_FLOW","refUnit":"kg"},"unit":{"@type":"Unit","@id":"20aadc24-a391-41cf-b340-3e4529f44bde","name":"kg"},"flowProperty":{"@type":"FlowProperty","@id":"93a60a56-a3c8-11da-a746-0800200b9a66","name":"Mass","category":"Technical flow properties","refUnit":"kg"},"uncertainty":{"@type":"Uncertainty","distributionType":"LOG_NORMAL_DISTRIBUTION","geomMean":0.005607,"geomSd":1.3799833317453392}},{"@type":"Exchange","isAvoidedProduct":false,"isInput":false,"amount":4.9761E-5,"dqEntry":"(1;1;4;1;1)","description":"Emissions from long-term leachate (\u003e100a) directly from MSW landfill and indirectly via incineration of treatement sludge from leachate treatement. ","internalId":69,"flow":{"@type":"Flow","@id":"7ae3e6e8-75e6-4566-b18f-6d848086c4e5","name":"Fluoride","category":"Elementary flows/Emission to water/ground water, long-term","flowType":"ELEMENTARY_FLOW","refUnit":"kg"},"unit":{"@type":"Unit","@id":"20aadc24-a391-41cf-b340-3e4529f44bde","name":"kg"},"flowProperty":{"@type":"FlowProperty","@id":"93a60a56-a3c8-11da-a746-0800200b9a66","name":"Mass","category":"Technical flow properties","refUnit":"kg"},"uncertainty":{"@type":"Uncertainty","distributionType":"LOG_NORMAL_DISTRIBUTION","geomMean":4.976E-5,"geomSd":1.6649319772574187}},{"@type":"Exchange","isAvoidedProduct":false,"isInput":false,"amount":0.0012414,"dqEntry":"(1;1;4;1;1)","description":"burden from short-term leachate to groundwater in uncontrolled landfill in moist cimate. ","internalId":58,"flow":{"@type":"Flow","@id":"85bec19f-c785-4364-8ef6-472b8e9dd90e","name":"Chloride","category":"Elementary flows/Emission to water/ground water","flowType":"ELEMENTARY_FLOW","refUnit":"kg"},"unit":{"@type":"Unit","@id":"20aadc24-a391-41cf-b340-3e4529f44bde","name":"kg"},"flowProperty":{"@type":"FlowProperty","@id":"93a60a56-a3c8-11da-a746-0800200b9a66","name":"Mass","category":"Technical flow properties","refUnit":"kg"},"uncertainty":{"@type":"Uncertainty","distributionType":"LOG_NORMAL_DISTRIBUTION","geomMean":0.001241,"geomSd":1.4164885931562334}},{"@type":"Exchange","isAvoidedProduct":false,"isInput":false,"amount":3.1309E-4,"dqEntry":"(1;1;4;1;1)","description":"burden from short-term leachate to groundwater in uncontrolled landfill in moist cimate. ","internalId":56,"flow":{"@type":"Flow","@id":"1d0f4392-8c91-4d01-8a5d-f8fe1f5b05c9","name":"Calcium II","category":"Elementary flows/Emission to water/ground water","flowType":"ELEMENTARY_FLOW","refUnit":"kg"},"unit":{"@type":"Unit","@id":"20aadc24-a391-41cf-b340-3e4529f44bde","name":"kg"},"flowProperty":{"@type":"FlowProperty","@id":"93a60a56-a3c8-11da-a746-0800200b9a66","name":"Mass","category":"Technical flow properties","refUnit":"kg"},"uncertainty":{"@type":"Uncertainty","distributionType":"LOG_NORMAL_DISTRIBUTION","geomMean":3.131E-4,"geomSd":1.4726344916395644}},{"@type":"Exchange","isAvoidedProduct":false,"isInput":false,"amount":0.027457,"dqEntry":"(1;1;4;1;1)","description":"burden from direct release or incineration of landfill biogas. ","internalId":23,"flow":{"@type":"Flow","@id":"57bdb443-d4a6-423d-8024-959b8261d02e","name":"Methane, non-fossil","category":"Elementary flows/Emission to air/low population density","flowType":"ELEMENTARY_FLOW","refUnit":"kg"},"unit":{"@type":"Unit","@id":"20aadc24-a391-41cf-b340-3e4529f44bde","name":"kg"},"flowProperty":{"@type":"FlowProperty","@id":"93a60a56-a3c8-11da-a746-0800200b9a66","name":"Mass","category":"Technical flow properties","refUnit":"kg"},"uncertainty":{"@type":"Uncertainty","distributionType":"LOG_NORMAL_DISTRIBUTION","geomMean":0.02746,"geomSd":1.2187776458320276}},{"@type":"Exchange","isAvoidedProduct":false,"isInput":false,"amount":0.0012125,"dqEntry":"(1;1;4;1;1)","description":"Emissions from long-term leachate (\u003e100a) directly from MSW landfill and indirectly via incineration of treatement sludge from leachate treatement. ","internalId":65,"flow":{"@type":"Flow","@id":"40229ebf-9346-4f20-910a-f8ea3bd88d44","name":"Copper ion","category":"Elementary flows/Emission to water/ground water, long-term","flowType":"ELEMENTARY_FLOW","refUnit":"kg"},"unit":{"@type":"Unit","@id":"20aadc24-a391-41cf-b340-3e4529f44bde","name":"kg"},"flowProperty":{"@type":"FlowProperty","@id":"93a60a56-a3c8-11da-a746-0800200b9a66","name":"Mass","category":"Technical flow properties","refUnit":"kg"},"uncertainty":{"@type":"Uncertainty","distributionType":"LOG_NORMAL_DISTRIBUTION","geomMean":0.001213,"geomSd":1.4883126908266968}},{"@type":"Exchange","isAvoidedProduct":false,"isInput":false,"amount":1.5228E-12,"dqEntry":"(1;1;4;1;1)","description":"burden from direct release or incineration of landfill biogas; or windblown leachate evaporite in arid climates. ","internalId":28,"flow":{"@type":"Flow","@id":"e6551223-73b6-4289-b841-c5cdeb25abd9","name":"Selenium IV","category":"Elementary flows/Emission to air/low population density","flowType":"ELEMENTARY_FLOW","refUnit":"kg"},"unit":{"@type":"Unit","@id":"20aadc24-a391-41cf-b340-3e4529f44bde","name":"kg"},"flowProperty":{"@type":"FlowProperty","@id":"93a60a56-a3c8-11da-a746-0800200b9a66","name":"Mass","category":"Technical flow properties","refUnit":"kg"},"uncertainty":{"@type":"Uncertainty","distributionType":"LOG_NORMAL_DISTRIBUTION","geomMean":1.523E-12,"geomSd":2.402610272273076}},{"@type":"Exchange","isAvoidedProduct":false,"isInput":false,"amount":1.6854E-6,"dqEntry":"(1;1;4;1;1)","description":"burden from short-term leachate to groundwater in uncontrolled landfill in moist cimate. ","internalId":50,"flow":{"@type":"Flow","@id":"b311427f-0de3-4190-84a5-05c8460c62d1","name":"Bromine","category":"Elementary flows/Emission to water/ground water","flowType":"ELEMENTARY_FLOW","refUnit":"kg"},"unit":{"@type":"Unit","@id":"20aadc24-a391-41cf-b340-3e4529f44bde","name":"kg"},"flowProperty":{"@type":"FlowProperty","@id":"93a60a56-a3c8-11da-a746-0800200b9a66","name":"Mass","category":"Technical flow properties","refUnit":"kg"},"uncertainty":{"@type":"Uncertainty","distributionType":"LOG_NORMAL_DISTRIBUTION","geomMean":1.685E-6,"geomSd":1.7797175672909316}},{"@type":"Exchange","isAvoidedProduct":false,"isInput":false,"amount":5.7636E-8,"dqEntry":"(1;1;4;1;1)","description":"Emissions from long-term leachate (\u003e100a) directly from MSW landfill and indirectly via incineration of treatement sludge from leachate treatement. ","internalId":100,"flow":{"@type":"Flow","@id":"4d54a415-82d7-49ac-88e1-712bd0009363","name":"Selenium IV","category":"Elementary flows/Emission to water/ground water, long-term","flowType":"ELEMENTARY_FLOW","refUnit":"kg"},"unit":{"@type":"Unit","@id":"20aadc24-a391-41cf-b340-3e4529f44bde","name":"kg"},"flowProperty":{"@type":"FlowProperty","@id":"93a60a56-a3c8-11da-a746-0800200b9a66","name":"Mass","category":"Technical flow properties","refUnit":"kg"},"uncertainty":{"@type":"Uncertainty","distributionType":"LOG_NORMAL_DISTRIBUTION","geomMean":5.764E-8,"geomSd":2.1852609499278133}},{"@type":"Exchange","isAvoidedProduct":false,"isInput":false,"amount":0.001309,"dqEntry":"(1;1;4;1;1)","description":"Emissions from long-term leachate (\u003e100a) directly from MSW landfill and indirectly via incineration of treatement sludge from leachate treatement. ","internalId":115,"flow":{"@type":"Flow","@id":"bdce3a7c-e008-4391-be26-285f71a02453","name":"Zinc II","category":"Elementary flows/Emission to water/ground water, long-term","flowType":"ELEMENTARY_FLOW","refUnit":"kg"},"unit":{"@type":"Unit","@id":"20aadc24-a391-41cf-b340-3e4529f44bde","name":"kg"},"flowProperty":{"@type":"FlowProperty","@id":"93a60a56-a3c8-11da-a746-0800200b9a66","name":"Mass","category":"Technical flow properties","refUnit":"kg"},"uncertainty":{"@type":"Uncertainty","distributionType":"LOG_NORMAL_DISTRIBUTION","geomMean":0.001309,"geomSd":1.4835664949431626}},{"@type":"Exchange","isAvoidedProduct":false,"isInput":false,"amount":2.1855E-4,"dqEntry":"(1;1;4;1;1)","description":"burden from short-term leachate to groundwater in uncontrolled landfill in moist cimate. ","internalId":106,"flow":{"@type":"Flow","@id":"31eacbfc-683a-4d36-afc1-80dee42a3b94","name":"Sulfate","category":"Elementary flows/Emission to water/ground water","flowType":"ELEMENTARY_FLOW","refUnit":"kg"},"unit":{"@type":"Unit","@id":"20aadc24-a391-41cf-b340-3e4529f44bde","name":"kg"},"flowProperty":{"@type":"FlowProperty","@id":"93a60a56-a3c8-11da-a746-0800200b9a66","name":"Mass","category":"Technical flow properties","refUnit":"kg"},"uncertainty":{"@type":"Uncertainty","distributionType":"LOG_NORMAL_DISTRIBUTION","geomMean":2.186E-4,"geomSd":1.5622335759421657}},{"@type":"Exchange","isAvoidedProduct":false,"isInput":false,"amount":7.3426E-5,"dqEntry":"(1;1;4;1;1)","description":"Emissions from long-term leachate (\u003e100a) directly from MSW landfill and indirectly via incineration of treatement sludge from leachate treatement. ","internalId":111,"flow":{"@type":"Flow","@id":"60a6702f-20ad-444f-a6df-f6374f1e3183","name":"Tin ion","category":"Elementary flows/Emission to water/ground water, long-term","flowType":"ELEMENTARY_FLOW","refUnit":"kg"},"unit":{"@type":"Unit","@id":"20aadc24-a391-41cf-b340-3e4529f44bde","name":"kg"},"flowProperty":{"@type":"FlowProperty","@id":"93a60a56-a3c8-11da-a746-0800200b9a66","name":"Mass","category":"Technical flow properties","refUnit":"kg"},"uncertainty":{"@type":"Uncertainty","distributionType":"LOG_NORMAL_DISTRIBUTION","geomMean":7.343E-5,"geomSd":1.6500067726612668}},{"@type":"Exchange","isAvoidedProduct":false,"isInput":false,"amount":4.0826E-4,"dqEntry":"(1;1;4;1;1)","description":"burden from short-term leachate to groundwater in uncontrolled landfill in moist cimate. ","internalId":79,"flow":{"@type":"Flow","@id":"24acc516-974c-4ff3-b7e1-5950b8d37206","name":"Magnesium","category":"Elementary flows/Emission to water/ground water","flowType":"ELEMENTARY_FLOW","refUnit":"kg"},"unit":{"@type":"Unit","@id":"20aadc24-a391-41cf-b340-3e4529f44bde","name":"kg"},"flowProperty":{"@type":"FlowProperty","@id":"93a60a56-a3c8-11da-a746-0800200b9a66","name":"Mass","category":"Technical flow properties","refUnit":"kg"},"uncertainty":{"@type":"Uncertainty","distributionType":"LOG_NORMAL_DISTRIBUTION","geomMean":4.083E-4,"geomSd":1.4753888555476546}},{"@type":"Exchange","isAvoidedProduct":false,"isInput":true,"amount":0.001,"internalId":117,"flow":{"@type":"Flow","@id":"27da8130-82ba-485c-a800-b89efdcb0491","name":"municipal solid waste","category":"E:Water supply; sewerage, waste management and remediation activities/38:Waste collection, treatment and disposal activities; materials recovery/382:Waste treatment and disposal/3821:Treatment and disposal of non-hazardous waste","flowType":"WASTE_FLOW","refUnit":"kg"},"unit":{"@type":"Unit","@id":"83192ffa-5990-490b-a23a-b45ca072db6f","name":"t"},"flowProperty":{"@type":"FlowProperty","@id":"93a60a56-a3c8-11da-a746-0800200b9a66","name":"Mass","category":"Technical flow properties","refUnit":"kg"},"isQuantitativeReference":true}],"socialAspects":[],"allocationFactors":[]}