{"@type":"Process","@id":"2b2ac38e-8fb9-47cb-8de4-fada77347e2f","name":"municipal waste collection service by 21 metric ton lorry |Cutoff, GLO","description":"based on a vehicle lifetime of 540\u0027000 vehicle-kilometers  Diesel fuel consumption, air emissions from fuel combustion for Stop\u0026Go driving, tyre abrasion, brake lining abrasion, road abrasion and re-suspended road dust. Dataset documentation: https://v391.ecoquery.ecoinvent.org/Details/UPR/b8d1f6b0-7a42-4ff5-bbbd-8b6b58038e4c/290c1f85-4cc4-4fa1-b0c8-2cb7f4276dce","category":"MSW/Current Management","version":"03.66.011","lastChange":"2024-01-30T10:38:11.774Z","processType":"UNIT_PROCESS","isInfrastructureProcess":false,"processDocumentation":{"technologyDescription":"Waste collection and hydraulic compression vehicle. Gross load capactity 8.2 tons. Load factor 50%. Average load 4.1 tons. Emissions extrapolated from data for lorry 16t class (ecoinvent 2000 report No. 14). Adaptations for air emissions to Stop\u0026Go driving from average driving emission factors.","dataTreatmentDescription":"see Technology/Text","samplingDescription":"fuel consumption from specific literature data. Rest extrapolated from lorry 16t class (ecoinvent report No. 14).","isCopyrightProtected":true,"geographyDescription":"Fuel consumption and uncertainty derived from literature values for settlement structure in Swiss and German municipalities.","creationDate":"2010-07-28T18:31:02","validFrom":"2024-01-29","validUntil":"2024-01-29","dataDocumentor":{"@type":"Actor","@id":"89ae408f-f095-4276-96ca-c871888cf632","name":"Roland Hischier"},"dataGenerator":{"@type":"Actor","@id":"b05f6f5a-d4f6-48e5-88bc-38c98a05048d","name":"Gabor Doka (obsolete)"},"publication":{"@type":"Source","@id":"a3ba5207-5834-4d67-b417-38951b3ead65","name":"Doka G.2007"}},"lastInternalId":28,"exchangeDqSystem":{"@type":"DQSystem","@id":"e7ac7cf6-5457-453e-99f9-d889826fffe8","name":"Ecoinvent Data Quality System"},"parameters":[],"exchanges":[{"@type":"Exchange","isAvoidedProduct":false,"isInput":false,"amount":1.0,"description":"EcoSpold01Location\u003dCH","costValue":0.1426447066825903,"currency":{"@type":"Currency","@id":"7de74e65-ff97-404f-bf57-5d2a9134fb43","name":"Euro","refUnit":"EUR"},"internalId":1,"flow":{"@type":"Flow","@id":"53705574-11eb-4007-80f7-790ebd91374a","name":"municipal waste collection service by 21 metric ton lorry","category":"E:Water supply; sewerage, waste management and remediation activities/38:Waste collection, treatment and disposal activities; materials recovery/381:Waste collection/3811:Collection of non-hazardous waste","flowType":"PRODUCT_FLOW","refUnit":"t*km"},"unit":{"@type":"Unit","@id":"0dea4ed8-bb6b-4049-b2b4-b2c413ef2180","name":"t*km"},"flowProperty":{"@type":"FlowProperty","@id":"838aaa20-0117-11db-92e3-0800200c9a66","name":"Goods transport (mass*distance)","category":"Technical flow properties","refUnit":"t*km"}},{"@type":"Exchange","isAvoidedProduct":false,"isInput":false,"amount":1.75E-4,"dqEntry":"(3;5;5;2;1)","description":"Fuel emissions for stop\u0026go operation, abrasion of tyres, brake lining, road surface and road dust re-emission.. data from environmental agency","internalId":19,"flow":{"@type":"Flow","@id":"1eb1b94c-e9d8-47ab-969b-9cca920157d8","name":"Particulate Matter, \u003e 10 um","category":"Elementary flows/Emission to air/high population density","flowType":"ELEMENTARY_FLOW","refUnit":"kg"},"unit":{"@type":"Unit","@id":"20aadc24-a391-41cf-b340-3e4529f44bde","name":"kg"},"flowProperty":{"@type":"FlowProperty","@id":"93a60a56-a3c8-11da-a746-0800200b9a66","name":"Mass","category":"Technical flow properties","refUnit":"kg"},"uncertainty":{"@type":"Uncertainty","distributionType":"LOG_NORMAL_DISTRIBUTION","geomMean":1.75E-4,"geomSd":1.4341253160944203}},{"@type":"Exchange","isAvoidedProduct":false,"isInput":false,"amount":2.35E-8,"dqEntry":"(4;5;5;2;1)","description":"Fuel emissions. data from published expert estimate","internalId":16,"flow":{"@type":"Flow","@id":"e43a270f-4f88-4789-a0b8-7aba56677743","name":"Nickel II","category":"Elementary flows/Emission to air/high population density","flowType":"ELEMENTARY_FLOW","refUnit":"kg"},"unit":{"@type":"Unit","@id":"20aadc24-a391-41cf-b340-3e4529f44bde","name":"kg"},"flowProperty":{"@type":"FlowProperty","@id":"93a60a56-a3c8-11da-a746-0800200b9a66","name":"Mass","category":"Technical flow properties","refUnit":"kg"},"uncertainty":{"@type":"Uncertainty","distributionType":"LOG_NORMAL_DISTRIBUTION","geomMean":2.35E-8,"geomSd":2.253318098771297}},{"@type":"Exchange","isAvoidedProduct":false,"isInput":false,"amount":3.36E-9,"dqEntry":"(4;5;5;2;1)","description":"Fuel emissions. data from published expert estimate","internalId":21,"flow":{"@type":"Flow","@id":"a79be2ee-ac83-4328-a136-a34ba1f99089","name":"Selenium IV","category":"Elementary flows/Emission to air/high population density","flowType":"ELEMENTARY_FLOW","refUnit":"kg"},"unit":{"@type":"Unit","@id":"20aadc24-a391-41cf-b340-3e4529f44bde","name":"kg"},"flowProperty":{"@type":"FlowProperty","@id":"93a60a56-a3c8-11da-a746-0800200b9a66","name":"Mass","category":"Technical flow properties","refUnit":"kg"},"uncertainty":{"@type":"Uncertainty","distributionType":"LOG_NORMAL_DISTRIBUTION","geomMean":3.36E-9,"geomSd":2.253318098771297}},{"@type":"Exchange","isAvoidedProduct":false,"isInput":false,"amount":5.25E-5,"dqEntry":"(2;1;5;1;1)","description":"Fuel emissions.. data from environmental agency","internalId":12,"flow":{"@type":"Flow","@id":"6dc1b46f-ee89-4495-95c4-b8a637bcd6cb","name":"Dinitrogen monoxide","category":"Elementary flows/Emission to air/high population density","flowType":"ELEMENTARY_FLOW","refUnit":"kg"},"unit":{"@type":"Unit","@id":"20aadc24-a391-41cf-b340-3e4529f44bde","name":"kg"},"flowProperty":{"@type":"FlowProperty","@id":"93a60a56-a3c8-11da-a746-0800200b9a66","name":"Mass","category":"Technical flow properties","refUnit":"kg"},"uncertainty":{"@type":"Uncertainty","distributionType":"LOG_NORMAL_DISTRIBUTION","geomMean":5.25E-5,"geomSd":1.2214027581601699}},{"@type":"Exchange","isAvoidedProduct":false,"isInput":false,"amount":1.69E-8,"dqEntry":"(4;5;5;2;1)","description":"Fuel emissions. data from published expert estimate","internalId":10,"flow":{"@type":"Flow","@id":"7705f0e1-5b14-44f4-b330-1245b5c7fc08","name":"Chromium III","category":"Elementary flows/Emission to air/high population density","flowType":"ELEMENTARY_FLOW","refUnit":"kg"},"unit":{"@type":"Unit","@id":"20aadc24-a391-41cf-b340-3e4529f44bde","name":"kg"},"flowProperty":{"@type":"FlowProperty","@id":"93a60a56-a3c8-11da-a746-0800200b9a66","name":"Mass","category":"Technical flow properties","refUnit":"kg"},"uncertainty":{"@type":"Uncertainty","distributionType":"LOG_NORMAL_DISTRIBUTION","geomMean":1.69E-8,"geomSd":2.253318098771297}},{"@type":"Exchange","isAvoidedProduct":false,"isInput":false,"amount":8.46E-5,"dqEntry":"(2;1;5;1;1)","description":"Fuel emissions for stop\u0026go operation.. data from environmental agency","internalId":14,"flow":{"@type":"Flow","@id":"5f7aad3d-566c-4d0d-ad59-e765f971aa0f","name":"Methane, fossil","category":"Elementary flows/Emission to air/high population density","flowType":"ELEMENTARY_FLOW","refUnit":"kg"},"unit":{"@type":"Unit","@id":"20aadc24-a391-41cf-b340-3e4529f44bde","name":"kg"},"flowProperty":{"@type":"FlowProperty","@id":"93a60a56-a3c8-11da-a746-0800200b9a66","name":"Mass","category":"Technical flow properties","refUnit":"kg"},"uncertainty":{"@type":"Uncertainty","distributionType":"LOG_NORMAL_DISTRIBUTION","geomMean":8.46E-5,"geomSd":1.2214027581601699}},{"@type":"Exchange","isAvoidedProduct":false,"isInput":false,"amount":1.06,"dqEntry":"(2;1;5;1;1)","description":"Fuel emissions.. data from environmental agency","internalId":8,"flow":{"@type":"Flow","@id":"f9749677-9c9f-4678-ab55-c607dfdc2cb9","name":"Carbon dioxide, fossil","category":"Elementary flows/Emission to air/high population density","flowType":"ELEMENTARY_FLOW","refUnit":"kg"},"unit":{"@type":"Unit","@id":"20aadc24-a391-41cf-b340-3e4529f44bde","name":"kg"},"flowProperty":{"@type":"FlowProperty","@id":"93a60a56-a3c8-11da-a746-0800200b9a66","name":"Mass","category":"Technical flow properties","refUnit":"kg"},"uncertainty":{"@type":"Uncertainty","distributionType":"LOG_NORMAL_DISTRIBUTION","geomMean":1.06,"geomSd":1.0}},{"@type":"Exchange","isAvoidedProduct":false,"isInput":true,"amount":4.52E-7,"dqEntry":"(3;1;5;1;1)","description":"EcoSpold01Location\u003dCH\nLorry infrastructure.","internalId":4,"flow":{"@type":"Flow","@id":"c5becf71-fc41-4921-9a9e-b6b700e0408b","name":"waste collection lorry, 21 metric ton","category":"C:Manufacturing/29:Manufacture of motor vehicles, trailers and semi-trailers/291:Manufacture of motor vehicles/2910:Manufacture of motor vehicles","flowType":"PRODUCT_FLOW","refUnit":"Item(s)"},"unit":{"@type":"Unit","@id":"6dabe201-aaac-4509-92f0-d00c26cb72ab","name":"Item(s)"},"flowProperty":{"@type":"FlowProperty","@id":"01846770-4cfe-4a25-8ad9-919d8d378345","name":"Number of items","category":"Technical flow properties","refUnit":"Item(s)"},"uncertainty":{"@type":"Uncertainty","distributionType":"LOG_NORMAL_DISTRIBUTION","geomMean":4.52E-7,"geomSd":1.0},"defaultProvider":{"@type":"Process","@id":"f431b261-9906-3030-ba49-551fc4eace16","name":"market for waste collection lorry, 21 metric ton | waste collection lorry, 21 metric ton | Cutoff, U","category":"C:Manufacturing/29:Manufacture of motor vehicles, trailers and semi-trailers/291:Manufacture of motor vehicles/2910:Manufacture of motor vehicles","processType":"UNIT_PROCESS","flowType":"PRODUCT_FLOW","location":"GLO"}},{"@type":"Exchange","isAvoidedProduct":false,"isInput":false,"amount":4.48E-9,"dqEntry":"(4;5;5;2;1)","description":"Fuel emissions and tyre abrasion. data from published expert estimate","internalId":7,"flow":{"@type":"Flow","@id":"36e53653-1338-42c7-816c-f6667809e0b1","name":"Cadmium II","category":"Elementary flows/Emission to air/high population density","flowType":"ELEMENTARY_FLOW","refUnit":"kg"},"unit":{"@type":"Unit","@id":"20aadc24-a391-41cf-b340-3e4529f44bde","name":"kg"},"flowProperty":{"@type":"FlowProperty","@id":"93a60a56-a3c8-11da-a746-0800200b9a66","name":"Mass","category":"Technical flow properties","refUnit":"kg"},"uncertainty":{"@type":"Uncertainty","distributionType":"LOG_NORMAL_DISTRIBUTION","geomMean":4.48E-9,"geomSd":2.253318098771297}},{"@type":"Exchange","isAvoidedProduct":false,"isInput":false,"amount":6.77E-5,"dqEntry":"(2;1;5;1;1)","description":"Fuel emissions for stop\u0026go operation.. data from environmental agency","internalId":6,"flow":{"@type":"Flow","@id":"1bb6a502-3ff9-4a79-835c-5588b855f1f5","name":"Benzene","category":"Elementary flows/Emission to air/high population density","flowType":"ELEMENTARY_FLOW","refUnit":"kg"},"unit":{"@type":"Unit","@id":"20aadc24-a391-41cf-b340-3e4529f44bde","name":"kg"},"flowProperty":{"@type":"FlowProperty","@id":"93a60a56-a3c8-11da-a746-0800200b9a66","name":"Mass","category":"Technical flow properties","refUnit":"kg"},"uncertainty":{"@type":"Uncertainty","distributionType":"LOG_NORMAL_DISTRIBUTION","geomMean":6.77E-5,"geomSd":1.2214027581601699}},{"@type":"Exchange","isAvoidedProduct":false,"isInput":false,"amount":0.00758,"dqEntry":"(2;1;5;1;1)","description":"Fuel emissions for stop\u0026go operation.. data from environmental agency","internalId":17,"flow":{"@type":"Flow","@id":"88114041-7299-3af5-b17e-f79649c03cad","name":"Nitrogen oxides, CH","category":"Elementary flows/Emission to air/high population density","flowType":"ELEMENTARY_FLOW","refUnit":"kg"},"unit":{"@type":"Unit","@id":"20aadc24-a391-41cf-b340-3e4529f44bde","name":"kg"},"flowProperty":{"@type":"FlowProperty","@id":"93a60a56-a3c8-11da-a746-0800200b9a66","name":"Mass","category":"Technical flow properties","refUnit":"kg"},"uncertainty":{"@type":"Uncertainty","distributionType":"LOG_NORMAL_DISTRIBUTION","geomMean":0.00758,"geomSd":1.2214027581601699}},{"@type":"Exchange","isAvoidedProduct":false,"isInput":false,"amount":2.71E-5,"dqEntry":"(2;1;5;1;1)","description":"Fuel emissions for stop\u0026go operation.. data from published expert estimate","internalId":24,"flow":{"@type":"Flow","@id":"ed8da356-ed40-4a35-8de4-57aee1d3c279","name":"Xylene","category":"Elementary flows/Emission to air/high population density","flowType":"ELEMENTARY_FLOW","refUnit":"kg"},"unit":{"@type":"Unit","@id":"20aadc24-a391-41cf-b340-3e4529f44bde","name":"kg"},"flowProperty":{"@type":"FlowProperty","@id":"93a60a56-a3c8-11da-a746-0800200b9a66","name":"Mass","category":"Technical flow properties","refUnit":"kg"},"uncertainty":{"@type":"Uncertainty","distributionType":"LOG_NORMAL_DISTRIBUTION","geomMean":2.71E-5,"geomSd":1.2214027581601699}},{"@type":"Exchange","isAvoidedProduct":false,"isInput":false,"amount":0.00273,"dqEntry":"(2;1;5;1;1)","description":"Fuel emissions for stop\u0026go operation. data from environmental agency","internalId":9,"flow":{"@type":"Flow","@id":"6edcc2df-88a3-48e1-83d8-ffc38d31c35b","name":"Carbon monoxide, fossil","category":"Elementary flows/Emission to air/high population density","flowType":"ELEMENTARY_FLOW","refUnit":"kg"},"unit":{"@type":"Unit","@id":"20aadc24-a391-41cf-b340-3e4529f44bde","name":"kg"},"flowProperty":{"@type":"FlowProperty","@id":"93a60a56-a3c8-11da-a746-0800200b9a66","name":"Mass","category":"Technical flow properties","refUnit":"kg"},"uncertainty":{"@type":"Uncertainty","distributionType":"LOG_NORMAL_DISTRIBUTION","geomMean":0.00273,"geomSd":2.239439866122061}},{"@type":"Exchange","isAvoidedProduct":false,"isInput":false,"amount":3.33E-6,"dqEntry":"(4;5;5;2;1)","description":"Fuel emissions and tyre abrasion. data from published expert estimate","internalId":25,"flow":{"@type":"Flow","@id":"748f22a9-eba4-4726-bef5-92c7442ce189","name":"Zinc II","category":"Elementary flows/Emission to air/high population density","flowType":"ELEMENTARY_FLOW","refUnit":"kg"},"unit":{"@type":"Unit","@id":"20aadc24-a391-41cf-b340-3e4529f44bde","name":"kg"},"flowProperty":{"@type":"FlowProperty","@id":"93a60a56-a3c8-11da-a746-0800200b9a66","name":"Mass","category":"Technical flow properties","refUnit":"kg"},"uncertainty":{"@type":"Uncertainty","distributionType":"LOG_NORMAL_DISTRIBUTION","geomMean":3.33E-6,"geomSd":2.253318098771297}},{"@type":"Exchange","isAvoidedProduct":false,"isInput":false,"amount":6.15E-4,"dqEntry":"(2;2;5;1;1)","description":"Fuel emissions for stop\u0026go operation, abrasion of tyres, brake lining, road surface and road dust re-emission.. data from environmental agency","internalId":18,"flow":{"@type":"Flow","@id":"230d8a0a-517c-43fe-8357-1818dd12997a","name":"Particulate Matter, \u003c 2.5 um","category":"Elementary flows/Emission to air/high population density","flowType":"ELEMENTARY_FLOW","refUnit":"kg"},"unit":{"@type":"Unit","@id":"20aadc24-a391-41cf-b340-3e4529f44bde","name":"kg"},"flowProperty":{"@type":"FlowProperty","@id":"93a60a56-a3c8-11da-a746-0800200b9a66","name":"Mass","category":"Technical flow properties","refUnit":"kg"},"uncertainty":{"@type":"Uncertainty","distributionType":"LOG_NORMAL_DISTRIBUTION","geomMean":6.15E-4,"geomSd":1.4139824580805163}},{"@type":"Exchange","isAvoidedProduct":false,"isInput":false,"amount":2.02E-4,"dqEntry":"(2;1;5;1;1)","description":"Fuel emissions.. data from published expert estimate","internalId":22,"flow":{"@type":"Flow","@id":"cf9f6cf8-9a1a-3a22-b742-c9f1e15d7b61","name":"Sulfur dioxide, CH","category":"Elementary flows/Emission to air/high population density","flowType":"ELEMENTARY_FLOW","refUnit":"kg"},"unit":{"@type":"Unit","@id":"20aadc24-a391-41cf-b340-3e4529f44bde","name":"kg"},"flowProperty":{"@type":"FlowProperty","@id":"93a60a56-a3c8-11da-a746-0800200b9a66","name":"Mass","category":"Technical flow properties","refUnit":"kg"},"uncertainty":{"@type":"Uncertainty","distributionType":"LOG_NORMAL_DISTRIBUTION","geomMean":2.02E-4,"geomSd":1.0}},{"@type":"Exchange","isAvoidedProduct":false,"isInput":false,"amount":5.71E-7,"dqEntry":"(4;5;5;2;1)","description":"Fuel emissions. data from published expert estimate","internalId":11,"flow":{"@type":"Flow","@id":"88cde01c-df69-40bb-9b14-6eac71bea5b8","name":"Copper ion","category":"Elementary flows/Emission to air/high population density","flowType":"ELEMENTARY_FLOW","refUnit":"kg"},"unit":{"@type":"Unit","@id":"20aadc24-a391-41cf-b340-3e4529f44bde","name":"kg"},"flowProperty":{"@type":"FlowProperty","@id":"93a60a56-a3c8-11da-a746-0800200b9a66","name":"Mass","category":"Technical flow properties","refUnit":"kg"},"uncertainty":{"@type":"Uncertainty","distributionType":"LOG_NORMAL_DISTRIBUTION","geomMean":5.71E-7,"geomSd":2.253318098771297}},{"@type":"Exchange","isAvoidedProduct":false,"isInput":false,"amount":0.00345,"dqEntry":"(2;1;5;1;1)","description":"Fuel emissions for stop\u0026go operation.. data from environmental agency","internalId":15,"flow":{"@type":"Flow","@id":"175baa64-d985-4c5e-84ef-67cc3a1cf952","name":"NMVOC, non-methane volatile organic compounds","category":"Elementary flows/Emission to air/high population density","flowType":"ELEMENTARY_FLOW","refUnit":"kg"},"unit":{"@type":"Unit","@id":"20aadc24-a391-41cf-b340-3e4529f44bde","name":"kg"},"flowProperty":{"@type":"FlowProperty","@id":"93a60a56-a3c8-11da-a746-0800200b9a66","name":"Mass","category":"Technical flow properties","refUnit":"kg"},"uncertainty":{"@type":"Uncertainty","distributionType":"LOG_NORMAL_DISTRIBUTION","geomMean":0.00345,"geomSd":1.2214027581601699}},{"@type":"Exchange","isAvoidedProduct":false,"isInput":false,"amount":7.95E-6,"dqEntry":"(2;1;5;1;1)","description":"Fuel emissions.. data from environmental agency","internalId":5,"flow":{"@type":"Flow","@id":"0405367e-b450-3279-a323-74110bfb61e4","name":"Ammonia, CH","category":"Elementary flows/Emission to air/high population density","flowType":"ELEMENTARY_FLOW","refUnit":"kg"},"unit":{"@type":"Unit","@id":"20aadc24-a391-41cf-b340-3e4529f44bde","name":"kg"},"flowProperty":{"@type":"FlowProperty","@id":"93a60a56-a3c8-11da-a746-0800200b9a66","name":"Mass","category":"Technical flow properties","refUnit":"kg"},"uncertainty":{"@type":"Uncertainty","distributionType":"LOG_NORMAL_DISTRIBUTION","geomMean":7.95E-6,"geomSd":1.2214027581601699}},{"@type":"Exchange","isAvoidedProduct":false,"isInput":true,"amount":0.336,"dqEntry":"(1;1;5;1;1)","description":"literature average for various Swiss and German municipalities. uncertainty from range in literature data\nEcoSpold01Location\u003dCH","internalId":2,"flow":{"@type":"Flow","@id":"291fc06d-1b3e-4077-aabb-346b588ed24b","name":"diesel","category":"C:Manufacturing/19:Manufacture of coke and refined petroleum products/192:Manufacture of refined petroleum products/1920:Manufacture of refined petroleum products","flowType":"PRODUCT_FLOW","refUnit":"kg"},"unit":{"@type":"Unit","@id":"20aadc24-a391-41cf-b340-3e4529f44bde","name":"kg"},"flowProperty":{"@type":"FlowProperty","@id":"93a60a56-a3c8-11da-a746-0800200b9a66","name":"Mass","category":"Technical flow properties","refUnit":"kg"},"uncertainty":{"@type":"Uncertainty","distributionType":"LOG_NORMAL_DISTRIBUTION","geomMean":0.336,"geomSd":1.1051709180756477},"defaultProvider":{"@type":"Process","@id":"6d450f05-6900-34ac-8f32-60107f3edeb5","name":"market for diesel | diesel | Cutoff, U","category":"C:Manufacturing/19:Manufacture of coke and refined petroleum products/192:Manufacture of refined petroleum products/1920:Manufacture of refined petroleum products","processType":"UNIT_PROCESS","flowType":"PRODUCT_FLOW","location":"CH"}},{"@type":"Exchange","isAvoidedProduct":false,"isInput":false,"amount":1.05E-4,"dqEntry":"(3;3;5;2;1)","description":"Fuel emissions for stop\u0026go operation, abrasion of tyres, brake lining, road surface and road dust re-emission.. data from environmental agency","internalId":20,"flow":{"@type":"Flow","@id":"ccb169c3-8aae-4727-89bb-a7dd122946f3","name":"Particulate Matter, \u003e 2.5 um and \u003c 10um","category":"Elementary flows/Emission to air/high population density","flowType":"ELEMENTARY_FLOW","refUnit":"kg"},"unit":{"@type":"Unit","@id":"20aadc24-a391-41cf-b340-3e4529f44bde","name":"kg"},"flowProperty":{"@type":"FlowProperty","@id":"93a60a56-a3c8-11da-a746-0800200b9a66","name":"Mass","category":"Technical flow properties","refUnit":"kg"},"uncertainty":{"@type":"Uncertainty","distributionType":"LOG_NORMAL_DISTRIBUTION","geomMean":1.05E-4,"geomSd":1.4139824580805163}},{"@type":"Exchange","isAvoidedProduct":false,"isInput":false,"amount":2.71E-5,"dqEntry":"(2;1;5;1;1)","description":"Fuel emissions for stop\u0026go operation.. data from published expert estimate","internalId":23,"flow":{"@type":"Flow","@id":"39946c56-cdf6-4a22-9ac9-1cd333b65533","name":"Toluene","category":"Elementary flows/Emission to air/high population density","flowType":"ELEMENTARY_FLOW","refUnit":"kg"},"unit":{"@type":"Unit","@id":"20aadc24-a391-41cf-b340-3e4529f44bde","name":"kg"},"flowProperty":{"@type":"FlowProperty","@id":"93a60a56-a3c8-11da-a746-0800200b9a66","name":"Mass","category":"Technical flow properties","refUnit":"kg"},"uncertainty":{"@type":"Uncertainty","distributionType":"LOG_NORMAL_DISTRIBUTION","geomMean":2.71E-5,"geomSd":1.2214027581601699}},{"@type":"Exchange","isAvoidedProduct":false,"isInput":true,"amount":6.41E-4,"dqEntry":"(3;1;5;1;1)","description":"EcoSpold01Location\u003dCH\nRoad infrastructure maintenance.","internalId":3,"flow":{"@type":"Flow","@id":"350765c0-a00b-41ef-b824-c603077e82d2","name":"road","category":"F:Construction/42:Civil engineering/421:Construction of roads and railways/4210:Construction of roads and railways","flowType":"PRODUCT_FLOW","refUnit":"m*a"},"unit":{"@type":"Unit","@id":"f7fe0af2-e764-4984-bb9f-2cbff6cd2f18","name":"m*a"},"flowProperty":{"@type":"FlowProperty","@id":"b7ffb330-95a8-4815-a78c-47fcdee3b768","name":"Length*time","category":"Technical flow properties","refUnit":"m*a"},"uncertainty":{"@type":"Uncertainty","distributionType":"LOG_NORMAL_DISTRIBUTION","geomMean":6.41E-4,"geomSd":1.0},"defaultProvider":{"@type":"Process","@id":"b0a9c268-6131-3b67-80fa-cc921576a0db","name":"road construction | road | Cutoff, U","category":"F:Construction/42:Civil engineering/421:Construction of roads and railways/4210:Construction of roads and railways","processType":"UNIT_PROCESS","flowType":"PRODUCT_FLOW","location":"CH"}},{"@type":"Exchange","isAvoidedProduct":false,"isInput":false,"amount":4.87E-9,"dqEntry":"(4;5;5;2;1)","description":"Tyre abrasion. data from published expert estimate","internalId":13,"flow":{"@type":"Flow","@id":"6a903634-c97f-4c49-a7c0-88f0e6ac7a23","name":"Lead II","category":"Elementary flows/Emission to air/high population density","flowType":"ELEMENTARY_FLOW","refUnit":"kg"},"unit":{"@type":"Unit","@id":"20aadc24-a391-41cf-b340-3e4529f44bde","name":"kg"},"flowProperty":{"@type":"FlowProperty","@id":"93a60a56-a3c8-11da-a746-0800200b9a66","name":"Mass","category":"Technical flow properties","refUnit":"kg"},"uncertainty":{"@type":"Uncertainty","distributionType":"LOG_NORMAL_DISTRIBUTION","geomMean":4.87E-9,"geomSd":2.253318098771297}},{"@type":"Exchange","isAvoidedProduct":false,"isInput":false,"amount":1.0,"internalId":28,"flow":{"@type":"Flow","@id":"27da8130-82ba-485c-a800-b89efdcb0491","name":"municipal solid waste","category":"E:Water supply; sewerage, waste management and remediation activities/38:Waste collection, treatment and disposal activities; materials recovery/382:Waste treatment and disposal/3821:Treatment and disposal of non-hazardous waste","flowType":"WASTE_FLOW","refUnit":"kg"},"unit":{"@type":"Unit","@id":"83192ffa-5990-490b-a23a-b45ca072db6f","name":"t"},"flowProperty":{"@type":"FlowProperty","@id":"93a60a56-a3c8-11da-a746-0800200b9a66","name":"Mass","category":"Technical flow properties","refUnit":"kg"},"isQuantitativeReference":true}],"socialAspects":[],"allocationFactors":[]}