{"@type":"Process","@id":"421c8e52-917e-4c8b-8dfe-c39f1af71271","name":" industrial composting","description":"Biowaste in the current process is defined as follows: ;Biodegradable garden and park waste, food and kitchen waste from households, restaurants, caterers and retail premises, comparable waste from food processing plants, it also includes forestry or agricultural residues and manure. It does not include sewage sludge, or other biodegradable waste such as natural textiles, paper or processed wood. ;The composting treatment is a process of controlled decomposition and humification of biodegradable materials under managed conditions, which is aerobic and which allows the development of temperatures suitable for mesophilic and thermophilic bacteria as a result of biologically produced heat.;The relevant resulting emissions to air are summarised in the following table:;The resulting output \"compost\" inventory refers to 1 kg fresh weight of biogenic waste. The process modelled describes industrial composting. Compost is defined as humified solid particulate material that is the result of composting, which has been sanitised and stabilised, and which confers beneficial effects when it is added to soil It is used as growing media constituent, or used in another way in conjunction with plants.;None;The contents of compost are as follows:;The heavy metal contents of compost are presented in the following table:;Previous studies in the corresponding field showed that the evaluation of heavy metal emissions into soil with various single score methods such as Eco-Indicator 99 and ecological scarcity have a significant impact on the overall results. It is therefore advised to take special care when evaluating these systems, especially to avoid potential double counting.;The output compost uses a special property \"humus equivalents\" which depicts the amount of organic carbon, which would lead to a buildup of humus.;Different substrates have different capacities of organic matter to form humus (see following table);The proposed method to account for humus C is based on the following methodology:;The organic carbon content of soil (Corg) is normally used to declare the amount of organic matter of soil. The content of humus is calculated from Corg, using the assumption that humus contains 58% carbon on average.;The amount of humus is therefore calculated out of Corg as follows: ;humus content [%] or [mg g-1] \u003d (Ctotal - Cinorg) / 0.58;If an allocation approach with substution is applied, the corresponding amounts of substitutes are calculated based on their capacity to build up humus. The conversion is based on the humus factors, which are listed in the next table:;None;More detailed descriptions and background information can be found in the corresponding report.;[This dataset is meant to replace the following datasets:; - treatment of biowaste, composting, CH, 1999 - 1999 (2ea9273a-0a98-4706-8c27-ac2ae4bc8f13)] Energy demand for operating a compost plant was included as well as process emissions, infrastructure of the compost plant and transports related to the collection of the biogenic waste. Values refer to compost with a water content of 50 % by weight. Dataset documentation: https://v391.ecoquery.ecoinvent.org/Details/UPR/8caca0e1-e46d-498d-8027-8ed9197a8d4d/dd7f13f5-0658-489c-a19c-f2ff8a00bdd9","category":"MSW/Current Management/USA/yard management","version":"03.07.012","lastChange":"2024-02-24T13:46:14.246Z","processType":"UNIT_PROCESS","isInfrastructureProcess":false,"processDocumentation":{"technologyDescription":"Compost inventory refers to open plant compost production.;The process step-by-step, from shredding to products:;None;None;1. Reception and weighing (+ storage of feedstock);None;None;2. Shredding (depending on structure of feedstock);None;3. Anaerobic digestion (AD) and solid/liquid separation;None;4. Rotting process, turning over, aeration and watering ;5. Post-processing and conditioning;The scheme for industrial composting as used here is presented the following figure:;To assure best practice and good quality of the resulting product, it is assumed that the treatment process adheres to the following procedure:","dataTreatmentDescription":"none","samplingDescription":"Data come from composting plants in Switzerland. The material contents for compost are based on mass spectrometry analyses.","isCopyrightProtected":true,"geographyDescription":"Values refer to the situation in Switzerland.","creationDate":"2016-01-11T15:49:35","validFrom":"2011-01-01","validUntil":"2022-12-31","dataDocumentor":{"@type":"Actor","@id":"fb0e4bc2-6d48-4df3-9015-ab56bacd8393","name":"Mischa Zschokke-Gohl"},"dataGenerator":{"@type":"Actor","@id":"fb0e4bc2-6d48-4df3-9015-ab56bacd8393","name":"Mischa Zschokke-Gohl"},"publication":{"@type":"Source","@id":"0d890fb1-911e-42f3-b6d0-e0e2dbf9d409","name":"Dinkel F.2012"}},"lastInternalId":18,"exchangeDqSystem":{"@type":"DQSystem","@id":"e7ac7cf6-5457-453e-99f9-d889826fffe8","name":"Ecoinvent Data Quality System"},"parameters":[],"exchanges":[{"@type":"Exchange","isAvoidedProduct":false,"isInput":false,"amount":1.25E-4,"internalId":13,"flow":{"@type":"Flow","@id":"075e433b-4be4-448e-9510-9a5029c1ce94","name":"Water","category":"Elementary flows/Emission to air/unspecified","flowType":"ELEMENTARY_FLOW","refUnit":"m3"},"unit":{"@type":"Unit","@id":"1c3a9695-398d-4b1f-b07e-a8715b610f70","name":"m3"},"flowProperty":{"@type":"FlowProperty","@id":"93a60a56-a3c8-22da-a746-0800200c9a66","name":"Volume","category":"Technical flow properties","refUnit":"m3"}},{"@type":"Exchange","isAvoidedProduct":false,"isInput":true,"amount":0.0118,"dqEntry":"(2;3;3;1;1)","description":"Own calculations","internalId":4,"flow":{"@type":"Flow","@id":"d69294d7-8d64-4915-a896-9996a014c410","name":"electricity, low voltage","category":"D:Electricity, gas, steam and air conditioning supply/35:Electricity, gas, steam and air conditioning supply/351:Electric power generation, transmission and distribution/3510:Electric power generation, transmission and distribution","flowType":"PRODUCT_FLOW","refUnit":"MJ"},"unit":{"@type":"Unit","@id":"86ad2244-1f0e-4912-af53-7865283103e4","name":"kWh"},"flowProperty":{"@type":"FlowProperty","@id":"f6811440-ee37-11de-8a39-0800200c9a66","name":"Energy","category":"Technical flow properties","refUnit":"MJ"},"uncertainty":{"@type":"Uncertainty","distributionType":"LOG_NORMAL_DISTRIBUTION","geomMean":0.0118,"geomSd":1.1051709180756477},"defaultProvider":{"@type":"Process","@id":"52b71783-2050-3afa-abba-81770419d3db","name":"market for electricity, low voltage | electricity, low voltage | Consequential, U","category":"D:Electricity, gas, steam and air conditioning supply/35:Electricity, gas, steam and air conditioning supply/351:Electric power generation, transmission and distribution/3510:Electric power generation, transmission and distribution","processType":"UNIT_PROCESS","flowType":"PRODUCT_FLOW","location":"CH"}},{"@type":"Exchange","isAvoidedProduct":false,"isInput":false,"amount":2.5E-5,"dqEntry":"(2;3;3;1;1)","internalId":10,"flow":{"@type":"Flow","@id":"6dc1b46f-ee89-4495-95c4-b8a637bcd6cb","name":"Dinitrogen monoxide","category":"Elementary flows/Emission to air/high population density","flowType":"ELEMENTARY_FLOW","refUnit":"kg"},"unit":{"@type":"Unit","@id":"20aadc24-a391-41cf-b340-3e4529f44bde","name":"kg"},"flowProperty":{"@type":"FlowProperty","@id":"93a60a56-a3c8-11da-a746-0800200b9a66","name":"Mass","category":"Technical flow properties","refUnit":"kg"},"uncertainty":{"@type":"Uncertainty","distributionType":"LOG_NORMAL_DISTRIBUTION","geomMean":2.5E-5,"geomSd":1.2214027581601699}},{"@type":"Exchange","isAvoidedProduct":false,"isInput":true,"amount":7.41E-9,"dqEntry":"(2;3;3;1;1)","description":"Infrastructure input of Swiss compositng facility, amount calculated based on lifetime capacity of the composting facility.","internalId":3,"flow":{"@type":"Flow","@id":"bfdc2268-b9c4-462a-8971-4503ffdfbaf3","name":"composting facility, open","category":"F:Construction/42:Civil engineering/429:Construction of other civil engineering projects/4290:Construction of other civil engineering projects","flowType":"PRODUCT_FLOW","refUnit":"Item(s)"},"unit":{"@type":"Unit","@id":"6dabe201-aaac-4509-92f0-d00c26cb72ab","name":"Item(s)"},"flowProperty":{"@type":"FlowProperty","@id":"01846770-4cfe-4a25-8ad9-919d8d378345","name":"Number of items","category":"Technical flow properties","refUnit":"Item(s)"},"uncertainty":{"@type":"Uncertainty","distributionType":"LOG_NORMAL_DISTRIBUTION","geomMean":7.41E-9,"geomSd":1.7450381821146503},"defaultProvider":{"@type":"Process","@id":"e6ef9385-be9d-370c-8e5d-59e280c66856","name":"composting facility construction, open | composting facility, open | Consequential, U","category":"F:Construction/42:Civil engineering/429:Construction of other civil engineering projects/4290:Construction of other civil engineering projects","processType":"UNIT_PROCESS","flowType":"PRODUCT_FLOW","location":"CH"}},{"@type":"Exchange","isAvoidedProduct":false,"isInput":false,"amount":5.26E-4,"dqEntry":"(2;3;3;1;1)","internalId":11,"flow":{"@type":"Flow","@id":"e3cfaa07-9b68-4461-a06f-a0e4e59d41d3","name":"Hydrogen sulfide","category":"Elementary flows/Emission to air/high population density","flowType":"ELEMENTARY_FLOW","refUnit":"kg"},"unit":{"@type":"Unit","@id":"20aadc24-a391-41cf-b340-3e4529f44bde","name":"kg"},"flowProperty":{"@type":"FlowProperty","@id":"93a60a56-a3c8-11da-a746-0800200b9a66","name":"Mass","category":"Technical flow properties","refUnit":"kg"},"uncertainty":{"@type":"Uncertainty","distributionType":"LOG_NORMAL_DISTRIBUTION","geomMean":5.26E-4,"geomSd":1.2505791921887124}},{"@type":"Exchange","isAvoidedProduct":false,"isInput":true,"amount":3.52112676056338E-4,"dqEntry":"(3;4;5;1;2)","description":"Diesel usage per ton: 2.5 l \u003d\u003d\u003e approx 2.1 kg / t; operating hours per ton: approx. 0.35 h","internalId":5,"flow":{"@type":"Flow","@id":"d5863802-d93f-4c5e-a028-bc34668ef3c5","name":"machine operation, diesel, \u003e\u003d 74.57 kW, low load factor","category":"F:Construction/43:Specialized construction activities/431:Demolition and site preparation/4312:Site preparation","flowType":"PRODUCT_FLOW","refUnit":"d"},"unit":{"@type":"Unit","@id":"227a54d9-44e7-468c-b8bb-f2dd1ae68c7a","name":"h"},"flowProperty":{"@type":"FlowProperty","@id":"c0447923-0e60-4b3c-97c2-a86dddd9eea5","name":"Duration","category":"Technical flow properties","refUnit":"d"},"uncertainty":{"@type":"Uncertainty","distributionType":"LOG_NORMAL_DISTRIBUTION","geomMean":3.52112676056338E-4,"geomSd":1.1051709180756477},"defaultProvider":{"@type":"Process","@id":"62e1d3a2-22a9-3904-b28b-a3f65412daf7","name":"market for machine operation, diesel, \u003e\u003d 74.57 kW, low load factor | machine operation, diesel, \u003e\u003d 74.57 kW, low load factor | Consequential, U","category":"F:Construction/43:Specialized construction activities/431:Demolition and site preparation/4312:Site preparation","processType":"UNIT_PROCESS","flowType":"PRODUCT_FLOW","location":"GLO"}},{"@type":"Exchange","isAvoidedProduct":false,"isInput":false,"amount":7.0E-4,"dqEntry":"(2;3;3;1;1)","internalId":8,"flow":{"@type":"Flow","@id":"0405367e-b450-3279-a323-74110bfb61e4","name":"Ammonia, CH","category":"Elementary flows/Emission to air/high population density","flowType":"ELEMENTARY_FLOW","refUnit":"kg"},"unit":{"@type":"Unit","@id":"20aadc24-a391-41cf-b340-3e4529f44bde","name":"kg"},"flowProperty":{"@type":"FlowProperty","@id":"93a60a56-a3c8-11da-a746-0800200b9a66","name":"Mass","category":"Technical flow properties","refUnit":"kg"},"uncertainty":{"@type":"Uncertainty","distributionType":"LOG_NORMAL_DISTRIBUTION","geomMean":7.0E-4,"geomSd":1.151909910168909}},{"@type":"Exchange","isAvoidedProduct":false,"isInput":false,"amount":0.001,"dqEntry":"(2;3;3;1;1)","internalId":12,"flow":{"@type":"Flow","@id":"baf58fc9-573c-419c-8c16-831ac03203b9","name":"Methane, non-fossil","category":"Elementary flows/Emission to air/high population density","flowType":"ELEMENTARY_FLOW","refUnit":"kg"},"unit":{"@type":"Unit","@id":"20aadc24-a391-41cf-b340-3e4529f44bde","name":"kg"},"flowProperty":{"@type":"FlowProperty","@id":"93a60a56-a3c8-11da-a746-0800200b9a66","name":"Mass","category":"Technical flow properties","refUnit":"kg"},"uncertainty":{"@type":"Uncertainty","distributionType":"LOG_NORMAL_DISTRIBUTION","geomMean":0.001,"geomSd":1.151909910168909}},{"@type":"Exchange","isAvoidedProduct":false,"isInput":false,"amount":0.22,"dqEntry":"(2;3;3;1;1)","internalId":9,"flow":{"@type":"Flow","@id":"73ed05cc-9727-4abf-9516-4b5c0fe54a16","name":"Carbon dioxide, non-fossil","category":"Elementary flows/Emission to air/high population density","flowType":"ELEMENTARY_FLOW","refUnit":"kg"},"unit":{"@type":"Unit","@id":"20aadc24-a391-41cf-b340-3e4529f44bde","name":"kg"},"flowProperty":{"@type":"FlowProperty","@id":"93a60a56-a3c8-11da-a746-0800200b9a66","name":"Mass","category":"Technical flow properties","refUnit":"kg"},"uncertainty":{"@type":"Uncertainty","distributionType":"LOG_NORMAL_DISTRIBUTION","geomMean":0.22,"geomSd":1.1051709180756477}},{"@type":"Exchange","isAvoidedProduct":false,"isInput":false,"amount":2.25E-4,"internalId":15,"flow":{"@type":"Flow","@id":"e8a51ec1-60cb-4ead-a948-ad1142c61918","name":"wastewater, average","category":"E:Water supply; sewerage, waste management and remediation activities/37:Sewerage/370:Sewerage/3700:Sewerage","flowType":"WASTE_FLOW","refUnit":"m3"},"unit":{"@type":"Unit","@id":"1c3a9695-398d-4b1f-b07e-a8715b610f70","name":"m3"},"flowProperty":{"@type":"FlowProperty","@id":"93a60a56-a3c8-22da-a746-0800200c9a66","name":"Volume","category":"Technical flow properties","refUnit":"m3"},"defaultProvider":{"@type":"Process","@id":"7b006503-74fe-348c-b72e-80a3e89eb1e0","name":"market for wastewater, average | wastewater, average | Consequential, U","category":"E:Water supply; sewerage, waste management and remediation activities/37:Sewerage/370:Sewerage/3700:Sewerage","processType":"UNIT_PROCESS","flowType":"WASTE_FLOW","location":"CH"}},{"@type":"Exchange","isAvoidedProduct":false,"isInput":true,"amount":0.001,"internalId":17,"flow":{"@type":"Flow","@id":"19017d11-f318-4204-8f68-45821b162d97","name":"composted (yard)","category":"MSW/yard","flowType":"WASTE_FLOW","refUnit":"kg"},"unit":{"@type":"Unit","@id":"83192ffa-5990-490b-a23a-b45ca072db6f","name":"t"},"flowProperty":{"@type":"FlowProperty","@id":"93a60a56-a3c8-11da-a746-0800200b9a66","name":"Mass","category":"Technical flow properties","refUnit":"kg"},"isQuantitativeReference":true},{"@type":"Exchange","isAvoidedProduct":false,"isInput":false,"amount":0.5,"costValue":0.015,"currency":{"@type":"Currency","@id":"7de74e65-ff97-404f-bf57-5d2a9134fb43","name":"Euro","refUnit":"EUR"},"internalId":18,"flow":{"@type":"Flow","@id":"5e91f560-9daa-4679-9c04-1de32bc92626","name":"compost","category":"MSW/recycled products","flowType":"ELEMENTARY_FLOW","refUnit":"kg"},"unit":{"@type":"Unit","@id":"20aadc24-a391-41cf-b340-3e4529f44bde","name":"kg"},"flowProperty":{"@type":"FlowProperty","@id":"93a60a56-a3c8-11da-a746-0800200b9a66","name":"Mass","category":"Technical flow properties","refUnit":"kg"}}],"socialAspects":[],"allocationFactors":[]}