{"@type":"Process","@id":"5b7a295f-c3c5-4079-9438-b242a53ca160","name":"food waste management-CHN","description":"","category":"MSW/Current Management/USA","version":"00.00.018","lastChange":"2024-03-10T13:01:40.582Z","processType":"UNIT_PROCESS","isInfrastructureProcess":false,"processDocumentation":{"isCopyrightProtected":false,"creationDate":"2024-02-19T14:45:07.807"},"lastInternalId":9,"parameters":[],"exchanges":[{"@type":"Exchange","isAvoidedProduct":false,"isInput":true,"amount":1.0,"internalId":1,"flow":{"@type":"Flow","@id":"de0e5657-8661-4451-8ab1-7d05f2558473","name":"food waste","category":"MSW","flowType":"WASTE_FLOW","refUnit":"kg"},"unit":{"@type":"Unit","@id":"83192ffa-5990-490b-a23a-b45ca072db6f","name":"t"},"flowProperty":{"@type":"FlowProperty","@id":"93a60a56-a3c8-11da-a746-0800200b9a66","name":"Mass","category":"Technical flow properties","refUnit":"kg"},"isQuantitativeReference":true},{"@type":"Exchange","isAvoidedProduct":false,"isInput":false,"amount":0.1,"internalId":2,"flow":{"@type":"Flow","@id":"11d33922-e53f-41c8-b614-688b4a3188d9","name":"donations and animal feed","category":"MSW/food","flowType":"WASTE_FLOW","refUnit":"kg"},"unit":{"@type":"Unit","@id":"83192ffa-5990-490b-a23a-b45ca072db6f","name":"t"},"flowProperty":{"@type":"FlowProperty","@id":"93a60a56-a3c8-11da-a746-0800200b9a66","name":"Mass","category":"Technical flow properties","refUnit":"kg"}},{"@type":"Exchange","isAvoidedProduct":false,"isInput":false,"amount":0.0,"internalId":3,"flow":{"@type":"Flow","@id":"cb57d788-e263-4360-95fe-b73949245337","name":"Bio-based Materials/Biochemical Processing","category":"MSW/food","flowType":"WASTE_FLOW","refUnit":"kg"},"unit":{"@type":"Unit","@id":"83192ffa-5990-490b-a23a-b45ca072db6f","name":"t"},"flowProperty":{"@type":"FlowProperty","@id":"93a60a56-a3c8-11da-a746-0800200b9a66","name":"Mass","category":"Technical flow properties","refUnit":"kg"}},{"@type":"Exchange","isAvoidedProduct":false,"isInput":false,"amount":0.1,"internalId":5,"flow":{"@type":"Flow","@id":"112c0ad1-457a-4096-8706-459fd665b262","name":"Composting","category":"MSW/food","flowType":"WASTE_FLOW","refUnit":"kg"},"unit":{"@type":"Unit","@id":"83192ffa-5990-490b-a23a-b45ca072db6f","name":"t"},"flowProperty":{"@type":"FlowProperty","@id":"93a60a56-a3c8-11da-a746-0800200b9a66","name":"Mass","category":"Technical flow properties","refUnit":"kg"}},{"@type":"Exchange","isAvoidedProduct":false,"isInput":false,"amount":0.3,"internalId":4,"flow":{"@type":"Flow","@id":"e6c7b4e2-8cbf-4eb9-92f8-1964091c9078","name":"Anaerobic digestion","category":"MSW/food","flowType":"WASTE_FLOW","refUnit":"kg"},"unit":{"@type":"Unit","@id":"83192ffa-5990-490b-a23a-b45ca072db6f","name":"t"},"flowProperty":{"@type":"FlowProperty","@id":"93a60a56-a3c8-11da-a746-0800200b9a66","name":"Mass","category":"Technical flow properties","refUnit":"kg"}},{"@type":"Exchange","isAvoidedProduct":false,"isInput":false,"amount":0.3,"internalId":6,"flow":{"@type":"Flow","@id":"7827294a-448b-461b-ae16-787a5bbd22df","name":"Controlled Combustion","category":"MSW/food","flowType":"WASTE_FLOW","refUnit":"kg"},"unit":{"@type":"Unit","@id":"83192ffa-5990-490b-a23a-b45ca072db6f","name":"t"},"flowProperty":{"@type":"FlowProperty","@id":"93a60a56-a3c8-11da-a746-0800200b9a66","name":"Mass","category":"Technical flow properties","refUnit":"kg"}},{"@type":"Exchange","isAvoidedProduct":false,"isInput":false,"amount":0.2,"internalId":7,"flow":{"@type":"Flow","@id":"239a7594-a104-45ff-8eae-e54c8a42e5f2","name":"Landfill","category":"MSW/food","flowType":"WASTE_FLOW","refUnit":"kg"},"unit":{"@type":"Unit","@id":"83192ffa-5990-490b-a23a-b45ca072db6f","name":"t"},"flowProperty":{"@type":"FlowProperty","@id":"93a60a56-a3c8-11da-a746-0800200b9a66","name":"Mass","category":"Technical flow properties","refUnit":"kg"}},{"@type":"Exchange","isAvoidedProduct":false,"isInput":false,"amount":0.0,"internalId":8,"flow":{"@type":"Flow","@id":"ac184928-6228-41b8-b521-dd188a6ef02d","name":"Sewer/Wastewater Treatment","category":"MSW/food","flowType":"WASTE_FLOW","refUnit":"kg"},"unit":{"@type":"Unit","@id":"83192ffa-5990-490b-a23a-b45ca072db6f","name":"t"},"flowProperty":{"@type":"FlowProperty","@id":"93a60a56-a3c8-11da-a746-0800200b9a66","name":"Mass","category":"Technical flow properties","refUnit":"kg"}},{"@type":"Exchange","isAvoidedProduct":false,"isInput":true,"amount":20.0,"internalId":9,"flow":{"@type":"Flow","@id":"53705574-11eb-4007-80f7-790ebd91374a","name":"municipal waste collection service by 21 metric ton lorry","category":"E:Water supply; sewerage, waste management and remediation activities/38:Waste collection, treatment and disposal activities; materials recovery/381:Waste collection/3811:Collection of non-hazardous waste","flowType":"PRODUCT_FLOW","refUnit":"t*km"},"unit":{"@type":"Unit","@id":"0dea4ed8-bb6b-4049-b2b4-b2c413ef2180","name":"t*km"},"flowProperty":{"@type":"FlowProperty","@id":"838aaa20-0117-11db-92e3-0800200c9a66","name":"Goods transport (mass*distance)","category":"Technical flow properties","refUnit":"t*km"}}],"socialAspects":[],"allocationFactors":[]}