{"@type":"ProductSystem","@id":"ea8681c7-2538-45fa-b602-381ad765eecb","name":"global","description":"First created: 2024-03-03T04:32:58\nLinking approach during creation: 无","category":"MSW/Permissive Management","version":"00.00.007","lastChange":"2024-03-14T02:55:48.518Z","refProcess":{"@type":"Process","@id":"6e55ed06-8e7e-44b6-8a61-d72bee13e427","name":"Distribution of MSW-1","category":"MSW/Permissive_Management","processType":"UNIT_PROCESS","flowType":"WASTE_FLOW"},"refExchange":{"@type":"Exchange","internalId":1,"flow":{"@type":"Flow","@id":"27da8130-82ba-485c-a800-b89efdcb0491","name":"municipal solid waste","category":"E:Water supply; sewerage, waste management and remediation activities/38:Waste collection, treatment and disposal activities; materials recovery/382:Waste treatment and disposal/3821:Treatment and disposal of non-hazardous waste","flowType":"WASTE_FLOW","refUnit":"kg"}},"targetFlowProperty":{"@type":"FlowProperty","@id":"93a60a56-a3c8-11da-a746-0800200b9a66","name":"Mass","category":"Technical flow properties","refUnit":"kg"},"targetUnit":{"@type":"Unit","@id":"83192ffa-5990-490b-a23a-b45ca072db6f","name":"t"},"targetAmount":5.35E8,"processes":[{"@type":"Process","@id":"6e55ed06-8e7e-44b6-8a61-d72bee13e427","name":"Distribution of MSW-1","category":"MSW/Permissive_Management","processType":"UNIT_PROCESS","flowType":"WASTE_FLOW"},{"@type":"Process","@id":"95246296-6bc7-3131-b9a2-685f74174cc8","name":"treatment of municipal solid waste, open burning | municipal solid waste | Cutoff, U","category":"D:Electricity, gas, steam and air conditioning supply/E:Water supply; sewerage, waste management and remediation activities/38:Waste collection, treatment and disposal activities; materials recovery/382:Waste treatment and disposal/3821:Treatment and disposal of non-hazardous waste","processType":"UNIT_PROCESS","flowType":"WASTE_FLOW","location":"GLO"},{"@type":"Process","@id":"4767e38a-0102-3e9a-b967-cb4565b9854f","name":"treatment of municipal solid waste, open dump, moist infiltration class (300mm) | municipal solid waste | Cutoff, U","category":"D:Electricity, gas, steam and air conditioning supply/E:Water supply; sewerage, waste management and remediation activities/38:Waste collection, treatment and disposal activities; materials recovery/382:Waste treatment and disposal/3821:Treatment and disposal of non-hazardous waste","processType":"UNIT_PROCESS","flowType":"WASTE_FLOW","location":"GLO"}],"processLinks":[{"provider":{"@type":"Process","@id":"95246296-6bc7-3131-b9a2-685f74174cc8","name":"treatment of municipal solid waste, open burning | municipal solid waste | Cutoff, U","category":"D:Electricity, gas, steam and air conditioning supply/E:Water supply; sewerage, waste management and remediation activities/38:Waste collection, treatment and disposal activities; materials recovery/382:Waste treatment and disposal/3821:Treatment and disposal of non-hazardous waste","processType":"UNIT_PROCESS","flowType":"WASTE_FLOW","location":"GLO"},"flow":{"@type":"Flow","@id":"27da8130-82ba-485c-a800-b89efdcb0491","name":"municipal solid waste","category":"E:Water supply; sewerage, waste management and remediation activities/38:Waste collection, treatment and disposal activities; materials recovery/382:Waste treatment and disposal/3821:Treatment and disposal of non-hazardous waste","flowType":"WASTE_FLOW","refUnit":"kg"},"process":{"@type":"Process","@id":"6e55ed06-8e7e-44b6-8a61-d72bee13e427","name":"Distribution of MSW-1","category":"MSW/Permissive_Management","processType":"UNIT_PROCESS","flowType":"WASTE_FLOW"},"exchange":{"@type":"Exchange","internalId":4}},{"provider":{"@type":"Process","@id":"4767e38a-0102-3e9a-b967-cb4565b9854f","name":"treatment of municipal solid waste, open dump, moist infiltration class (300mm) | municipal solid waste | Cutoff, U","category":"D:Electricity, gas, steam and air conditioning supply/E:Water supply; sewerage, waste management and remediation activities/38:Waste collection, treatment and disposal activities; materials recovery/382:Waste treatment and disposal/3821:Treatment and disposal of non-hazardous waste","processType":"UNIT_PROCESS","flowType":"WASTE_FLOW","location":"GLO"},"flow":{"@type":"Flow","@id":"27da8130-82ba-485c-a800-b89efdcb0491","name":"municipal solid waste","category":"E:Water supply; sewerage, waste management and remediation activities/38:Waste collection, treatment and disposal activities; materials recovery/382:Waste treatment and disposal/3821:Treatment and disposal of non-hazardous waste","flowType":"WASTE_FLOW","refUnit":"kg"},"process":{"@type":"Process","@id":"6e55ed06-8e7e-44b6-8a61-d72bee13e427","name":"Distribution of MSW-1","category":"MSW/Permissive_Management","processType":"UNIT_PROCESS","flowType":"WASTE_FLOW"},"exchange":{"@type":"Exchange","internalId":5}}]}